epoch_utc,withheld,dx_m,dy_m,dz_m,position_norm_m,dvx_m_s,dvy_m_s,dvz_m_s,oem_interpolation_error_m
2026-05-03T12:00:51.100Z,0,9.257928577426355,-13.615854541967565,18.250658950705656,24.58022149183605,0.001111353320482067,0.0547232766909822,-0.012512284079946312,0.0013415916499760732
2026-05-03T12:01:51.100Z,0,10.017461289862695,-13.073246793283033,17.44905676991948,23.99435130550221,-0.04516161690615306,0.0005431188505600204,-0.04464445866414479,0.001736757787673903
2026-05-03T12:02:51.100Z,0,6.69423664930946,-9.680212584498804,16.807070325285167,20.51820978831068,-0.059437942781181974,0.048942870312318476,-0.027990576519698607,0.00412750871406492
2026-05-03T12:03:51.100Z,0,5.053847651652177,-7.440763915383286,15.640611319668096,18.04259034017871,-0.036340753604147125,0.025214925635119734,-0.053088464313511,0.0009951838157540194
2026-05-03T12:04:51.100Z,0,6.063268286197854,-7.490936440262885,15.741050461656414,18.456923381183675,-0.009281126038818144,0.03391564418575577,-0.01593099111651952,0.003909121423886167
2026-05-03T12:05:51.100Z,0,4.614064449924626,-5.4211886294979195,15.823917197849369,17.351519598843463,-0.08005175672698428,0.05147238138508703,-0.04634011315207687,0.005299599355313581
2026-05-03T12:06:52.100Z,0,3.741211333363026,-1.7942036961358099,13.368468181397475,13.9975630257966,0.06840766580751279,-0.09673301361493025,0.010163103137728058,0.002027570895314318
2026-05-03T12:07:51.100Z,0,4.780438282978139,-3.965458201491856,14.318283955617517,15.607392618846879,-0.032855393697239776,0.03133485707745853,-0.053726076788329635,0.003319035709232969
2026-05-03T12:08:51.100Z,0,3.500660805912048,-1.118446804866835,13.115588915752596,13.620727658255927,-0.048686915013362864,0.028018074952285144,-0.05788017801844347,9.417172089231775e-06
2026-05-03T12:09:51.100Z,0,4.471735091101436,-0.0854409709063475,12.36790995744741,13.151764581227273,0.03166922481945278,-0.001725709939948139,0.03237591135540896,0.0014180602196879062
2026-05-03T12:10:51.100Z,0,5.882792795091518,1.1023072802345268,12.852110896346858,14.177414676238977,-0.02884641217715256,0.04749826510475064,-0.016710035961153835,0.0030429742704858815
2026-05-03T12:11:51.100Z,0,5.192570424696896,1.5717480946477735,12.270428826013813,13.416281275477811,-0.0051748054259448395,0.035588034039135685,-0.01945284123294755,0.0002529935432506885
2026-05-03T12:12:51.100Z,0,5.27329499800544,2.755292335223203,11.174714126354957,12.659917527151825,-0.05638179982181413,0.008589743459630483,-0.07825477886580501,0.0017570481604325195
2026-05-03T12:13:51.100Z,0,5.314391938100016,3.465900169885572,9.771242231181532,11.650424902113258,0.008682995838782404,-0.01064953798657342,0.022683536895939937,0.0008918931702429586
2026-05-03T12:14:51.100Z,0,4.498686141687358,5.388672355365998,8.296007214084966,10.867368699507963,0.02342278216627136,0.021581787350122283,0.027230894144913975,0.0032024513193778014
2026-05-03T12:15:51.100Z,0,5.0804899519789615,5.752745124482317,8.074927018242306,11.140462331939094,0.010133427306158183,-0.010573910252720253,0.019726173373424416,0.0020143892479898523
2026-05-03T12:16:52.100Z,0,7.249913888699666,7.157476177326316,7.686541755901999,12.762195766707977,0.05534011441721276,0.06805368741202855,0.023701877874149346,0.001428525209848447
2026-05-03T12:17:51.100Z,0,7.023676140306634,7.248521119436191,7.46016468929156,12.550981719936406,-0.0030545817706340017,0.008745476907989769,0.02381879253343655,0.003977045556178859
2026-05-03T12:18:51.100Z,0,6.852046456515382,7.717932182686127,6.685151109195431,12.296676915799818,0.017829114692169412,0.01121863117425903,-0.002384311082348489,0.00033641323072636426
2026-05-03T12:19:51.100Z,0,6.61157278796054,8.159235107541463,4.586502562233363,11.459581930594618,-0.03488308419097308,0.047166227693740126,-0.053068857326366015,0.005292854348102615
2026-05-03T12:20:51.100Z,0,6.45496779475252,9.807689962599397,4.047978167363908,12.419481425454931,0.015438389557864696,0.00907270631689272,-0.03984340569385125,0.002108101217738363
2026-05-03T12:21:52.100Z,0,6.3670342723298745,10.248787190448638,4.616016549334745,12.918373468972769,0.0017083312888743762,0.0008378827844879311,-0.07666745558609911,0.003953083741693362
2026-05-03T12:22:51.100Z,0,8.201323264586335,9.471866011153907,2.0502631641647895,12.695728733153866,-0.005286682858596237,-0.034994180967640176,-0.07739945777562873,0.0021865974399905633
2026-05-03T12:23:51.100Z,0,7.887833982010761,10.946205471213943,0.5227122437645448,13.502243044604818,-0.0056235130676540734,-0.007171271080963493,-0.0618276910938631,0.0019962324836477643
2026-05-03T12:24:51.100Z,0,8.764216773784028,11.462068823220761,3.3741511670086766,14.818077252597677,-0.03357482300891945,0.03588723666014815,-0.1463021126393016,0.0001891340535326992
2026-05-03T12:25:51.100Z,0,8.973589120273573,12.472031866764155,5.63191336550517,16.364453206313634,0.047104230558758786,0.03542136958412101,-0.20236177361898644,0.0004947058354473336
2026-05-03T12:26:51.100Z,0,7.7320618524936435,12.54140628799405,2.3095649303286336,14.913274031503882,0.006985403184778249,-0.014106885198206243,0.05147015563600199,0.0007951064170379804
2026-05-03T12:27:51.100Z,0,6.480870368932301,12.461639871077068,-0.6968456227696151,14.063418604211977,0.011826503616418904,-0.012024327538551205,-0.06045675606958234,0.0017565748198144922
2026-05-03T12:28:51.100Z,0,8.404607278407639,13.86984625527532,-3.2958096171569196,16.54909120410488,0.027212740675963687,0.005211032419794037,0.05562354529287106,0.0018872272775254072
2026-05-03T12:29:51.100Z,0,9.254766270714754,12.90247695050084,-1.937956798428786,15.99625852305286,-0.010286851414242904,-0.020492397168947463,-0.04121349758579029,0.001617200850125287
2026-05-03T12:30:51.100Z,0,8.199653221254266,13.128877647773152,0.11738402554328786,15.479519380409577,0.007451722518148074,0.003419893998213297,0.01026772868018,0.00022397463706484981
2026-05-03T12:31:51.100Z,0,8.415404526658676,12.928433491197211,-3.00210468685691,15.715471944375876,-0.03149857286732782,-0.003805937598411191,0.13099920467052328,0.005071740314836096
2026-05-03T12:32:52.100Z,0,8.02782211030717,13.259059502274795,-2.434508325677598,15.689978250698555,-0.00470551507270045,-0.00878420705907601,-0.010130315505563203,0.0002775958900925388
2026-05-03T12:33:51.100Z,0,7.621924226441479,12.881225253067896,-5.146009721102018,15.827226825428582,-0.012052747343282988,-0.013586673666132754,0.02758511461298241,0.002892690292435558
2026-05-03T12:34:51.100Z,0,6.65502069023205,12.859155452133564,-6.770266762941901,15.983857211916929,0.011687240865754234,0.022125174608422782,-0.018778128162644236,0.0037513257615198283
2026-05-03T12:35:52.100Z,0,9.578601199791592,11.382365428289631,-8.89522032775858,17.332997097073008,0.005161059890568254,-0.038252457071674684,-0.060621817834061176,0.0014487110126128544
2026-05-03T12:36:51.100Z,0,10.382576351730677,12.96417608500633,-11.77102674228081,20.35742674873367,0.003275884284725805,-0.03312997689874919,-0.11627862079333084,0.003846067228955604
2026-05-03T12:37:51.100Z,0,9.317057088992442,12.226538160575728,-12.13488402117946,19.584463188942284,0.052507096683473975,-0.04705408309346737,0.06487296548929322,0.0024889957786769393
2026-05-03T12:38:51.100Z,0,6.413479106413433,12.712059321529523,-10.504735954782518,17.69402848201019,0.021405153296960577,-0.05818280122227293,-0.11014733634606699,0.0023674857317021103
2026-05-03T12:39:51.100Z,0,5.833376493683318,12.521899098373979,-10.222524760138185,17.185058941375626,0.012152630894046723,-0.012833294276592966,-0.05290465384799603,0.002865059757655768
2026-05-03T12:40:51.100Z,0,6.596992642698751,12.464999260828336,-12.883892376976291,19.102125569731246,-0.16916402630240412,0.05856898731471105,0.029596189879299573,6.494998706147478e-05
2026-05-03T12:41:51.100Z,0,1.2606157515619998,13.37545485193914,-10.791304003305413,17.232068554329278,-0.11358641030723149,0.062192151216500235,0.06699505151175345,0.0018979527335375107
2026-05-03T12:42:51.100Z,0,9.011195180391951,8.950920197094092,-15.400512686028378,19.96237465699878,-0.03319692780756611,-0.07427362199363685,-0.022692817005953714,0.005304611131858158
2026-05-03T12:43:51.100Z,0,6.2578915458288975,11.077355623456242,-16.711491503883735,21.003403593043025,0.1531355435173687,-0.0715956125585393,-0.04711369803356291,0.0015112354280624606
2026-05-03T12:44:51.100Z,0,8.718784311895433,8.272176347873028,-16.318313897500047,20.266560385645292,-0.020452809365023583,0.01509342271610592,0.01845678691392294,0.005024282239355661
2026-05-03T12:45:51.100Z,0,9.434011503799411,6.342570390643232,-18.17239809088278,21.435130617460768,0.030452105389655593,-0.03582481519437408,-0.031057408184764768,7.099403096748811e-05
2026-05-03T12:46:51.100Z,0,9.220068090144196,5.955481377441174,-19.908222566073164,22.73355976885821,-0.012123665328364619,-0.045118252032461115,-0.008744253159775894,0.0022801563687874266
2026-05-03T12:47:51.100Z,0,7.029459296063578,6.244407906251581,-20.355792047041632,22.422403929041042,0.12061930130335963,-0.09027028598262987,0.030840771684026436,0.0038597412566075415
2026-05-03T12:48:51.100Z,0,8.772130752731755,3.8858087823427923,-23.833038198503687,25.69170094811339,-0.054376257186183885,0.033281053972711305,-0.017144894280285428,0.0009954788458300613
2026-05-03T12:49:51.100Z,0,12.572554967846372,1.9801619291683892,-22.969848027855733,26.260314128129433,0.04396436483222743,-0.02036830107976506,-0.04170754200938376,0.00391300968146915
2026-05-03T12:50:51.100Z,1,14.429230886889854,0.2576842925918754,-22.655652996263598,26.86164026765552,0.04539149822702093,-0.011464890687928886,-0.016943109167222303,0.005298047928597087
2026-05-03T12:51:51.100Z,1,12.781373638972582,-1.3312119526744937,-24.721508281572824,27.861956303853475,0.017897358490781556,-0.04204864481810455,0.0001440109258510347,0.0017847199675237089
2026-05-03T12:52:51.100Z,1,12.984893765860761,-2.652009718985937,-25.482929791905917,28.723167172850065,0.08299433157032965,-0.06723587584217539,0.002575218202238716,0.003339852705745295
2026-05-03T12:53:52.100Z,1,16.576607480601524,-5.559874623941141,-26.125337454686814,31.43611583069926,0.03455411591080093,-0.06924303487895744,0.028783517495689637,0.00021209482813003668
2026-05-03T12:54:52.100Z,1,16.935722581365553,-6.634952341300959,-27.03970600168759,32.58814190134213,0.0744355124142615,-0.07325474035163593,0.009723110543369273,0.0012264618300886368
2026-05-03T12:55:51.100Z,1,18.497048370591074,-7.477196636500594,-27.175533290574094,33.712888894189746,0.032219769231289774,-0.057518399779077356,-0.00938095401536998,0.00300930262090416
2026-05-03T12:56:52.100Z,1,19.11949201985408,-10.046642903489555,-26.29914635735986,34.03138416011514,0.005196848927191411,-0.07821157783882704,0.008882646421071172,8.40374449005434e-05
2026-05-03T12:57:52.100Z,1,17.010531640153204,-10.92106751184474,-25.16352874408767,32.27740821586285,0.004117358058053355,-0.06924633470029029,-0.00734657380974113,0.001782418073480895
2026-05-03T12:58:52.100Z,1,19.287476483441424,-13.828484301484423,-26.976768754138902,35.93020706299912,0.00887768426238722,-0.037635367098554084,0.00286209066313603,0.0009861375855074132
2026-05-03T12:59:53.100Z,1,19.514528356012306,-15.044834856325906,-24.95808946514444,35.07235524685905,0.08715825635086105,-0.03701118602084108,0.08887771399646027,0.003371366172696505
2026-05-03T13:00:51.100Z,0,21.59587889764225,-16.85171804001584,-24.944510365457973,37.04849502522694,0.002308667496286887,-0.01737625427589151,0.02212972664317192,0.00200108950667554
2026-05-03T13:01:52.100Z,0,22.229987089303904,-18.59822200731287,-24.162485437955183,37.734492051216364,0.020777677509187242,-0.0019399025914523804,0.0053451415782390654,0.0014525636532624288
2026-05-03T13:02:51.100Z,0,22.656646961877414,-21.405344114100444,-21.841435463102243,38.05996205052055,0.004907335858561623,-0.007000588587935397,0.03249963723117588,0.003982345825478954
2026-05-03T13:03:51.100Z,0,22.070101238568895,-22.73842536351367,-19.711526899300225,37.318489377178686,0.010274814966848567,-0.01172291351148047,0.05511213900177836,0.0003285248660191072
2026-05-03T13:04:51.100Z,0,22.696723664921592,-23.786919393842254,-19.578153112888685,38.26568800743917,-0.003035788685323837,-0.004735039932590723,0.02592774834786482,0.005292215646349536
2026-05-03T13:05:52.100Z,0,22.37971636009206,-24.93020644351418,-15.961019998030679,37.109581741808185,-0.0485924328099685,-0.04066276466874186,0.0736892343118356,0.0021097996779940917
2026-05-03T13:06:51.100Z,0,23.050478384902817,-25.863939325518004,-17.255669145015418,38.70434121450959,0.03229666075998949,-0.027324473487855272,0.050232812352835055,0.003784891857592381
2026-05-03T13:07:51.100Z,0,22.577637098493142,-27.283853765766253,-16.59299922448554,39.10864350149144,0.013330634145880538,-0.024508455517935346,0.03203037330123948,0.002229085483597595
2026-05-03T13:08:51.100Z,0,22.47694056848104,-27.747320708613188,-15.053590918796544,38.75225494569493,-0.04212027910366345,-0.009890540829893268,0.07823115032845607,0.0019757787401317103
2026-05-03T13:09:52.100Z,0,23.144854440772633,-29.752504190355467,-14.489760555079556,40.38377091883832,0.0131311851241378,-0.010136525493642523,-0.054199599696547196,0.00041701335141186596
2026-05-03T13:10:51.100Z,0,22.943421198192482,-30.986166888851585,-12.221027201121615,40.446218866440226,0.010692262942590958,-0.03700838206643908,0.018072423475734567,0.0004566309911154538
2026-05-03T13:11:51.100Z,0,21.542289379254953,-31.509789900724172,-9.380917262205912,39.305708236434214,-0.0610804590293057,0.046619689484828086,0.07269616152633107,0.0007945826400226973
2026-05-03T13:12:51.100Z,0,20.17392831203324,-30.819027862889925,-8.883924183464842,37.8909484026224,0.0017428141978470535,0.022595553812010394,-0.006065663924165188,0.0017989649453282435
2026-05-03T13:13:51.100Z,0,20.44093684105519,-31.647438876859724,-6.989462857745821,38.3176836127184,-0.0203021445894791,0.03392800271662111,0.03979468988279944,0.001906657165276108
2026-05-03T13:14:51.100Z,0,21.010829519809704,-33.72942559059311,-3.1904591496640933,39.86612769466756,-0.06186812623720783,-0.001198029930371547,0.06996897834565807,0.0015823804142548411
2026-05-03T13:15:52.100Z,0,19.03622115764847,-31.549398841264065,-3.619512113800738,37.02489907008536,-0.02366091674144144,-0.01877137639016979,0.01787272284858865,0.00010670660632051654
2026-05-03T13:16:51.100Z,0,18.243798366029296,-31.23297795156077,-1.8458849654052756,36.217984232264,-0.007995229160506767,-0.007775582315794338,0.06816578672408369,0.005096670932263003
2026-05-03T13:17:51.100Z,0,17.284058418681525,-31.585878669943668,-0.03627937712735729,36.0056623736601,-0.01636494330270466,-0.007220432414634104,0.00290662120550067,0.00024754867254031244
2026-05-03T13:18:51.100Z,0,16.337691810804245,-31.305690084764137,0.256010298471665,35.31333950026595,-0.014912015362078535,-0.013536857444762518,-0.05838414656533786,0.002917683217639371
2026-05-03T13:19:51.100Z,0,15.008015982857614,-29.74181693207356,0.964937846219982,33.32787606808683,0.009947467327187098,-0.006301385007567717,-0.012511426593864172,0.0037020171588841976
2026-05-03T13:20:51.100Z,0,13.786795060696022,-30.035558971121645,5.964038693491602,33.5824400288428,-0.06351723169739643,0.03032945890879546,0.16284621744011574,0.0015505842525170394
2026-05-03T13:21:51.100Z,0,14.544623149049585,-27.928966679837686,3.025430645720917,31.634261062073506,0.005109347275045195,0.041410324165269685,0.01803643345876793,0.0038372157032627806
2026-05-03T13:22:51.100Z,0,13.391832646902913,-27.835825296278927,3.272408413977246,31.062566030440653,0.02151546377682223,0.01958306266480747,-0.009048370894326752,0.002553995340310623
2026-05-03T13:23:51.100Z,0,14.699764404213056,-25.809976857090078,-12.305054671742255,32.15046421713784,-0.08732249774379142,0.02877133501577589,-0.25852914163149165,0.00233615696125246
2026-05-03T13:24:51.100Z,0,8.436570091362228,-25.1233372337083,3.116057599982014,26.68459487478697,0.010793350659454859,0.09471849152298262,-0.1064625620967874,0.0028277135137478437
2026-05-03T13:25:51.100Z,0,9.496433467575116,-25.36279796868257,5.338183401363494,27.603441296890544,-0.0193718946635002,0.04451929055537818,0.015373886778746737,0.00011074061813427545
2026-05-03T13:26:51.100Z,0,10.607654264276789,-23.7402856960216,4.797234433681297,26.441198008616304,0.014318683359437756,-0.005861935012507757,-0.017126407703571545,0.0018847586844034105
2026-05-03T13:27:52.100Z,0,7.894303665125335,-18.704686405726534,8.73830915770668,22.10301723361412,-0.0652308557032022,0.006924478766823228,-0.10492529920380633,0.005156376719255698
2026-05-03T13:28:52.100Z,0,9.319079820670595,-22.520345758039184,5.170304573766771,24.91471996935099,-0.13105990811657087,0.010610037883829193,-0.002686727181178128,0.0015603635617341717
2026-05-03T13:29:51.100Z,0,10.559237354755169,-19.651871152291278,7.6969452002231264,23.599502086178703,0.1125812788951297,-0.1343775704918393,-0.16526369026426124,0.004970092488180736
2026-05-03T13:30:51.100Z,0,10.1882284579915,-22.305794662315748,4.752681030367967,24.978719975331824,0.01361981866776496,0.04061497212548559,0.018539270747019998,8.010138980418009e-05
2026-05-03T13:31:51.100Z,0,8.817320143862162,-20.368309178593336,4.407043645642261,22.62819451500103,-0.020556026295248664,0.014075756697096153,-0.03445379810873561,0.002318065880371747
2026-05-03T13:32:51.100Z,0,11.166995680468972,-21.194896527958917,2.3002243062819616,24.06691636287682,-0.03831079778127133,0.02856807037376896,-0.08577336741577568,0.003926436108303085
2026-05-03T13:33:51.100Z,0,8.281752428956679,-16.516182392479095,5.293828595767991,19.21968587978319,0.028964174508594454,0.01604977528790741,-0.02391978645288617,0.001006206391994844
2026-05-03T13:34:51.100Z,0,12.074006724105857,-17.357023697513796,5.823071179634098,21.930710612583766,-0.11226039242134833,0.06361396355591964,-0.023817942486736854,0.003969549087885312
2026-05-03T13:35:51.100Z,0,9.334597258202848,-15.77875536349893,3.378416037776333,18.641821845471508,-0.021498606638470363,0.012137077022966736,-0.02792160228892726,0.005243117791363095
2026-05-03T13:36:52.100Z,0,9.511980186289293,-14.827574497758178,2.8692789717652545,17.848459159511307,0.010404782309958449,-0.00046496829209097257,-0.0049134053110577725,0.0020205685127567103
2026-05-03T13:37:51.100Z,0,8.170133485691622,-13.690005278476747,2.1610454043070604,16.08842574455989,0.04124815194739284,0.01758913399152462,0.014607108711039984,0.003381565497329507
2026-05-03T13:38:51.100Z,0,7.048093532830535,-11.184261468770273,1.6942046297572233,13.327927685009318,0.051684653396888436,-0.043167744491312554,-0.09618481503181897,6.031506879661929e-05
2026-05-03T13:39:51.100Z,0,10.533380148444849,-11.076882635279617,0.906487939573708,15.312450706924862,0.03377500955492607,0.0032753096999293962,-0.03168542796050389,0.0013802919348697303
2026-05-03T13:40:51.100Z,0,9.634170213757898,-10.250121000353829,0.3263375019741943,14.070846186166248,0.02393450506055217,0.016837193029917152,0.007276121357868703,0.0029891277436351485
2026-05-03T13:41:51.100Z,0,10.032218003289017,-9.187741642563196,-0.5780014430456504,13.615949479348437,0.005801032569863196,0.10780070450133739,0.01907547417268063,0.0002607952959261682
2026-05-03T13:42:52.100Z,0,10.985465165504138,-10.102557269419776,0.44329046659186133,14.931129050483172,0.013209422934590265,0.06100041155354674,0.001810472544327979,0.0018026662933027526
2026-05-03T13:43:51.100Z,0,10.66043604623701,-8.278837065518019,0.7021984224593325,13.51581009328737,0.04207408334666596,-0.015537577795265989,0.01570738706480057,0.0008577181815906539
2026-05-03T13:44:51.100Z,0,10.248483062241576,-7.41248017311591,-1.4372653672580782,12.729571836075571,0.09002495228527252,-0.08148762361637196,-0.017422540866895986,0.0032019273762880314
2026-05-03T13:45:51.100Z,0,8.62866502302495,-8.941976774622162,-0.8100414356704277,12.45266942647075,0.04605077696462345,-0.00029519749755735347,-0.03480194996452468,0.0020005435281095895
2026-05-03T13:46:52.100Z,0,12.563905043862178,-6.791334039007779,-2.362316094149719,14.475996176748943,0.01757064002738673,0.007774015587713734,-0.012438613698151357,0.0014278790057253273
2026-05-03T13:47:51.100Z,0,13.491052389326796,-5.637272896819923,-1.832204056881892,14.735817316689127,0.03723407864075767,0.01814212515904856,-0.028791098797498194,0.003984342093331788
2026-05-03T13:48:51.100Z,0,13.327547930202854,-5.219224020038382,-2.3994742432478233,14.512798139821614,-0.001504286819553613,-0.008719467397000358,-0.028275683940925944,0.00035763366603299617
2026-05-03T13:49:51.100Z,0,14.227632736492524,-5.361039772651566,-2.6434666897330317,15.432245360549247,0.002180934913553756,0.00039303049392813705,0.03929956960391223,0.005259355480179203
2026-05-03T13:50:51.100Z,1,15.55061150338588,-7.402282186831144,-0.5294304955896223,17.230658616326167,0.0072892148859082795,0.051143984098889206,-0.03229687899697353,0.002115986800979583
2026-05-03T13:52:29.100Z,1,16.33270120441921,-6.353830085572554,-2.2405655108741485,17.667722524357302,-0.006426584877594621,0.1305606650428004,-0.1452761179678852,0.007664326976973769
2026-05-03T13:52:51.100Z,1,17.2862373829048,-5.408210138739378,-3.440360596869141,18.43634510415198,0.017524635712362624,0.030422903188664918,-0.040092145582981686,0.002231764287422365
2026-05-03T13:53:51.100Z,1,17.94572192693522,-4.72753916756119,-2.765910253401671,18.762964093916004,-0.02406038931912491,0.015480820874103074,-0.041321669490557156,0.001991643565047099
2026-05-03T13:54:51.100Z,1,17.2382070702497,-3.8881714826857205,-4.1770805828491575,18.15823952565867,-0.007227836716694469,0.012966498445621255,0.025786537599881143,0.00021367782096312702
2026-05-03T13:55:51.100Z,1,17.69950004597831,-3.9368632960758987,-2.4627950942885946,18.29853967304571,-0.013574239479119399,0.012506130688372252,-0.028594024715111743,0.0004755399648833772
2026-05-03T13:56:51.100Z,1,17.582477926112006,-3.470233681582613,-2.797029410430696,18.138616963534474,0.02008230627126295,0.003324363071044445,-0.018783005967470956,0.0007798596409965658
2026-05-03T13:57:51.100Z,1,17.79715338295773,-3.711725893708717,-2.867555685043044,18.404848634351065,-0.01965871936526753,0.009009323526321111,-0.01075764170233029,0.0017782976599506385
2026-05-03T13:58:51.100Z,1,17.929955023092248,-4.314973579084835,-2.053788059129147,18.5558704864561,-0.02421500197691273,-0.01608233629291078,0.045580988785154375,0.0018782404554781263
2026-05-03T13:59:51.100Z,1,19.706897554044644,-2.3716436382983375,-4.699394524322997,20.397813942869682,0.040628565122879934,-0.007070876463011189,-0.05463410491046705,0.0015856434353994605
2026-05-03T14:00:51.100Z,0,18.82579963273656,-2.830622941701222,-2.420980563329067,19.190734872277467,-0.0017006414632092515,0.018864263800821846,0.034408621928494476,0.00022277247979405365
2026-05-03T14:01:51.100Z,0,18.393407543385365,-2.3522123025259134,-2.9469160581356846,18.775906317057448,-0.013014019333290605,-0.022625108282881,0.007160096732905519,0.005097447117509188
2026-05-03T14:02:51.100Z,0,18.582989936476224,-2.0600760436049192,-1.4861568070045905,18.755801511522176,-0.022390855568765744,0.029754450280528033,-0.0028819806775493007,0.00027738406147088116
2026-05-03T14:03:51.100Z,0,17.842363514319004,-2.5275395594235306,-1.6316747742166626,18.094218816250894,-0.023014411593358375,-0.03941213996672133,-0.03795445809995357,0.0028951023248119235
2026-05-03T14:04:51.100Z,0,17.900411840173547,-1.9479386228340445,-2.8366761243887595,18.22816338419291,0.04895227003931524,0.013182399404954026,0.05765229634868696,0.003728093845854472
2026-05-03T14:05:51.100Z,0,18.97228002690099,-0.6823675282703334,0.06634925102844136,18.98466320707049,-0.06256160568707259,0.017412225615132115,0.09528157214733213,0.0015970699246699075
2026-05-03T14:06:51.100Z,0,18.345499571751134,-1.2656695489567937,-1.21504933849792,18.42920559436195,0.013891436553947756,-0.011141877858555915,0.03838575376313713,0.0038345607210235524
2026-05-03T14:07:51.100Z,0,16.93839893096083,-0.889384967422302,-1.0601832264001132,16.994833110042357,-0.062748106067545,-0.0042498256718204175,0.07066277779976815,0.002492454730445703
2026-05-03T14:08:51.100Z,0,16.65262550659463,-0.5625272119686997,0.30835885263513774,16.664976996956515,-0.04168366648382715,-0.013977131729348002,0.06682665196899862,0.0023844889751394034
2026-05-03T14:09:51.100Z,0,15.9073433355843,-0.04764412233271287,-1.9543498137863935,16.027018598391845,-0.006664293977109992,-0.004903064721339945,0.0369953610652729,0.002841012211004125
2026-05-03T14:10:51.100Z,0,15.9336081096626,0.6215007183527632,-3.172287213601521,16.25821443765577,0.04328152355048687,0.009281713983178008,0.03501919901260919,6.21209457755178e-05
2026-05-03T14:11:51.100Z,0,16.30268585995509,-0.6171449681460217,-3.898742527780996,16.773748163663832,-0.021094208639826917,-0.03579121549890374,-0.092051275230709,0.0018540943321091255
2026-05-03T14:12:52.100Z,0,15.77883640447908,0.14362768479259103,-3.4351422254985664,16.14907146868068,-0.022763417151239196,-0.007726783346484467,-0.012159568581360247,0.005138146170510568
2026-05-03T14:13:51.100Z,0,14.681258762720972,0.03612153841459076,-4.094365640412434,15.241538426973134,-0.03852554560035415,0.05523982749533474,0.007273267141449935,0.0015290239878347042
2026-05-03T14:14:51.100Z,0,14.133328345906193,-0.13198255555835203,-4.420819704137102,14.809187566664622,-0.03188897619432751,-0.0037131294963188566,-0.05165013185592926,0.0049709132098911596
2026-05-03T14:15:51.100Z,0,13.108438271046907,0.12228732975927414,-5.927490645717626,14.386843067606488,-0.001428552560245322,0.00337205379619121,-0.00809560575998347,7.243127987015138e-05
2026-05-03T14:16:51.100Z,0,11.66662718378575,1.5859966770221945,-7.397842186946946,13.905166102134345,0.0491853147546184,-0.04057064758233864,-0.01720762029577827,0.0023026782344230806
2026-05-03T14:17:52.100Z,0,12.910856233702361,-1.3475907944666687,-9.415736788923823,16.03628101883214,-0.008360567932852447,-0.015532648562910367,-0.05896687892548158,0.004097982396090497
2026-05-03T14:18:51.100Z,0,12.75562755199644,-1.224891690981167,-10.85505678656773,16.79400642311106,-0.0633156037854743,0.06553654318564028,0.0024383932961669075,0.001007492276773463
2026-05-03T14:19:51.100Z,0,11.831242832613498,-0.3651005745268776,-9.97866431634975,15.481774669984702,-0.018399441602701128,0.043520489994453015,0.0040706697621573085,0.0039388432636021115
2026-05-03T14:20:52.100Z,0,10.515059096633195,0.8191760134650394,-10.230277845494129,14.693403347854199,-0.014422944100637991,-0.028856948472100186,-0.046272990336326814,0.005287742850551234
2026-05-03T14:21:51.100Z,0,9.683417674295924,-1.0171976873607491,-13.06373518127657,16.29307969281934,0.03453669419231642,-0.020003265688295357,-0.028424860516906847,0.0017861156795027345
2026-05-03T14:22:51.100Z,0,7.523552659222332,0.428189881858998,-15.275102422492637,17.03279029427235,0.008039645076118873,0.025170210491420875,-0.0018456618189333085,0.0033607026971755522
2026-05-03T14:23:51.100Z,0,9.376199906000693,-2.8661021087827976,-16.674412577799558,19.34331152594965,0.011550845165020363,-0.07949716681832086,-0.0063073129705770725,4.748055938440098e-05
2026-05-03T14:24:51.100Z,0,8.660504189720086,-2.4810823542793514,-17.796314964868998,19.946652069901248,0.08698234327653154,-0.11607430730209423,-0.01081122156509906,0.001394534053196161
2026-05-03T14:25:51.100Z,0,10.186255748976691,-5.286310853080067,-17.82571809417277,21.200497970374926,0.01652476349356391,-0.07234555164126188,-0.019486778433552843,0.0029877023597999056
2026-05-03T14:26:51.100Z,0,8.287776689485327,-5.258601284367614,-19.075427140478496,21.45255347305846,0.02453742925512259,-0.042588797389053745,0.022816845777207106,0.0002445102303054353
2026-05-03T14:27:51.100Z,0,9.596050600976014,-8.758425931773672,-20.681435759343003,24.42367697556388,-0.001404910113800284,-0.061046489488431055,-0.00946743762320068,0.0018003244222926337
2026-05-03T14:28:51.100Z,0,9.683559486347804,-9.742930583342968,-21.86557716640891,25.822460872226316,0.038303686225482636,0.005093584999227296,0.012527005077700437,0.0008319305008278305
2026-05-03T14:29:51.100Z,0,9.314796222042787,-10.381474085988884,-22.873894682561513,26.79095912439786,0.06206822426380043,-0.09873832776241542,0.008189201764707832,0.003220411785603383
2026-05-03T14:30:51.100Z,0,11.402551143874007,-14.100830304414558,-23.284593809421494,29.513113978912973,-0.01552017319728094,-0.009035084744812849,-0.016775664285262337,0.001975826150777447
2026-05-03T14:31:51.100Z,0,11.41186049881071,-16.073374452389544,-22.89639028685997,30.21305371026339,0.015459425008135241,-0.08344427075335226,0.0011163217985554752,0.0016413960377887522
2026-05-03T14:32:52.100Z,0,10.062567958811997,-17.341233311526594,-23.50266737084894,30.892539879965792,-0.0050059406464519896,0.007570580242699521,0.010860609579665947,0.003973688025683778
2026-05-03T14:33:51.100Z,0,10.333401304706058,-18.912016585090896,-23.399385142056417,31.81155102891314,0.03558043174445302,-0.035713372678269906,-0.022167714055498777,0.0003066069804259887
2026-05-03T14:34:51.100Z,0,10.204125595464575,-22.207253339729505,-22.8031496294534,33.425587699937054,-0.0009340860112061478,-0.013747493342819439,0.0077764886263764765,0.005303464871482117
2026-05-03T14:35:51.100Z,0,10.577925539564603,-22.230090291486704,-23.826093022762507,34.26006613854616,0.015031533302067857,-0.05435232196138173,0.05633043440500529,0.0021421607641672912
2026-05-03T14:36:52.100Z,0,11.753788689020439,-25.942031667000265,-23.159680791650317,36.70846455422681,0.002803330696909967,-0.033381526103326564,0.05705514192388961,0.0039484881987107475
2026-05-03T14:37:51.100Z,0,12.983984995798892,-28.814114874876395,-20.71817794603703,37.789945485503935,-0.038760092960110626,-0.02508449519478262,0.07087425829066518,0.002218535383843704
2026-05-03T14:38:51.100Z,0,11.888654593349202,-30.35190663376852,-19.667974032927305,38.07108544426948,-0.020902116972365548,-0.03774111456777973,-0.02983294152603122,0.001967918058686072
2026-05-03T14:39:51.100Z,0,12.666414664408876,-32.16451217758731,-20.788681232261297,40.33811065790622,-0.03893796836784702,-0.00517682746359327,-0.006597259973872838,0.00018292478123739856
2026-05-03T14:40:51.100Z,0,10.56178241424277,-32.696227549422474,-17.285889583035896,38.46292399709531,-0.024418701047856928,-0.029352863744058766,0.057474754976638565,0.0004729608700005091
2026-05-03T14:41:51.100Z,0,11.879570794349092,-33.10313261908959,-17.880469047668157,39.45443910157138,0.007732274830640762,-0.02276197792028256,0.04905922122988571,0.000794601598292403
2026-05-03T14:42:51.100Z,0,12.65097208147381,-35.11025332454665,-16.640107872262888,40.86159777983007,-0.00046166291767235634,-0.03758870948100679,-0.0914629582267068,0.0017850931542627642
2026-05-03T14:43:51.100Z,0,12.586876896932608,-36.860195136341645,-14.276256117227604,41.48391187234394,0.03153247271292514,-0.07990325732265546,0.06554255939761333,0.001894719773729062
2026-05-03T14:44:52.100Z,0,12.672213097943086,-38.01947183364973,-9.836634104431141,41.26529527113339,-0.016278939200642384,-0.06774169428869214,0.057287038106590416,0.0018050633998386025
2026-05-03T14:45:51.100Z,0,13.729638832860047,-40.290804904316246,-9.798718405363616,43.6791348896251,-0.02489130403038331,-0.011252128626182412,0.19241747643317098,0.00020407158135971021
2026-05-03T14:46:51.100Z,0,10.092351574257918,-38.19824215270273,-8.788167235252331,40.4745987899782,-0.019143890950701348,0.018084100714688134,0.03723430961066754,0.005099131347028528
2026-05-03T14:47:51.100Z,0,11.42605677375741,-40.112414824534426,-7.035617040855868,42.297287189585084,-0.0059370458607155285,-0.02169943239671568,0.054926215952155744,0.0002563011560351026
2026-05-03T14:48:51.100Z,0,11.556422225339702,-39.986590729881755,-7.48763000319741,42.29116853332588,-0.010644554123473426,-0.005791532663224075,0.04058997220579563,0.0029125786808322698
2026-05-03T14:49:51.100Z,0,11.10185626225757,-40.949535054892294,-4.856316526456794,42.70479415574811,-0.026503579200642946,0.015738685094746074,0.03619783936978371,0.003712522601574082
2026-05-03T14:50:51.100Z,1,10.640448967706106,-41.11757123990856,-1.6368871329177637,42.50356712546872,0.005236285486542869,0.004983976896966169,-0.04550969776395686,0.001568491674401901
2026-05-03T14:51:51.100Z,1,10.791368460331796,-42.05775165826253,1.405993573825981,43.44289269517361,0.030869274047162776,-0.006811056996625098,0.09034187183099007,0.0038327073821620298
2026-05-03T14:52:52.100Z,1,8.540396553826213,-40.580717934744825,2.923745412772405,41.57260310149744,-0.024555303744122625,0.010090485675462446,-0.04008706821023722,0.0024480494453413427
2026-05-03T14:53:51.100Z,1,7.953117048600689,-40.51577236054982,3.8305228499666555,41.46628493203547,0.014428153261025756,0.004992598793940317,0.016653789332021773,0.0023493435533572
2026-05-03T15:00:51.100Z,0,4.074217748438969,-34.038682419577526,13.835645436302002,36.96831394264033,0.01739218779306384,0.14746854838953993,0.17593026451567795,6.609281483838782e-05
2026-05-03T15:01:51.100Z,0,1.6990596745927178,-31.373559915664373,14.64860052055883,34.66653375765345,0.1583331561230139,0.005634700865897457,0.010953598194696212,0.0023036248997041243
2026-05-03T15:02:51.100Z,0,4.646866462280741,-30.94381627306575,14.721890586770314,34.581023638816056,-0.04768626695572653,0.025125522109092913,0.0821522574288025,0.0038880558986789334
2026-05-03T15:03:52.100Z,0,3.1374512473121285,-29.82713550409244,15.671683885102539,33.83937482435712,-0.07715390904761144,-0.030885594009433248,0.07188418928727458,0.0009054114767273499
2026-05-03T15:04:51.100Z,0,2.2558475848200032,-26.177395665399672,16.605581181011075,31.081991868411087,-0.0119787948867911,0.01759478719698393,-0.0016372625220029136,0.003933287709742874
2026-05-03T15:05:51.100Z,0,1.2422145109667326,-25.497446306872007,16.36441191067206,30.32254676383933,-0.019223282984426326,-0.006891991851887269,-0.04357459008463849,0.0052914580440351095
2026-05-03T15:08:20.100Z,0,0.8044135838645161,-23.618249361788912,14.277981398208794,27.610315770326576,-0.12598593461454755,0.25124040216306653,0.011139955097050347,0.00010575010380480306
2026-05-03T15:08:51.100Z,0,3.549158888290549,-22.322747477119265,15.581586771986622,27.45336828286312,-0.07586895210509592,0.07054956039231897,-0.02074376259120214,6.5333247406855175e-06
2026-05-03T15:09:51.100Z,0,3.131014345399308,-22.3585315325181,15.566799541375076,27.42320971518574,0.026522957601526898,-0.007459619387084615,-0.058166019849537065,0.0014069273394896398
2026-05-03T15:10:51.100Z,0,1.470033846089791,-20.51565599413152,15.280904608744095,25.62341089784361,-0.08429754309835502,0.0425570133852915,-0.005638410208064215,0.0030456995039238014
2026-05-03T15:11:51.100Z,0,2.9160638000576,-20.891426268462965,15.306536738307841,26.062332714816577,-0.020068199322986757,0.06380161292485198,-0.05456814816806599,0.0002560516588490602
2026-05-03T15:12:51.100Z,0,1.478489325108967,-16.223718976107193,15.162697712980844,22.255390134423532,0.004390744214877174,0.014952275792734504,0.007726468937541142,0.0017433714194514216
2026-05-03T15:13:51.100Z,0,1.8889910729740222,-15.122189568501199,14.063048297913383,20.736880962403834,-0.017538317918175395,0.06891812642817463,-0.012060496890065053,0.0009219128091072119
2026-05-03T15:14:51.100Z,0,2.67701871234749,-14.3301566986338,13.4882820312896,19.86085527738591,-0.0033304352700103124,0.04602078634098443,0.024612186206418585,0.003203276181991572
2026-05-03T15:15:52.100Z,0,3.254740488500829,-13.060880553894094,13.934751939132184,19.374138641388,-0.005363432163285609,0.02760848622868073,-0.02834185994515792,0.0020594690492112743
2026-05-03T15:16:51.100Z,0,3.5083493371530494,-12.1858528791563,13.655260899440691,18.635173079307258,0.013271086078736616,0.05807530975343589,-0.02656438455606036,0.0015515426404664927
2026-05-03T15:17:51.100Z,0,2.5347160981255,-9.733931258779194,11.991040030125077,15.651173900151939,-0.02608706968088015,0.06068488773958158,-0.03304880261723042,0.0039787775533595615
2026-05-03T15:18:51.100Z,0,2.960485319590589,-10.5622979990585,11.082248887760215,15.593038599281705,0.0532403498372247,-0.05326932846938526,0.0017319330209986106,0.00040060943379341743
2026-05-03T15:19:51.100Z,0,4.055167143405924,-9.147034043053281,9.581827133843035,13.853664625960354,-0.008733676856831352,0.03796049169979554,-0.0013718290885478268,0.005242771545568217
2026-05-03T15:20:52.100Z,0,5.551972167040731,-10.183959815549315,9.117651996803033,14.753610080354045,0.01445564455559989,0.008283542849873982,-0.09623784083068188,0.002080229488798636
2026-05-03T15:21:51.100Z,0,6.257039691263344,-9.680053946794942,9.58251157317136,14.989280108159573,-0.003145393917769468,0.010661247596743806,-0.040220768435794696,0.003839455604234731
2026-05-03T15:22:51.100Z,0,5.791308459720312,-8.910410380849498,9.34179053092521,14.149336279644444,0.007603908212860944,0.05688286534022424,-0.04871428400932132,0.0022334948021022266
2026-05-03T15:23:51.100Z,0,7.1375753691427235,-7.252717631672567,7.621387104336463,12.713474607246956,-0.004969524643350098,-0.01737878860552655,-0.03895830737032924,0.0020168149049700503
2026-05-03T15:24:51.100Z,0,6.149448097175991,-6.787066856304591,6.766269189029117,11.386939323198945,0.020746810993621523,-0.03382445278177215,-0.038424211941112674,0.00023915834717506948
2026-05-03T15:25:51.100Z,0,4.636284849311778,-6.190497430907271,4.152924073423492,8.778620279158213,-0.002441615593262725,0.051848591029468594,-0.04968669649585422,0.0004755927975337508
2026-05-03T15:26:51.100Z,0,7.991684553758205,-8.80041726577474,6.994950725129456,13.7928859092473,0.10535028169567084,0.005735011425755943,-0.04872995781024514,0.0007696492494413254
2026-05-03T15:27:51.100Z,0,8.15962957881311,-7.667519960705249,5.768794120740495,12.595610458359902,-0.003616814761464582,0.02023383115101751,-0.025572303909981997,0.0017930632493555543
2026-05-03T15:28:51.100Z,0,7.803169757039541,-8.506207717346115,4.613039283867693,12.430814913847028,-0.028986592463198235,-0.024858154934470633,-0.06284086721208837,0.0018913482848325787
2026-05-03T15:29:52.100Z,0,9.003350793364007,-7.566033047169185,4.609756439094781,12.631509648771216,0.0015437119675887345,0.004705306317021041,-0.025442691280908036,0.001813893368618644
2026-05-03T15:30:51.100Z,0,8.94691808784387,-7.028211186025146,3.573133235477144,11.925199237934272,-0.01629872420938483,0.02293452179902289,-0.05092459909183944,0.00021761669059678384
2026-05-03T15:31:51.100Z,0,7.829310428498104,-6.908223720074602,0.23625633639312582,10.444016172377198,0.12726001652607621,-0.07922836542473277,0.12755864959190788,0.005088314616281721
2026-05-03T15:32:51.100Z,0,9.199431308218209,-7.934916410704318,2.447359773213975,12.39282069179717,-0.01182342513583734,0.01690202961857068,-0.0589597554334631,0.00028567392429191223
2026-05-03T15:33:51.100Z,0,10.368590750488238,-9.06603206476575,3.7137030321900966,14.26506928695998,0.009024396594004003,-0.022264299243346386,0.05459234466820284,0.002892011274586162
2026-05-03T15:34:51.100Z,0,11.114534705143342,-8.468389812605892,3.7237365804685396,14.460730336010093,0.010101719746913318,0.03861674441818508,-0.028151653372665564,0.00372421893068748
2026-05-03T15:35:51.100Z,0,10.236009378559174,-7.44094233323267,3.759621034078009,13.201449205459499,0.0001647389171743896,-0.015555881343942701,-0.02841939907882729,0.001588166235318921
2026-05-03T15:36:51.100Z,0,9.426668802348104,-6.006373301943313,2.6119038911929238,11.478704059617932,-0.006275219914808616,0.00762383666863542,-0.15120984993954867,0.003835645684853642
2026-05-03T15:37:51.100Z,0,9.816424706627913,-8.793973270911692,4.956996232976962,14.080766014821494,-0.04283081851230719,0.03215335827899679,0.06751107477991417,0.00251360862034858
2026-05-03T15:38:51.100Z,0,10.3250045860932,-7.760414139767136,2.204309204898891,13.103004479673556,0.009487345715486484,0.02492223639372071,-0.1203705038612668,0.002342461388786606
2026-05-03T15:39:52.100Z,0,10.298382828977992,-8.03789833673818,0.9804671835809131,13.100603591514638,-0.014902634714264451,-0.01446491423173768,-0.041242478883596334,0.0029625923140634215
2026-05-03T15:40:51.100Z,0,11.249888779047978,-7.057694837158124,3.4118397252314026,13.711736004826856,0.01255612786876803,-0.01839670233305668,-0.002167576239830993,7.775056340738155e-05
2026-05-03T15:41:51.100Z,0,10.396032578910308,-6.599821178269849,2.755404615527368,12.618533494910304,0.023425957411671305,-0.017533613175579887,-0.07687193052707819,0.0019075032197220115
2026-05-03T15:42:51.100Z,0,10.416680645676024,-6.523022882220175,2.0745465326399426,12.464381513418862,0.05694954489721127,-0.008737825324622861,0.06272919292360513,0.00528628072583392
2026-05-03T15:43:51.100Z,0,9.725644489435581,-7.0156245487851265,3.1948684618328116,12.410251126903885,-0.02149886381452859,-0.005833348556194551,-0.02926211609466378,0.0015222395006661152
2026-05-03T15:44:51.100Z,0,9.977178187682512,-5.653473180245783,1.9505922728058067,11.632310767996863,-0.012109619797140425,0.052055740629164404,0.047355537373228174,0.005010749260892519
2026-05-03T15:45:52.100Z,0,10.471487690210779,-5.413963348019024,1.6102731142382254,11.897732266376131,-0.022825975479867644,0.006925798014201234,-0.06805129703479906,3.761622121500062e-05
2026-05-03T15:46:51.100Z,0,9.939253011680194,-6.173737814151536,1.6876474837772548,11.821672599830285,-0.002269578204816547,0.00035808702758544086,-0.0006840532442708991,0.002305672306161124
2026-05-03T15:47:51.100Z,0,9.804012381209759,-4.696726331530954,3.1879335056146374,11.328760613607779,-0.005192989864788444,-0.014300465798200435,-0.0254856035244444,0.0038805838737295244
2026-05-03T15:48:51.100Z,0,9.907588801070233,-5.771789029495267,0.6603228848689469,11.485203122469182,0.0021781939323339827,0.004010226833273123,-0.05572533509834443,0.0009910133812763866
2026-05-03T15:49:51.100Z,0,9.734394169754523,-4.5189882248450886,-0.38218245026655495,10.738982626568085,-0.01528010348172959,-0.007051222111975619,0.02530115348520212,0.003940107945896828
2026-05-03T15:50:51.100Z,1,8.746993090881006,-4.22354372767586,-1.8100037195836194,9.880502174303526,0.019249857656753605,0.05062205532180286,0.04251005568622901,0.005262284125097316
2026-05-03T15:51:51.100Z,1,9.778516104688606,-5.900721089346916,-1.8230768582725432,11.565530502968151,-0.04290542899937355,0.07831960077364641,0.07574382753894326,0.00178695528053463
2026-05-03T15:52:53.100Z,1,10.95125734514113,-6.850971691164887,-4.125880844185303,13.560558369516555,0.14370048846495953,-0.04867500861926999,-0.06091420574083628,0.0035055336334744785
2026-05-03T15:53:51.100Z,1,10.332026352898538,-2.4273218050439027,-1.514830042651738,10.720884747088354,-0.08494357810273634,-0.17084388260091288,-0.12706073741419743,5.117501301141605e-05
2026-05-03T15:54:51.100Z,1,9.244941889164693,-4.468389754038071,-3.7447231893565913,10.92970307432592,-0.013601526437923006,0.02802515112598769,-0.020269121245419797,0.001401321305847854
2026-05-03T15:55:51.100Z,1,8.60534467801699,-5.076352150354069,-4.851636559578765,11.106740542937022,-0.0001575146731935817,0.031857381469713175,-0.015262146908057161,0.0029856386654080486
2026-05-03T15:56:51.100Z,1,8.673731252429207,-3.9834832214182825,-7.133853455798089,11.916107482877555,0.02881623699402258,-0.017384885719451404,0.020291496499957873,0.00023219096797561306
2026-05-03T15:57:51.100Z,1,7.203930952300652,-3.8424080394179327,-7.486698003049241,11.077516314398297,-0.03310602243500327,-0.03499825460240302,-0.02462745004283562,0.0017894706078710385
2026-05-03T15:58:51.100Z,1,7.430815895077103,-3.447599327955686,-7.799163972322276,11.31061115324105,-0.010408988130317098,-0.05163074831737724,-0.01166212837588887,0.0008323405668241207
2026-05-03T15:59:51.100Z,1,6.4483079693218315,-1.8809499651979422,-8.157803850281198,10.567327575998593,-0.026073428042838742,0.006660415126980013,-0.002929860309031085,0.0032283878016778514
2026-05-03T16:00:51.100Z,0,4.65168055416143,-3.5001521619051346,-9.804560113025218,11.402569716707626,-0.024002523431487788,-0.011971533593335693,0.0009665867750641155,0.0019841274408733595
2026-05-03T16:01:51.100Z,0,3.1007766438051476,-1.3553796907217475,-13.47657936222646,13.89496531867484,0.0653467818494402,-0.024281102760037587,0.04974056171302976,0.0016428942899498911
2026-05-03T16:02:51.100Z,0,5.354708197273794,-7.500280721615127,-12.714236589999928,15.702831682453827,0.06248385766460807,-0.06436617717722748,0.031091806807381772,0.003979728985011377
2026-05-03T16:03:51.100Z,0,5.918561405565015,-8.708817883416486,-14.541162091973092,17.953224585655743,0.02665823137926182,-0.03829139537636639,0.006122350824533385,0.00032357205247615206
2026-05-03T16:04:51.100Z,0,5.1695321297984265,-10.031946855633578,-14.744821138265252,18.568084730383703,0.02741822067853228,-0.027389544907219232,-0.006022908457303799,0.00529616551490443
2026-05-03T16:05:51.100Z,0,4.9833086269472915,-10.676966760911455,-15.556353950387347,19.5148951397323,0.04873417753614717,-0.04539705637007785,0.01394541650867609,0.002129188626403274
2026-05-03T16:06:52.100Z,0,3.9756878255730044,-12.020663954899646,-16.2766833468595,20.621175436355863,-0.015357107598257258,-0.028388869438344955,0.03937484193272667,0.0039744366472370144
2026-05-03T16:07:51.100Z,0,3.3540676735128727,-12.499613032559864,-18.45363181337234,22.539445934311523,-0.01449039955936371,-0.042663713264889935,0.028878459330528017,0.002238889545290196
2026-05-03T16:08:51.100Z,0,4.291967398501129,-16.315745665451686,-17.713701489356026,24.46221088175629,0.01350386643794721,-0.02415281278445036,0.04018090933843865,0.0019760179176205937
2026-05-03T16:09:51.100Z,0,1.7708222036389998,-17.38460180877155,-18.531937521402142,25.47141338095702,0.020692922718446027,-0.04233308594292495,0.029761587642340714,0.0002126400215734992
2026-05-03T16:10:51.100Z,0,3.521242308579531,-17.709091684082523,-20.83618676306287,27.570958534229593,0.042469982336701406,-0.2534365314197373,0.13912401729765378,0.00044834115805123816
2026-05-03T16:11:51.100Z,0,3.324177432432407,-22.215506535758323,-17.80725031676411,28.66490973449087,0.03208820739075691,-0.07290036009255374,0.023016878354376047,0.0007901338714024203
2026-05-03T16:12:51.100Z,0,1.46330059251909,-23.379245731121046,-17.441947699808225,29.205340592827433,0.032827616785580105,-0.08039275993532158,0.018336560859033568,0.0018144660401530578
2026-05-03T16:13:51.100Z,0,0.4230396566171635,-18.35288567963289,-18.247427818096185,25.88389455428559,0.003609723109976315,0.06691156159455147,0.003455859960865837,0.0019106216597470386
2026-05-03T16:14:51.100Z,0,-0.7776309674056847,-23.532587606496236,-17.242021514903172,29.18346612894487,0.0017355830197463007,-0.04691876894380442,0.029673693446419236,0.0015664525137090292
2026-05-03T16:15:52.100Z,0,-1.0913328655419718,-26.416414940285904,-17.571064726325858,31.745240609223696,0.006440475470936846,-0.06805549298150027,-0.01812546068702403,0.00012801786965841371
2026-05-03T16:16:51.100Z,0,-1.980904876177192,-28.300887793193397,-15.752447544400638,32.45002061094075,0.024346639632355505,-0.032508095849870244,0.13761018462687957,0.005109025360315452
2026-05-03T16:17:51.100Z,0,-1.8214466970789545,-29.497799007458525,-15.394443482364295,33.32306565258409,-0.013279194874593614,-0.029250956007587092,0.11759854146564663,0.00021348696913873615
2026-05-03T16:18:51.100Z,0,-3.9845602998411778,-30.37809280158399,-13.44502619940613,33.458541100105315,-0.015663943130350688,-0.011106013537265369,0.06899251388237104,0.002941840988037222
2026-05-03T16:19:51.100Z,0,-3.469722931299657,-30.426456773511745,-13.3489219342664,33.406615599571055,-0.004622051777758429,-0.02611839707267194,0.03172934432260632,0.003691469105589272
2026-05-03T16:20:51.100Z,0,-4.066697351959192,-31.471545948079438,-12.573159538078471,34.13327661512268,-0.024766904413997537,-0.051983176743597426,-0.033457713355389274,0.0015195481986031091
2026-05-03T16:21:52.100Z,0,-5.097586570514068,-33.2627208795202,-9.494543245637033,34.9648443525211,-0.005954811443498187,-0.006244873429039899,0.05428236371729511,0.003641149095221618
2026-05-03T16:22:51.100Z,0,-4.0909526414907305,-32.73428296552083,-10.598992044833722,34.64978798128721,-0.00490242308370803,-0.017511340898224148,0.010142463694018389,0.0025746825756571214
2026-05-03T16:23:51.100Z,0,-4.621159651378548,-33.280780296308876,-9.276246516492392,34.85705384982281,0.03779263582581738,0.008870733973154188,0.02158982964139966,0.0023120461520798425
2026-05-03T16:24:51.100Z,0,-5.608479822399204,-32.92918633121644,-6.488129278295673,34.027667858466415,-0.05209718602650071,0.029840993644114633,-0.029213371554592804,0.0028241276189122848
2026-05-03T16:25:51.100Z,0,-6.904769790821774,-33.96537243904163,-5.067054260507575,35.02852280165382,-0.031164579349596266,-7.302191029623373e-05,0.030280200536803026,0.00013478494915792464
2026-05-03T16:26:51.100Z,0,-6.9874429992751175,-33.71308923840388,-3.8941995744607993,34.64912027729467,-0.0664057757560621,-0.02598654979379944,-0.012393249363307213,0.0018949133469622775
2026-05-03T16:27:51.100Z,0,-6.8584755694018895,-33.85781465601667,-4.543712981103454,34.84301404976194,0.0026829235624248327,-0.014377481527994007,-0.014676033753713291,0.005372140074148322
2026-05-03T16:28:51.100Z,0,-6.4692652136955076,-33.44494872362702,-2.4182066927096457,34.15060337885463,-0.01086394577398675,0.005634155161082788,0.06498495036444396,0.0014803168400443513
2026-05-03T16:29:51.100Z,0,-8.67552518127468,-31.772906675769264,3.5954515033154166,33.13170094200971,-0.007871823275270445,-0.012982522425097898,0.03866293333576465,0.004967744797068425
2026-05-03T16:30:52.100Z,0,-7.950241958724291,-33.17966717213494,1.2245477537362603,34.14082860823811,-0.003996313986065481,-0.029767386992674005,0.06302146552439325,8.35221851409563e-05
2026-05-03T16:31:51.100Z,0,-7.542374876038593,-32.35960060646903,3.2977469363686396,33.390212713267005,-0.07018175883366506,0.18754144065802336,0.03254168401101154,0.0023073655912860943
2026-05-03T16:33:18.100Z,0,-10.905006700113518,-24.81980067977929,1.6160760205821134,27.15793399023191,-0.09425782438654551,0.22205940542008307,0.18356357980575666,0.004025567799239348
2026-05-03T16:44:26.100Z,0,-4.775640516641033,-22.557769948434725,8.357028006685141,24.52548968920311,0.006962243713770633,0.12341591177111866,0.09071383614589479,0.00021563967214972257
2026-05-03T16:47:50.100Z,0,8.233050920800622,-37.858150345527974,8.821354149858962,39.73460663057242,-0.09227432246183831,0.1590580583483714,-0.030983734474077096,0.003992033592288476
2026-05-03T16:47:51.100Z,0,8.276623100847758,-37.74821546176099,8.71704617065916,39.61586998214758,-0.1387112404205304,0.11539483374067849,0.01714896249449538,0.003979473476086951
2026-05-03T16:48:51.100Z,0,-5.546652817088216,-15.432766977028223,11.246863736005253,19.885361398195293,0.0339203054902093,0.04148512799395654,-0.030742630885427502,0.00031116360850116486
2026-05-03T16:49:51.100Z,0,-4.7227539357379555,-13.235306696515181,10.808052879156094,17.728275582441242,0.011446707163687009,0.054237104487486754,-0.003270608448957546,0.005302055235255786
2026-05-03T16:50:51.100Z,1,-4.358724015105508,-11.693381728036911,11.145079535481273,16.731600315858863,0.03627478163137354,0.0861451650150391,0.02028946403331844,0.002123945546533501
2026-05-03T16:51:51.100Z,1,-4.181955838816975,-9.782688664927264,8.999158768006055,13.934655025672217,-0.02966889662925354,0.005098570107220368,-0.009531879715751757,0.003783240709478932
2026-05-03T16:52:51.100Z,1,-3.028705139001886,-10.223023760772776,9.572820979656171,14.329067350699644,-0.00818995200457806,-0.0008264427340254343,0.020896256165414684,0.0022219278104665015
2026-05-03T16:53:51.100Z,1,-2.0086562368533123,-8.90798869477294,8.72729473826439,12.631414644155639,0.022626782653301092,0.04934974843018303,0.01920518934905857,0.001984066980976946
2026-05-03T16:54:51.100Z,1,-0.8204239010183301,-8.466595212667016,8.215348077555973,11.82574623048883,0.018866809796458384,0.019892643820629274,-0.010401943121074453,0.00020669635761555382
2026-05-03T16:55:51.100Z,1,-1.6678787708315213,-6.928354864612629,8.10962756668232,10.795831602729164,0.008475153229214882,-0.019088714408255214,-0.010597508050658178,0.00046410460080614015
2026-05-03T16:56:51.100Z,1,-0.6763743737110417,-7.488836961783818,8.989555703465157,11.719738609683043,0.046735978645351395,0.003976016124340731,-0.07066353979467976,0.000791211600531225
2026-05-03T16:57:51.100Z,1,-0.06197607365265867,-7.362085453678446,6.875017080346879,10.073232009441186,-0.0003902857586002284,0.011422797757454362,-0.08081379267110833,0.0017888256493314644
2026-05-03T16:58:52.100Z,1,-0.09705070647214598,-6.889854817018204,6.039165093625343,9.1624796462136,-0.005016510411071096,0.01142618065408385,-0.021687164132977443,0.0019141043667516408
2026-05-03T16:59:51.100Z,1,2.3531527635896055,-4.921926365568652,5.341449301795365,7.635035541536099,-0.015487395173097163,-0.029443845764198784,0.023680872034859135,0.0015963738913915854
2026-05-03T17:00:51.100Z,0,1.9260992030467605,-6.0018311014573555,6.7745213709713425,9.253430418830932,0.006267891762279376,0.06412519479681578,-0.03198083193911572,0.00021214846845454496
2026-05-03T17:01:51.100Z,0,1.4222965119188302,-5.602106993137568,7.330166939937044,9.334767136770115,-0.017421496986469442,0.04475493364886063,-0.03362376820881252,0.005089010860526082
2026-05-03T17:02:51.100Z,0,3.5710348133761727,-4.589115314047376,5.062555702352256,7.709846901423405,-0.009513941462202524,0.06880184450785976,-0.09739094500815781,0.000280488102787631
2026-05-03T17:03:51.100Z,0,2.774630955173052,-5.288816856591438,5.447476764857129,8.083635554849597,0.00456281685951021,0.022316690039048126,-0.04422749451293839,0.0028935636402335255
2026-05-03T17:04:51.100Z,0,3.4959879526468285,-4.545237105048727,3.541541474078258,6.739705343617026,-0.0005971811104510394,0.0010081735384304125,-0.03171431978277184,0.0037220328951136847
2026-05-03T17:05:51.100Z,0,4.838987089215152,-7.474190147149784,3.451871774814208,9.549593350248,0.03768331410862469,-9.096033526390102e-05,-0.08946342525328888,0.0015957567181019159
2026-05-03T17:40:51.100Z,0,1.8364141208166984,-5.529521358766942,-18.790612834891363,19.673209041510713,-0.04277282110520808,-0.026838180078980756,-0.016325398860317364,0.00048676732387109594
2026-05-03T17:41:51.100Z,0,0.8548760154099,-6.166970536469307,-19.59069049462414,20.55620326460021,-0.040408861496477044,-0.12754618677845997,0.017903100375527004,0.0007935002567178334
2026-05-03T17:46:51.100Z,0,-3.668766378723376,-12.377829485558323,-21.628152064749884,25.188240733547723,-0.006415596790237954,-0.03878996370954013,0.02442467873020604,0.005099985992146093
2026-05-03T17:47:53.100Z,0,-3.564614412425726,-13.182252988372056,-23.053962214817147,26.794839868171145,-0.016864824096050196,-0.0395028755493243,-0.02194357610552089,0.00022141068802045003
2026-05-03T17:48:51.100Z,0,-5.129563147420413,-15.70700201591535,-20.573341176714166,26.38720708193319,-0.02132170808100131,-0.045782424109575004,0.07166358104182535,0.0028963529612003433
2026-05-03T17:49:52.100Z,0,-5.655360430409928,-16.78105611608771,-22.01656873785396,28.254490704271763,-0.010288519166068433,-0.047607854638975766,-0.0014268858272714624,0.003923164540631819
2026-05-03T17:50:51.100Z,1,-6.326798989903182,-16.833458859764505,-20.448867156119377,27.23141367264362,-0.020125596766340514,-0.04566928081750632,0.006221180213650257,0.0015773332018682686
2026-05-03T17:51:51.100Z,1,-8.099918606149004,-16.59372381709545,-19.62337512486556,26.945077525133826,-0.025745524495857097,-0.03568808064891016,0.04227660386835197,0.003827338236618697
2026-05-03T17:52:51.100Z,1,-8.133764865760895,-19.251568829531607,-19.772307835410174,28.7702135971894,-0.029182427626284202,-0.00017725541923141463,0.013294569148669666,0.002555933734070454
2026-05-03T17:53:51.100Z,1,-8.328298905325937,-19.44246264611138,-18.131637827536906,27.859041740714215,-0.020952755281911095,0.004424323098994876,0.009328794769558613,0.0023318712274357158
2026-05-03T17:54:51.100Z,1,-9.859311851187158,-21.415710973087698,-16.970548897006665,29.0488938950777,-0.022593117430025345,-0.00980063042987922,0.02430207892345493,0.0028278852300873255
2026-05-03T17:55:51.100Z,1,-10.582269895166974,-23.96063424521344,-14.806573257374112,30.088719500720508,-0.03884215110994127,-0.03748625851951459,0.23516891176056376,0.00013236467975959534
2026-05-03T17:56:52.100Z,1,-11.479585487222721,-22.29725752113154,-14.367086093443504,28.902625118465092,0.014326371688300199,-0.039321118882718054,0.034254531229294116,0.0017221901194228865
2026-05-03T17:57:51.100Z,1,-12.361438500420263,-23.31865799442312,-13.490601681951375,29.640534850127366,-0.018007161876054667,-0.019730551334973256,0.13068977620322997,0.00536590496373553
2026-05-03T17:58:51.100Z,1,-13.044133905623312,-20.846268474997487,-11.817685367532249,27.283218764022173,0.019335415519794452,0.02867417236984693,0.027280281026387243,0.0014517347921008553
2026-05-03T17:59:52.100Z,1,-12.910922732771724,-22.132760080694425,-9.933104645824642,27.4812219980496,-0.003988246764397019,0.01994841032004757,0.016573413451625996,0.005099622432447367
2026-05-03T18:00:51.100Z,0,-12.794630753433012,-22.56077374852339,-10.16992232598568,27.858901779598884,0.004861027311786614,0.03545362616552694,-0.05498510853663152,0.00012845768493280511
2026-05-03T18:01:51.100Z,0,-13.713913112042064,-22.255345796821757,-10.792340884108853,28.28155673119071,-0.015438760573971422,-0.01847891695838655,-0.0012659255335112363,0.0022499393414391745
2026-05-03T18:02:52.100Z,0,-14.007898139084318,-22.880341751601918,-10.242393554108276,28.716508747796947,-0.010084515982722309,0.04445893492377451,-0.004233728734162612,0.004099900115166107
2026-05-03T18:03:52.100Z,0,-14.256409425229322,-21.197629201196833,-8.079726145297172,26.79303394605021,0.014088519108668152,0.0956805111664849,0.16948666999172524,0.0009617092939570183
2026-05-03T18:04:51.100Z,0,-13.843170553627715,-20.869143693289516,-6.593257532585994,25.896439414695468,0.051651325220447575,0.005860129252077684,0.08644125515577805,0.0039138563844470795
2026-05-03T18:05:51.100Z,0,-13.83432591745759,-19.689158794790274,-8.146836016749148,25.405166496614562,-0.009909797229479267,-0.02163146683464845,-0.018930012197326818,0.005238601272964265
2026-05-03T18:06:51.100Z,0,-1.8922766406319624,-25.339538813796025,19.432547883297957,31.989011479213055,0.02872384861385413,0.07249486656846216,-0.03826385102589924,0.001819217406303663
2026-05-03T18:07:51.100Z,0,-14.499122783319107,-19.31685058525545,-4.95365543065418,24.655708875319256,-0.014520099227866012,0.04462856282927419,0.052107594914030386,0.003364122339876906
2026-05-03T18:19:05.100Z,0,-8.661192949148244,-13.03472176005016,-5.5174227336465265,16.59404074618536,0.02808269955734133,0.034873444638261475,-0.021064033407292015,0.00013290871666163685
2026-05-03T18:19:51.100Z,0,-8.539799467143894,-12.855977020990395,-3.5777807220256364,15.843132108208984,0.09141619455288463,0.12608790534995862,0.10056491572374426,0.005316404114398751
2026-05-03T18:20:51.100Z,0,-8.018344865377003,-11.224202168705233,-4.833546360714536,14.616420188447709,0.004773983783845637,0.07783516313475403,0.003993065675444996,0.002125291892119902
2026-05-03T18:31:04.100Z,0,-1.9652436249089078,-14.519137149363814,-12.417045277516081,19.20548201663176,-0.02948067204183724,-0.03536172148921324,-0.02220415131315434,0.0020313054861340325
2026-05-03T18:33:09.100Z,0,-11.009297262717155,-20.92357851233828,-7.021695361345337,24.66383931443753,-0.6615437985897643,0.48616135549695016,-0.08202867622486565,0.0003874827635685654
2026-05-03T18:33:51.100Z,0,-4.452554813269671,-15.590514329232974,-10.17696145663649,19.14314305188817,0.02733465827353676,-0.07555687686533474,0.0012190298974701363,0.0029285079373268233
2026-05-03T18:35:31.100Z,0,-5.190357860556105,-19.567132210795535,-7.263933187005023,21.507608026478948,0.10196608938228824,-0.3140949863675857,-0.631600824703149,0.003835362100718591
2026-05-03T18:35:51.100Z,0,-10.334503976537235,-31.336626860138495,0.6028179668646771,33.002265754244696,0.0006435357119416452,-0.05568469125183384,-0.030578409605297452,0.0015605852170326273
2026-05-03T18:36:51.100Z,0,-6.02662253231756,-22.453065014815365,-8.935302974350634,24.905821547381304,0.04680196796247316,0.056696750720064415,-0.04146210437117048,0.0038488681964076203
2026-05-03T18:37:51.100Z,0,-3.4022251138594584,-20.745159697980853,-5.194853267312283,21.65463661872464,-0.019335333354408846,-0.0014206499265867478,0.05284948076056395,0.0025301886252459046
2026-05-03T18:38:51.100Z,0,-4.00115202228335,-21.29680253665356,-8.98558030348795,23.458552154407702,0.02929713325272587,0.022685169227543156,-0.043003891982529296,0.0023340459455730004
2026-05-03T18:39:51.100Z,0,-3.4643074463929224,-21.064002537059423,-8.388924173232226,22.93616527993769,-0.004918484679539148,0.04661754254531303,-0.042283750001814724,0.0028464200021476233
2026-05-03T18:40:51.100Z,0,-5.099087135931768,-22.3253038088842,-8.10064203960792,24.290744764882515,-0.002874017272613827,0.042901980980225574,0.028294876513790257,9.736151414369813e-05
2026-05-03T18:41:51.100Z,0,-7.090289935604233,-21.951149330561748,-6.965332355321152,24.096494000655692,0.030795413223927426,0.008834143010005846,-0.0013393347080281615,0.0018975566907822484
2026-05-03T18:42:51.100Z,0,-4.044164767947223,-24.531531394586636,-7.270554830938636,25.903904508463206,-0.0343682779764265,0.21576079306306895,-0.18858542893562813,0.005329709514237136
2026-05-03T18:43:51.100Z,0,-4.136142021252454,-24.663126274845126,-7.133073084332864,26.004964912403945,-0.11484817598894637,-0.4249060990471065,0.5154380378358248,0.0014849477139116608
2026-05-03T18:44:51.100Z,0,-4.370318317796773,-24.893327564541323,-5.965985237708082,25.968643000568466,0.029775649791563552,0.012838936820358526,-0.023879889487599115,0.0050062614051079495
2026-05-03T18:45:51.100Z,0,-3.366303596749276,-24.251700527656794,-6.435747382056434,25.315920341837906,0.08952870016143422,0.013387543580378747,-0.03180867371321838,8.952097667619868e-05
2026-05-03T18:46:51.100Z,0,-7.511904523198609,-24.937692256798982,-3.554237248863501,26.285924124551386,0.03835133950813585,0.007990736539120746,-0.08374922208043145,0.002266909152322333
2026-05-03T18:47:51.100Z,0,-7.60225502835965,-22.50267806800821,0.20826396757911425,23.753066657356666,-0.02918896807369009,-0.021308137820419404,-0.3309420001318397,0.003863262315407629
2026-05-03T18:48:52.100Z,0,-6.673870226222789,-25.14329868211007,-7.822703674719378,27.164695934185037,0.034965235803596784,0.08587658092640282,-0.050676394645510214,0.0009209724700322086
2026-05-03T18:49:51.100Z,0,-6.902613789407042,-25.921932544230806,0.7058313203742728,26.834508786377768,-0.07488591582394122,-0.03211617917564524,0.001694107171434922,0.003894396800431436
2026-05-03T18:50:51.100Z,1,-9.541616754972893,-26.15054604211764,-0.1074471674655797,27.837116472319657,-0.015353208199009316,-0.004598897595187168,-0.006930964781215465,0.005296484777317451
2026-05-03T18:51:51.100Z,1,-6.080084256950613,-25.10834058762157,-2.1970171947032213,25.927265112029172,0.012249035518330231,0.026721549851949078,-0.04376739800060481,0.001781823777489875
2026-05-03T18:52:51.100Z,1,-5.804431821047729,-22.958458164566764,2.6380926410638494,23.827332264485445,0.027931598783226264,-0.03660000593974644,-0.17253361875824158,0.003310727230730546
2026-05-03T18:54:02.100Z,1,-6.24628675065253,-22.634610966179025,2.388506496572518,23.601836264278642,0.018971922531640928,-0.013421006141989267,0.039642202486867006,0.0022060382162771676
2026-05-03T18:54:51.100Z,1,-5.797346374322387,-23.61464678642733,3.3173411547977594,24.541098593357763,-0.009293424629852609,-0.025503157634609863,0.010988691696578456,0.001400022098602226
2026-05-03T18:55:52.100Z,1,-8.27331758910077,-24.469444462738466,11.933592035347829,28.453683682632086,-0.04692403578854254,0.017106859872662028,0.05653113177706004,0.0030868363132896233
2026-05-03T18:56:51.100Z,1,-6.14677765088345,-20.77985281493966,7.190010965132387,22.83158812213202,0.014810006918608565,0.015158670806592056,-0.048853102700086026,0.00027232489669152903
2026-05-03T18:57:51.100Z,1,-5.071229910186048,-20.271434651931486,5.367477901017992,21.57448156196136,-0.03602900535781828,0.06867401150945085,0.02625495551367152,0.001781048173965441
2026-05-03T18:58:51.100Z,1,-5.814558022393612,-18.226981240331952,6.305188249825733,20.144163646002664,-0.035147752993403,0.06890380052038125,0.07614589348348133,0.0008882571179154051
2026-05-03T18:59:51.100Z,1,-5.871290582945221,-17.867811649011855,5.43313599882822,19.57676462073619,-0.019511042363085096,0.0051230234925370155,0.005390069467203773,0.0031802062504282364
2026-05-03T19:00:51.100Z,0,-5.459774988139543,-19.372872741769243,3.239887103518413,20.38661839622856,-0.05263431141955266,-0.06005306210887795,-0.007975457050335422,0.0019909172171236693
2026-05-03T19:01:51.100Z,0,-1.5283199866189534,-16.666975408952567,7.913274273960269,18.51333954204508,-0.031145702981127954,0.0035024195481625497,-0.07838598915910211,0.0015993895898805707
2026-05-03T19:02:51.100Z,0,-4.7385257657879265,-11.825148012576392,16.435613423709583,20.794642111996016,-0.022228460164974706,-0.04055139289027565,-0.16167422872470638,0.003997767461620685
2026-05-03T19:03:52.100Z,0,-14.124605074357532,-3.477380288131826,28.6155671456072,32.10058138476013,-0.0866397043872702,0.030390703170457556,0.012142597577202707,0.00031517967810439193
2026-05-03T19:04:51.100Z,0,-4.373890367787681,-10.478486385181895,11.741546133634984,16.33381460290727,-0.048016691212460216,0.013004825316631496,0.08955368798257979,0.005275854973748253
2026-05-03T19:05:51.100Z,0,-1.2573976418934762,-8.771141044235264,4.758538633723219,10.057716141169635,0.12342689919808691,0.18565013890547988,0.019004693935009698,0.002129247375782804
2026-05-03T19:07:51.100Z,0,-3.9629298080399167,-10.673138589481823,2.508300152840093,11.658141776049687,-0.09246750766678247,-0.09546906718860271,-0.06639411722364486,0.0022222014078260594
2026-05-03T19:09:25.100Z,0,95.55255866825973,-30.07549217727501,40.98908931746337,108.23554010042884,-0.07370588955835089,0.009402225064292224,-0.07150492802487918,0.0033243350822274795
2026-05-03T19:09:56.100Z,0,-4.565131234812725,-10.095412707414653,0.7698102253925754,11.106322015285302,-0.006038462623259022,0.06594801529935523,0.06788082515640781,0.0012064129185678078
2026-05-03T19:11:43.100Z,0,-20.762622987604118,84.71199781433825,-9.408985872369158,87.72535609599015,-0.22791820605760904,0.27590398730492627,0.009631108010665912,0.0004628944654135948
2026-05-03T19:11:51.100Z,0,-9.303278956849681,49.02850082817167,-2.2340711975630256,49.95333789570796,0.26614354792409145,-0.7729588132722176,0.15426750386815513,0.0007849140988937761
2026-05-03T19:12:51.100Z,0,0.3385528243597946,16.036832914323895,3.2195903711453866,16.360329767299813,-0.14372929274908408,0.08048675679782347,0.0032017445752430262,0.0017952687382993568
2026-05-03T19:13:57.100Z,0,15.9554513375042,2.8135065113019664,-10.196733078032594,19.143291559636424,0.03948742464010557,0.015284200859277952,1.0883270133241751,0.0018927457639750333
2026-05-03T19:14:51.100Z,0,6.387016948792734,7.7629425322811585,1.1292305427730298,10.115948985754965,0.11588731465006497,0.28692737209701225,0.0920723231327969,0.00158006382006707
2026-05-03T19:15:51.100Z,0,6.163804850075394,18.48650011834252,-7.289550344012241,20.8057857595713,0.035376808387832526,0.2172959655966089,0.0023595111597884966,0.00020000015625652517
2026-05-03T19:16:51.100Z,0,52.46116735634132,31.507008096014033,-32.834953392580246,69.44782072783323,0.06928050654020357,0.10294808525057597,0.03386949957295826,0.005100068259045965
2026-05-03T19:17:52.100Z,0,-2.4679264633959974,6.44427488441579,-3.6951872980353073,7.827755041019353,-0.03171986541661287,-0.10125224839763192,0.016757207952800002,0.0002225910946438698
2026-05-03T19:18:51.100Z,0,-0.5247252420303994,-1.8568147643236443,-11.811422611799571,11.96799071536924,-0.00554229110429072,-0.04304417722211795,-0.03366604288501662,0.0029267464544373433
2026-05-03T19:19:51.100Z,0,17.630677961278707,23.948166336595023,-24.34079816225676,38.42954503289447,0.023881704074468768,-0.05982345814725676,-0.008498694720415756,0.0037195950839940847
2026-05-03T19:21:44.100Z,0,44.23481238245586,-5.595555729996704,-46.124735514240456,64.1523194958468,-0.027709369863848643,-0.07330704367403129,-0.09686347063819767,0.005084132802156822
2026-05-03T19:21:51.100Z,0,36.90825613193738,-7.318805089198577,-46.675265374688024,59.95302057804863,0.040987941554382346,0.13240383731183414,-0.1020587975366638,0.003855327017813819
2026-05-03T19:22:51.100Z,0,-4.566588688248885,-0.5022714285587426,-14.836675211881811,15.531675382213514,-0.022704510217685936,0.016908332124643266,-0.03591635328881182,0.002540822417671156
2026-05-03T19:23:52.100Z,0,-6.295747698459309,-4.046767009640462,-13.750762807831052,15.655549818201845,-0.009535672265581496,0.06625772611101866,-0.12376940717473417,0.0025100815868118543
2026-05-03T19:24:53.100Z,0,-9.803735953028081,9.994516537062736,-21.428525733426795,25.596587947506798,-0.059702229291414,0.0772362907106583,0.07141061305571128,0.003049153448063875
2026-05-03T19:26:37.100Z,0,-7.971143584654783,-6.229597610854398,-13.142250471901207,16.58510668963373,0.06910394005288367,0.053308252514483456,0.055388392167010636,0.0037196286308962554
2026-05-03T19:26:51.100Z,0,17.847331507709896,-14.132732547750493,-28.3423124365072,36.353102281111184,-0.1117376386261526,0.10196103988757699,-0.1575156887607676,0.001899589981802174
2026-05-03T19:27:51.100Z,0,-12.618701090104878,-7.1873925485306245,-11.455370440671686,18.49637101652922,-0.018095067647827534,-0.020483856935982203,0.02278017821666367,0.005345312795468741
2026-05-03T19:28:51.100Z,0,-11.571062915663788,-7.457792221885029,-15.172661529504694,20.48701588108845,0.05196866314260973,-0.016007666998163472,0.028509175264090914,0.001488059119020707
2026-05-03T19:29:51.100Z,0,35.98731561942259,-79.71366229548948,-8.914297911360336,87.91370512783409,-0.06743462594727134,0.2591528316946423,-0.04286056314928288,0.004993106730835246
2026-05-03T19:30:51.100Z,0,-13.477927516305499,-7.135272923733282,-13.92490139551228,20.651138678186392,-0.053873835359929956,0.014255352841274771,0.11459445618378084,0.00010495366020389242
2026-05-03T19:31:51.100Z,0,-14.456885054642044,-7.28175025597011,-10.501485482564021,19.29524836880718,0.027786951386943315,-0.04419497570573583,-0.04197245265569194,0.00227125738284152
2026-05-03T19:32:51.100Z,0,-11.501506599415734,-9.702063103986802,-26.729008568509016,30.673352956362205,-0.007932120953846322,0.00734477427499769,0.006620017318770266,0.00391048940993319
2026-05-03T19:35:57.100Z,0,-15.366611280569487,-6.6485977501997695,-10.522775904064474,19.775373751695483,2230.3026480219787,406.3776770634151,-1180.3847807707634,0.005369503022770467
2026-05-03T19:36:52.100Z,0,-16.19668306307176,-7.321970227764041,-11.38863069627405,21.11029842039127,0.12743517641933266,-0.019967804750109508,0.18099508743230075,0.0020738719969390176
2026-05-03T19:37:51.100Z,0,-18.367600003330153,-7.79632414793241,-18.170693945648964,26.98750671270712,0.013829590791658575,-0.010792239051760077,-0.10101213060897951,0.0033270709107423298
2026-05-03T19:38:51.100Z,0,-17.21736589865941,-8.116818522239555,-10.036146560196357,21.51847274294884,-0.03646168932469607,-0.033597867498791345,-0.005820025045844002,5.367996438470021e-05
2026-05-03T19:40:08.100Z,0,-13.249023191349352,-3.01196388045355,-9.750655052812363,16.72375005496689,0.024476987169563813,0.020404280752117643,0.04933074708862728,9.960488945271533e-05
2026-05-03T19:40:52.100Z,0,-17.056416540498276,-4.720089061947874,-9.303123379140743,19.99371627695107,0.08205959710050337,0.0038732674170205428,-0.09618114664389221,0.0030607104871932787
2026-05-03T19:43:38.100Z,0,-14.80336388658543,-6.839671091483979,-10.161618405618356,19.214035797295296,0.20526514517538175,-0.20707880280923519,-0.1858449236524784,0.001203770278477021
2026-05-03T19:59:02.100Z,1,-7.79542447617132,-26.446483930158138,-23.66021527495832,36.33167959080855,-0.12964755915323423,-0.17630701881121702,-0.07394260625748217,0.0015990129596002566
2026-05-03T20:01:14.100Z,0,-13.431608966129716,-10.549396008173062,-12.803170719053014,21.34523497217799,-0.09907675219422707,-0.1032135274137147,-0.05830107869186918,0.0015014463029515287
2026-05-03T20:01:51.100Z,0,-13.392019935963617,-10.66906216328789,-11.464788078683341,20.606223601098478,0.022608882077390646,0.08939080315262249,-0.027389966208879457,0.005129376958292666
2026-05-03T20:02:51.100Z,0,-22.2632035956849,-18.205304203547712,-13.485529574211341,31.763860649857374,0.13908059772727022,0.012965034550505017,0.02395874172211876,0.00029411621325196445
2026-05-03T20:06:15.100Z,0,-25.524543672872824,-23.10781448341004,-17.39403907868109,38.574940251136766,0.02265295851937299,0.03342757572277755,-0.016195520910144978,0.0034584296888134263
2026-05-03T20:07:26.100Z,0,-17.239525727745786,-29.73481047183668,-1.1294460603039624,34.389472946190864,-0.1442002920563068,-0.13215262573940123,-0.15726657186299065,0.003361055311584887
2026-05-03T20:07:54.100Z,0,-23.73267854363803,-27.677499162109598,-6.684926068601271,37.06713136009987,0.06777431533122602,-0.03066586812083827,-0.13574598702081886,0.0022627297946423153
2026-05-03T20:09:08.100Z,0,-11.908665973351162,-13.838290338298975,-14.177187773384503,23.11508723569335,-0.0008001271578628177,-0.017946403196855698,0.00380133847777131,0.0034339023012349415
2026-05-03T20:10:09.100Z,0,-12.609566921128135,-14.52371061895974,-14.968903494718688,24.37226743485091,0.01232254157934598,-0.042036266953537904,0.010685871744797737,0.004234915877350136
2026-05-03T20:10:51.100Z,0,-9.90561925482325,-13.816538362789288,-15.48034780580565,22.992589965914345,0.07913803659209684,-0.07027924251667983,-0.004842978776231632,9.999824643556766e-05
2026-05-03T20:11:58.100Z,0,-14.754520000678895,-12.97183884844344,-15.177214480900147,24.82563801717219,-0.26745285474349956,0.27972417094623836,0.11064372940694511,0.0004430055361540851
2026-05-03T20:15:51.100Z,0,-16.789881221484393,-17.839728145190747,-14.48548223652324,28.460239059967424,0.05524220877628494,0.02186727925845844,0.015456166537752836,9.48962222776465e-05
2026-05-03T20:16:51.100Z,0,-20.062029742803134,-14.111535245319828,-11.882090888320818,27.25444089060236,0.0018196676307979942,-0.05821026046159972,0.29209564924315146,0.002264542374409491
2026-05-03T20:17:51.100Z,0,-20.194397961859067,-19.38895740886437,-9.34790719384182,29.51489026490483,-0.07974533930887873,-0.11052102064201819,0.021502597764566644,0.0038742620304080743
2026-05-03T20:18:52.100Z,0,-19.477406081932713,-20.929625783765005,-10.648783449141774,30.50926370916981,-0.028643714217402305,0.05462488911955887,0.0036920386659033966,0.0009358805974530547
2026-05-03T20:19:52.100Z,0,-24.675169530837593,-26.03995703475448,-7.248707934195409,36.59900436436356,0.0016057695058080412,0.05021432142715554,-0.0005881970870369457,0.0036728521223936793
2026-05-03T20:20:51.100Z,0,-19.969284512171726,-20.95878768568582,-9.245588177691388,30.389537770969532,-0.0002057909167518801,0.006753317797425495,0.04049922569882014,0.0052795786440228264
2026-05-03T20:21:51.100Z,0,-19.004978308657883,-20.821376887283805,-7.83997421785898,29.26062425396229,0.04498503951300137,-0.04879942884183919,-0.15447569677062845,0.0018032746632242692
2026-05-03T20:22:51.100Z,0,-18.74634533714925,-20.468511505555398,-6.921122573658067,28.605722581894526,0.13497795800265777,-0.10788795773475357,-0.006311071973463811,0.0033092153034317597
2026-05-03T20:23:52.100Z,0,-23.12299950790475,-16.986104036874394,-4.191310151327343,28.995998299398206,-0.02427459271725496,0.05179288615320132,0.015110000358919962,0.00019995750924383426
2026-05-03T20:24:51.100Z,0,-20.850196230639995,-18.759456505460292,-4.026847317618376,28.334844106785926,-0.06663921536098627,0.11106937766847125,-0.08344704106422185,0.0014206637464366427
2026-05-03T20:25:51.100Z,0,-20.031337134696514,-20.349458201451398,-6.106583648943342,29.20009041694959,0.0034756100175670213,0.023158425701552687,-0.05189795608451231,0.0030380070648851447
2026-05-03T20:26:51.100Z,0,-19.77450171750661,-19.635839383454368,-2.93917624912865,28.022060300626208,-0.0022333666782614614,0.07469050097341778,-0.013713438764162422,0.00025596183498977055
2026-05-03T20:27:51.100Z,0,-21.086569098827113,-17.979827429940087,-3.971989903220674,27.994540442045544,0.03985484336865852,0.03606926329968729,-0.008674494756277795,0.0017657025182361982
2026-05-03T20:28:51.100Z,0,-23.69176396402395,-17.616839175616406,-16.835181290844048,33.98640950971641,0.06939002629913205,-0.009580624991123443,0.151043041654364,0.0008923322126343243
2026-05-03T20:30:14.100Z,0,-24.091664946524816,-13.53803251708996,-10.645912423569825,29.614558846278904,0.05593965625116937,-0.16651219917562798,0.37755621690127583,0.0027379336840035796
2026-05-03T20:30:51.100Z,0,-21.652850030818627,-17.971114939427935,0.9073688806893188,28.153689010658898,0.027005943723956705,0.05138858809994318,0.02390539436292194,0.002004741522886427
2026-05-03T20:31:53.100Z,0,-11.575101183325387,-24.045220357265862,6.946032483938325,27.575404923620248,-0.1727350671121286,0.0934105226697568,-0.028928422635132733,0.0012392790662794854
2026-05-03T20:32:58.100Z,0,-19.193187481960194,-16.545330126291447,0.07209226623672293,25.340315546584893,0.001385140202536661,0.024686708597787543,0.008540197108164449,0.0037263695334452617
2026-05-03T20:33:52.100Z,0,-17.390458595855307,-14.781567824229569,3.1393169210787164,23.03862209958373,-0.03893014441036513,0.031903894084805984,-0.03513719599013143,0.00032937859680954836
2026-05-03T20:35:09.100Z,0,-78.83472849061945,24.679591550011537,-111.2520459400912,138.5677248897493,-0.011655484562389518,0.08325817491350307,0.004575545933249714,0.003975184081432658
2026-05-03T20:35:51.100Z,0,-11.22711772677576,-16.07146852165897,15.336364856921136,24.890648041346036,0.007712789076741444,0.06805708603963012,0.043983563992266994,0.0021433898343058426
2026-05-03T20:36:52.100Z,0,-6.728197736720176,-9.354000212169922,12.49418377301481,16.99619348288163,-1.3857185294030572,-0.3994436810255131,0.7195330771487818,0.003976734104469946
2026-05-03T20:37:51.100Z,0,-15.224090806441382,-12.08898540608061,2.4124768997353385,19.589194823242725,-0.03669728313315801,0.05693104373349911,-0.054665433586009726,0.002244433132909357
2026-05-03T20:38:51.100Z,0,-12.15579728159355,-10.146862159217562,7.264559370923962,17.421137795305953,0.0064955766276852955,0.010823936339665607,-0.0026151478218494617,0.0019763042306536437
2026-05-03T20:39:51.100Z,0,-10.166237083012675,-5.160077490927506,15.284192407307273,19.06791319688623,0.02555646659452293,-0.018077721426035254,0.043164963880570895,0.00021439216533321607
2026-05-03T20:40:51.100Z,0,-11.581700150600227,-5.575004832280683,8.862207557285728,15.612660889380084,-0.04087481856185349,0.040350537729105795,0.03039681492378321,0.0004532392975325152
2026-05-03T20:41:51.100Z,0,-9.359868245155667,-9.457048439344362,2.985920971696032,13.636664650859213,-0.03915419723377056,-0.0315884769752639,-0.10277967158422996,0.0007906828158010538
2026-05-03T20:42:51.100Z,0,-10.721528297835903,-8.086125648333109,2.5295512500633777,13.665109826438416,0.034465322047871894,0.06970166779818321,-0.06142347998672193,0.0017975274208311476
2026-05-03T20:43:51.100Z,0,-11.515110913023818,0.5889271133128204,9.155435554930591,14.72299611779214,-0.06644985638626366,0.06978230510790162,-0.04486131697145623,0.0019005325021844454
2026-05-03T20:45:51.100Z,0,-7.664645095246669,-4.606927521308535,3.293528434369364,9.529842347629804,0.007153317896690936,-0.020965798277899905,0.024162741610211924,0.0002020217457511656
2026-05-03T20:49:37.100Z,0,32.72334423945722,0.8979280842140724,-12.61789763861998,35.08325631803767,-0.07348067544143966,-0.005211395588289314,0.04785666881801376,0.0010732753057126664
2026-05-03T20:49:51.100Z,0,0.4431328352438868,-3.322926885630295,-5.253993359701781,6.23238766611211,-0.05052444958009161,0.0040443872819651006,0.04118986043977202,0.003716871041962418
2026-05-03T20:50:51.100Z,1,-8.03579561670631,-4.167838746525376,-4.736492826395988,10.21661662709408,-0.035576141623527846,-0.054226032069726315,-0.004833050514463366,0.0015648928251446178
2026-05-03T20:52:56.100Z,1,14.914008911546262,23.75237054502577,-12.709146547990713,30.791641305721157,-0.05690642577399485,0.13985544516037507,0.09540937791108206,0.0020944675433384147
2026-05-03T20:53:52.100Z,1,20.01357861172437,1.8163313925469993,-10.00414394593463,22.448280216225996,-1.9736833291061628,-0.11418143499764,0.14520157029362935,0.002516863127266734
2026-05-03T20:54:51.100Z,1,18.48519966006279,5.7680996651470196,-0.0993612425190804,19.364489481418545,-0.1493427015966109,-0.13465167472115347,0.02942805523087344,0.002868428055667751
2026-05-03T20:55:51.100Z,1,6.260994410695275,14.860384705116303,-19.226780459803194,25.09382735742561,0.007257483968237111,-0.08802471115920696,0.0432020536091926,8.159448764362464e-05
2026-05-03T20:57:20.100Z,1,40.35610129631095,28.24807760453041,-12.958084810179571,50.93604580390482,-0.13903571515805346,0.027482831535863284,-0.03472864144438148,0.0058541119681515385
2026-05-03T20:57:52.100Z,1,3.7335554316086927,0.8757645323385077,-13.367263629334047,13.906478224666147,-0.10198964837337954,0.012151880425470551,0.1512047982643594,0.005107057558154203
2026-05-03T20:58:51.100Z,1,-10.915708880020247,-4.512537263053673,-14.14502287934738,18.42816771035747,0.08265109334448795,0.05995355859633733,-0.05765601098151052,0.0015248391960482372
2026-05-03T20:59:51.100Z,1,-0.8227214939324767,3.457437125234719,-17.03334985222682,17.400165209557212,-0.716503721137407,-0.2672632340465775,1.2697570404620606,0.00503065441086639
2026-05-03T21:00:51.100Z,0,-8.516924915056734,0.3611954668940598,-17.56337258802887,19.522820719351568,-0.30265663044737323,-0.7340873255250457,1.0334905092888036,3.7964712722071544e-05
2026-05-03T21:01:51.100Z,0,-5.6970758823808865,-8.223407831792429,-18.15333250669937,20.727387463845485,-0.005870078434444537,-0.0033334846740729063,-0.005148983863279,0.0023197749219640005
2026-05-03T21:02:51.100Z,0,-14.225715094653424,-4.157080057211715,-17.3122957958185,22.789643926095742,0.013597615483362802,0.019779678066544903,0.024778104469547202,0.0038647901448938156
2026-05-03T21:03:51.100Z,0,-16.071283587734797,-4.191418305254047,-16.36875516123837,23.31931150560797,0.020216173632015,0.04118326867974531,-0.04918775309814549,0.0009599651569858723
2026-05-03T21:04:51.100Z,0,-17.868234944216965,-4.841524638777628,-16.096224707325746,24.531665876543133,-0.019428716828251424,-0.004525357679252551,0.03400637902473136,0.003946383944962668
2026-05-03T21:05:51.100Z,0,-19.48903528136725,-5.483297497676176,-15.097409087502456,25.25511450779428,-0.08973395990174993,-0.07939640145959714,0.10021541570548465,0.005298491029843527
2026-05-03T21:06:51.100Z,0,-4.923065647290059,-10.60294125886685,-42.11028528789029,43.70280386581641,0.11478733032799227,0.033711484237475275,-0.15328883169907215,0.0017609569403980426
2026-05-03T21:07:51.100Z,0,-20.354616122858715,-7.524213000579039,-17.441070149288862,27.840889115461767,0.00015144974963021696,0.04141942617374994,-0.013608068536452578,0.0033487950835128697
2026-05-03T21:10:36.100Z,0,-15.208322903617955,-8.554376326799229,-20.817800578697643,27.1634176939434,0.626583337090203,-0.37619625130247414,0.044197075419027954,0.00243248286955938
2026-05-03T21:11:04.100Z,0,-25.774658824047947,-7.34415210752104,-13.584025887212192,30.04655332944079,0.08934932222892655,-0.16656852866114846,-0.17234911420427323,0.004155560011507977
2026-05-03T21:13:03.100Z,0,-25.591488907593885,-8.398184033865164,-10.675177795747004,28.97262881660859,-0.026895526620052124,-0.013229002141734725,0.1551411059066421,0.0019761625934940344
2026-05-03T21:13:51.100Z,0,-27.21963430622054,-16.768772748946503,-17.503412500445847,36.44817801250089,0.08513334454640642,0.7254955321194245,0.28833611399647907,0.000866181437190952
2026-05-03T21:17:51.100Z,0,-21.588944385484865,-4.99460318110323,-15.584064241920714,27.090434454112337,-0.09122853764331751,-0.014999214645872172,0.04911616775449268,0.003969045363550262
2026-05-03T21:39:33.100Z,0,-40.80482742301683,-2.4133668862305058,-13.445159772118132,43.030577523983155,-0.06754805885633708,0.028372829472989025,-0.07294969656612693,0.0005760432851068145
2026-05-03T21:39:51.100Z,0,-29.264250168125727,-5.699662340703071,-11.197504254113255,31.847552342708536,0.2369071381865817,-0.04147897631412434,-0.004022038708306752,0.0028900675956840833
2026-05-03T21:40:51.100Z,0,-11.777352828175935,-1.4349233506436576,-6.637303771043435,13.594809524619075,-0.024599042842660124,-0.0806955527379305,-0.006896700405434331,8.909156954533149e-05
2026-05-03T21:42:50.100Z,0,-65.21648807211022,220.58064200359695,-3.246139678367399,230.04249034904436,0.06056977970503308,-0.17833803042055507,0.4038658790435079,0.005473367581058554
2026-05-03T21:42:51.100Z,0,-64.1351592812498,220.72599742364218,-3.3594978167457157,229.87947020182924,0.012392526838156392,-0.11133073478664102,0.47642053966079345,0.005287703336134358
2026-05-03T21:44:08.100Z,0,-11.333944394209539,-6.417959499913195,-8.528537428674099,15.5687009845348,0.13292229379002762,0.0017781152412688073,-0.020947260188641792,0.001402817551109222
2026-05-03T21:45:03.100Z,0,-11.973605674029386,-7.299098592966402,-7.8694717658436275,16.08019461885965,0.05837744032688441,-0.01870351584587482,0.03918139040681723,0.005098080497415312
2026-05-03T21:45:51.100Z,0,-26.63121144632896,-13.447539040271295,-31.296302459850267,43.23790324468953,-0.01988227545846044,0.07102541977532795,0.030589944417513948,8.816429714628032e-05
2026-05-03T21:46:52.100Z,0,-9.025612130244554,-2.4840745566052647,-11.3180625626228,14.6877786237346,-0.0018556874032960025,0.017490389711216636,-0.028125229578179756,0.002457402805485869
2026-05-03T21:47:51.100Z,0,-10.851199047465343,-8.943536642163963,-12.873341900558444,19.064582348588598,-0.04961210664067295,0.07291723728242161,-0.004602496905370401,0.003850057399243333
2026-05-03T21:48:51.100Z,0,-26.813204082827724,-4.386660072782433,-12.579666981309856,29.940586519675435,0.001410020753933594,0.04885789714714761,0.004886401018922015,0.001016125108384586
2026-05-03T21:49:51.100Z,0,-6.820792043981783,0.8493639364814953,-3.680232981878362,7.796713282194352,-0.08584202248673733,-0.028221700335784305,-0.013628961974987419,0.0038802690226583596
2026-05-03T21:50:56.100Z,1,101.53214217825735,17.500829400319162,-161.30926053392614,191.40463019218475,0.1655825643682718,0.22364900091220719,-0.0797687324149976,0.005370995721086753
2026-05-03T21:51:51.100Z,1,47.20184463894839,310.3474783197271,-157.69317488138768,351.29860352825887,-0.11872284399938593,0.058187545243004735,0.07968529083068887,0.001805252551568756
2026-05-03T21:52:51.100Z,1,7.174344108534569,-9.742085568859693,-37.71119990506122,39.60446998633031,-0.02041070925429267,0.08492989297437248,-0.029069348858712374,0.0033021870068065135
2026-05-03T21:53:52.100Z,1,-6.343002986795909,-1.767856273858115,-24.957413222182367,25.811460195779016,-0.10853708947777818,-0.05163141557629203,0.085237050152287,0.00020013623358476357
2026-05-03T21:54:51.100Z,1,-16.69875716925162,-10.282927138746345,-7.043342273391318,20.837364322738605,0.05281172816218316,-0.005163016361109385,-0.10753381171024756,0.0014266009202450617
2026-05-03T21:55:51.100Z,1,-17.121433614192938,-11.021722137044776,-6.216613519427483,21.2900946808925,0.041362510183162726,0.0038829404678253354,-0.008242602922425846,0.0030382508469612548
2026-05-03T21:56:53.100Z,1,-24.726317752538307,-2.946644581243163,5.346614234440494,25.4688002791569,0.09629955171863713,-0.04391006697979094,-0.04190811318016685,0.0002925956129496242
2026-05-03T21:57:51.100Z,1,-18.193870492268616,-8.198283916044602,-2.245693349323119,20.081631439619454,0.10548467784765592,0.1236314954511375,0.33836608349835373,0.0017645897276615627
2026-05-03T21:58:51.100Z,1,-19.60933441250745,-8.549268479100647,-4.736415067782218,21.910034580611853,0.024526945453295923,0.00027789016021628754,-0.03285063896996121,0.0008819732783405114
2026-05-03T21:59:51.100Z,1,-21.121519791449828,-8.166657727656457,2.0948220990248956,22.74205743480261,-0.018272444997080584,-0.008427450537418224,-0.011645099978530027,0.00319612679450319
2026-05-03T22:00:51.100Z,0,-22.29507907804873,-7.751554557330564,-1.3811560083922814,23.644549923211407,-0.006711397910308392,0.0036148053244033918,0.03616871621736628,0.0020030438990675495
2026-05-03T22:01:51.100Z,0,-18.679225441928793,-8.555644177249633,-1.3306169994393713,20.588420337590314,-0.03891533112820866,-0.0034888900204421702,0.037252151451117044,0.0015924775426442116
2026-05-03T22:02:51.100Z,0,-19.89397984095831,-8.606859945189171,-0.8391314604523359,21.692224727687066,-0.053633845586098516,-0.044286844680385684,0.10604820733017828,0.003994272591527198
2026-05-03T22:03:52.100Z,0,-20.00985948438938,-8.503102074314484,0.4148727284700726,21.745559106448543,-0.009476007646114226,0.02888187118865737,0.005243950173428047,0.00032571151062770994
2026-05-03T22:04:51.100Z,0,-23.1539811749375,-7.270751076589477,10.496581571715069,26.44142375438122,0.08382882205193454,0.12121310341872693,-0.12894940505903119,0.005250699947705101
2026-05-03T22:05:51.100Z,0,-19.062110120955822,-7.878522786086251,1.5316601065933355,20.68287084126515,0.06301447921774894,-0.029114574256361436,0.2102771381375934,0.0021389418576641824
2026-05-03T22:06:51.100Z,0,-18.115071721126697,-8.9743846813235,6.702222887724929,21.298243953591147,0.0222797230451377,0.04954511644994497,-0.0030261886221349954,0.0037996643154102564
2026-05-03T22:07:51.100Z,0,-18.404397330641586,-7.700382119537608,6.763758176930423,21.065757773387002,0.06119638086143908,0.024437674405519694,0.06670130093544557,0.002256245637869503
2026-05-03T22:08:51.100Z,0,-17.678287181979613,-6.630902979168241,6.151044631224067,19.857644927407613,0.04926159831963872,-0.03581257127283077,0.07049241345313817,0.001964233163843472
2026-05-03T22:10:09.100Z,0,-16.28854841010252,-5.101923688016541,5.219733867306786,17.849147214141833,-0.023952185030040596,0.06005468338338149,-0.011503220389119662,0.0014747936243276155
2026-05-03T22:10:51.100Z,0,-17.5537882878416,-8.278404468228473,6.91181188722112,20.601956396378505,-0.013978757825938715,0.014285191710483591,0.0631300241109578,0.00042717556491905036
2026-05-03T22:11:51.100Z,0,-15.366901765901275,-5.515408729252158,6.992139806243358,17.760952181784162,-0.05516086423273947,-0.05863009889264803,0.019955522944758997,0.0008097153272582832
2026-05-03T22:12:51.100Z,0,-22.132131044145353,-4.046982326826765,12.95398171623674,25.961797565143026,-0.028568997149314157,0.036932095747573,-0.05188921552301551,0.0018067340213591236
2026-05-03T22:13:51.100Z,0,-12.053103841026314,-4.759455040584726,8.568510138502461,15.535414074929902,-0.09201388145285705,0.04176104030420569,-0.41528078744690333,0.00192909949189604
2026-05-03T22:15:14.100Z,0,-9.56408176534751,-0.9385591231421131,6.097028441217844,11.380962571544874,-0.004228303971842706,0.04993205100439768,0.11286715912461887,0.005843137197157335
2026-05-03T22:15:51.100Z,0,-12.867075147369178,-9.161786764934732,1.8956372132379329,15.90890945408865,-0.05910960669019971,0.1205758447319627,0.08660469484844668,0.00017995561019707655
2026-05-03T22:17:21.100Z,0,1.3106532351230271,1.7671085661277175,17.717439202897367,17.85351888271847,-0.13080362410988755,-0.12080810110004503,-0.3148983741958489,0.0017997743131203346
2026-05-03T22:17:51.100Z,0,-10.056585399979667,-5.488657409841835,5.606206749689591,12.754992128181067,-0.047424191377487546,0.022036068980213486,-0.03446208894786196,0.0002743105689082549
2026-05-03T22:18:51.100Z,0,-10.110215835993586,-2.168957693129414,1.2724146745313192,10.41824749316906,-0.1356886679042546,0.02854631301585364,-0.11639326054702082,0.002923484296248612
2026-05-03T22:19:51.100Z,0,-4.136544601351488,6.344944643615236,9.169216728878382,11.893017245033112,0.05353542665176292,0.08593206790374897,0.10080934875311698,0.003741669581416873
2026-05-03T22:20:51.100Z,0,-9.145604411969543,-0.12730549451589468,0.4976415589226235,9.16001822434528,-0.10524631220043545,0.018852209186737134,-0.055212262595638606,0.001581851944175546
2026-05-03T22:21:51.100Z,0,-6.027677005477017,-1.9051494749646736,2.265362932575954,6.7152329684534156,-0.007819051283330936,-0.09811171793105977,-0.010580385967351447,0.0038528774790771523
2026-05-03T22:22:51.100Z,0,-11.281301334747695,-0.7993734411684272,-1.6403528238697618,11.427926981329689,-0.05208360762898323,0.026433765729638736,0.04144681109607973,0.00250721305731586
2026-05-03T22:24:02.100Z,0,-1.8155964617108111,-5.098052487369387,0.6092965872994682,5.445894968418394,-0.28473613187296465,-0.5486278616291251,0.1275610625750545,0.0036361324315416547
2026-05-03T22:24:51.100Z,0,-3.8001172715667053,0.36783197253953404,-0.46384274469346565,3.84595134257919,0.05426212322090507,0.015889110398958906,-0.005855336601356953,0.0028518177320686886
2026-05-03T22:25:51.100Z,0,-4.686279542511329,0.6409830482425605,-2.1567291619248863,5.198418595745416,0.02612796449974475,0.005504601846562096,-0.0038323891891067774,7.038788778795506e-05
2026-05-03T22:26:51.100Z,0,8.579813810683845,0.6351253292677939,-3.0914027702237945,9.14184665686458,0.08622826965953845,-0.007567542682718198,0.012312671405112496,0.0018760002419633225
2026-05-03T22:27:51.100Z,0,0.23971417522261618,2.0508157691665474,-5.35486488593051,5.739153783567436,-0.0007663467390117695,0.023920363641405373,0.008687309803079302,0.005328889009787214
2026-05-03T22:29:00.100Z,0,15.765115073008928,-3.295264954715549,-14.760905442329886,21.84678360455822,-0.03230780947705014,0.01804259450599588,-0.02465424308262243,0.0018013579786047705
2026-05-03T22:29:52.100Z,0,-7.319583661228535,3.236373010679472,-7.434014332375227,10.923139856833222,-0.2621215994231818,0.07992513612831154,-0.12124197756246957,0.005084436722379784
2026-05-03T22:30:51.100Z,0,3.973455755840405,6.6189258558040365,-10.480822210752194,13.017148856091682,0.07079613173766042,0.7351876828174397,-0.02098388580229482,6.0152112781540416e-05
2026-05-03T22:32:15.100Z,0,43.60410434583173,10.294696043231966,6.206549704302233,45.23074111328148,-0.11093785584215254,-0.43017963091518396,-0.6283555804271757,0.002095791008642523
2026-05-03T22:32:51.100Z,0,-6.232096087842365,2.4373771605381567,-12.060860705560117,13.792903611268269,-0.2346116149638533,-0.013402731808609403,0.0005706650014758452,0.003893240194321719
2026-05-03T22:34:20.100Z,0,28.4648807864869,-3.5785040660130107,-29.79160993027108,41.359341771561226,-0.021559264108628184,-0.01055067915989305,0.03254064704716342,0.004738250716553929
2026-05-03T22:35:38.100Z,0,5.787389935903775,9.02020533482073,-48.56764604755881,49.73604557213494,-0.33372686282140407,0.6867561320376137,-3.38692453543743,0.004757664335730885
2026-05-03T22:37:03.100Z,0,105.6755904091915,-60.33851758598985,20.162960585366818,123.34752568403255,-0.3643224028908598,0.0928745311206125,-0.3419067894743222,0.0037756363775687503
2026-05-03T22:37:56.100Z,0,-7.6337657737894915,1.7294914077297108,-23.748218193759385,25.004867282129194,0.05864625276874591,-0.015285707295698003,-0.014380995801310803,0.0036249170135432733
2026-05-03T22:38:51.100Z,0,-7.5136981258765445,1.00965061790248,-23.209008650155738,24.415837819334307,0.13451881072157335,0.25672749890315316,-0.19419707837808886,2.5692857823214508e-05
2026-05-03T22:39:51.100Z,0,-4.835840725718299,11.038737653620956,-23.25722258683527,26.194226214255412,-0.01180907399156439,0.01378563432208324,0.09314809038940552,0.0014025120151470744
2026-05-03T22:41:56.100Z,0,-13.287459798448253,4.744533081634472,-15.447334737473284,20.92097828854213,-0.1857571825079063,-0.030575969370172373,0.09342972725168153,0.0010236628088918912
2026-05-03T22:42:51.100Z,0,-14.011959058734647,4.320700812854739,-22.170935528265545,26.581080383919065,0.0014887935710916622,0.014007247814640245,0.03015496958624908,0.001771565018539746
2026-05-03T22:44:29.100Z,0,-14.143024362510914,5.8136676337881,-13.161710796339321,20.175591702877206,-0.032700605224533774,0.04409295417096004,0.0872675897660713,0.00023213861943101853
2026-05-03T22:44:52.100Z,0,-17.296177200933016,5.754733629032671,-12.69867277915182,22.215557505027103,-0.10454264278791925,0.05060899440156863,-0.039778705230197886,0.0032877111062747265
2026-05-03T22:47:02.100Z,0,-13.70837416516224,5.027750344311244,-23.374196048280282,27.559949867157794,0.029998581358547938,0.014915323155284543,0.04232226316203125,0.00029136225445188543
2026-05-03T22:49:02.100Z,0,-16.97718140235338,-5.729635038960623,-22.0995324989417,28.450707244634167,-0.002476172789478426,0.12962986192371906,0.15486413317655767,3.58213026644285e-05
2026-05-03T22:49:51.100Z,0,-17.392123747868027,5.645686127877525,-10.490206012946146,21.08089567617361,0.0008806701599084477,0.04574535114793346,-0.01704246749656413,0.005287104225496046
2026-05-03T22:50:51.100Z,1,-16.945162325441743,5.272448683740549,-10.462053345690947,20.60077186821724,-0.03323486331474612,0.02830081001829743,0.08888161038411724,0.0021161928325368466
2026-05-03T22:51:51.100Z,1,-17.468174203997933,5.882040441065328,-5.739062923566962,19.304723593260995,0.017063208449741296,-0.02464778065691675,0.07913242732893178,0.0037890652309548857
2026-05-03T23:08:52.100Z,0,-11.242342347031808,0.8970391651530463,-8.174112914730358,13.92878539767358,0.10699359753241211,0.015848950438712706,0.060034110948237185,0.0025214568521518786
2026-05-03T23:09:51.100Z,0,-9.372810029162792,1.592495601698829,-6.850122794276103,11.717926112621882,0.030968879626058765,0.08817503233338186,0.032886757797001565,0.002870761320928765
2026-05-03T23:10:51.100Z,0,-12.263700014955248,3.6713803092425223,-8.318999642597191,15.267060178221584,-0.051281765233390786,0.04845188374402731,-0.16482259012828848,8.242632144271481e-05
2026-05-03T23:12:44.100Z,0,-12.650184718040691,1.5182550619101676,-8.794031400611857,15.481190526200285,0.042305509819984266,-0.06765044539247533,0.020057449719779186,0.0065103747052537115
2026-05-03T23:12:51.100Z,0,-13.240830139693571,1.6038030834124584,-9.841876317977949,16.575714059338626,0.0011200918021980755,-0.0528200066522988,-0.06792941889077753,0.005302272593158889
2026-05-03T23:13:52.100Z,0,-10.609957758788369,-0.4036586077518223,-8.359999563936071,13.513835008016672,-0.26277410266994927,0.3292765359581562,-0.4344181212090348,0.0015608809999289044
2026-05-03T23:14:51.100Z,0,-14.947086061511072,2.609698064134136,-13.946768123673792,20.609178702987837,-0.12358108825005765,-0.11834965217882853,-0.21475572050277947,0.005020321202457066
2026-05-03T23:15:51.100Z,0,-12.942713721713517,1.1932506849916535,-5.7838265717578,14.22639573088124,-0.011340956680094827,-0.017184728875907496,-0.024467238240788447,6.604290653930044e-05
2026-05-03T23:16:52.100Z,0,-29.62701985870808,11.267056847145795,-6.740339482050217,32.40584904054179,-0.05462019317495348,0.0338847011511767,-0.03779644052315234,0.002482933016556534
2026-05-03T23:17:51.100Z,0,-7.800280491210287,-3.6582032616934157,-11.362702102417188,14.259657285983282,0.004038751609258817,0.034157046750360465,0.0071829922427824044,0.0038747667563532994
2026-05-03T23:18:51.100Z,0,-16.59438269052771,-1.0300302922132687,-11.513175541495002,20.22344457138401,0.02511672175065094,-0.03155144635536011,0.026584865704393223,0.0010011547448377763
2026-05-03T23:19:51.100Z,0,-11.993312019512814,-0.8870507851952425,-12.279123666303349,17.187299680440702,0.011868952986437975,-0.010524723952798354,-0.02020718841588831,0.003923226327522594
2026-05-03T23:20:51.100Z,0,-13.353058429856901,0.12429030243765737,-11.202261875496333,17.430154578707874,0.014966831503926414,-0.047749642848815554,-0.0022617146653303166,0.005274781463793262
2026-05-03T23:21:52.100Z,0,-13.669250868588279,-0.4573151229578798,-11.803694356331107,18.06612179987089,0.00871020184423088,-0.018214409874151016,0.025281569982382734,0.00203144109049807
2026-05-03T23:22:51.100Z,0,-15.517971031840716,-1.0355437575526594,-9.9142629724156,18.44376279681196,0.10976098343729035,-0.04609907368779975,-0.062091949923903655,0.003351180522554522
2026-05-03T23:23:51.100Z,0,-14.681790306894982,0.007677775329284486,-11.561558266748762,18.68755348137621,-0.052904369795214734,-0.003586167320102085,-0.02108992489446848,4.445664035737606e-05
2026-05-03T23:24:51.100Z,0,-15.35673886337463,-1.1168433054535853,-11.6586251492663,19.313215885965803,-0.01241186419731477,0.004316710599416851,-0.06189667613210048,0.0014009025867261263
2026-05-03T23:25:51.100Z,0,-15.967265107974526,-1.4132567305296106,-12.006286771338637,20.027525350136226,-0.024612329686313217,-0.03458928437999331,-0.014204077480428623,0.0029900189237659974
2026-05-03T23:26:51.100Z,0,-19.036755865272426,-0.57907278642233,-9.626294564441196,21.340078402090025,0.026914892544915858,0.012098959295714362,-0.0541988965903073,0.00023886760357340437
2026-05-03T23:27:51.100Z,0,-16.56415920933796,-2.7946518239332363,-10.000157124522957,19.54954198042645,0.05419008377138823,-0.06372885612837553,-0.1619889020760823,0.0017902928918849773
2026-05-03T23:28:52.100Z,0,-18.239425330648373,-1.676462068417095,-9.360999212731258,20.569770725992402,0.0390289932710175,-0.0009514625632818519,-0.014166116260483363,0.0009708920136750317
2026-05-03T23:29:58.100Z,0,-18.190578849498706,0.4640066692900291,-7.7601960128959036,19.782141017279724,0.032288822587211996,0.09961332225499886,0.27175900061227054,0.0035764503786224096
2026-05-03T23:31:02.100Z,0,-20.53780998539878,-1.6971506795471214,-7.202009543107124,21.830045828729705,-0.011814507174356947,0.0037240272705019173,-0.047197794562414686,0.001478432041778083
2026-05-03T23:31:51.100Z,0,-22.834864742890204,-1.1788258805154328,-8.001748066817527,24.22495924470217,-0.0576882113199062,-0.0313940692329151,0.012723499329680976,0.0016343405237197034
2026-05-03T23:32:52.100Z,0,-23.626997566680075,-1.0976459639095992,-8.052010854044056,24.985490178734466,-0.008077066522282905,-0.02947293985544608,-0.06777298263838105,0.003963580914141381
2026-05-03T23:33:52.100Z,0,-24.536668611290224,-1.6691580544829776,-5.223672131251078,25.142015545415795,-0.13944380979680204,-0.05317148653238846,-0.008278573259801192,0.0002969714481875179
2026-05-03T23:34:52.100Z,0,-19.243388225277158,-0.8877631325958646,-4.953519824084651,19.89053725810169,-0.05790771590330479,-0.02757912009276886,0.047411787257090054,0.005348903345612289
2026-05-03T23:35:51.100Z,0,-21.55343574759172,-10.463700395803244,8.82726785766863,25.533512808262934,0.007962711864095695,-0.059801223390332225,-0.03099508667192552,0.0021346746686854504
2026-05-03T23:37:18.100Z,0,-21.480399423808194,1.2513153908457753,-0.30817781407677103,21.519022356482555,0.06479815795756849,-0.21387609941037056,-0.19918747183478303,0.00782008691202265
2026-05-03T23:38:03.100Z,0,-43.76006218672046,-18.08755095203196,7.33134412621439,47.91504094462377,0.029637005395599658,0.046401354603542444,0.05692752417441049,0.0002872389463914282
2026-05-03T23:38:51.100Z,0,-21.66176195589742,-0.3495670475786028,-4.253909211001883,22.078266954862293,0.004299286702647009,0.014862627541800677,0.06165247878464619,0.0019627735986400027
2026-05-03T23:39:51.100Z,0,-20.594009727062712,-1.809337874647099,-4.302206147258403,21.116247723411803,0.06062350939650685,-0.06923360239419196,-0.05888040215695778,0.00020607641228225624
2026-05-03T23:40:52.100Z,0,-21.62148745030379,1.826688148184985,-1.0140088497792021,21.72219425154361,0.05156531233208028,-0.0014041105675932641,0.04671766865085858,0.00037149297910115493
2026-05-03T23:42:08.100Z,0,-21.45915436631185,2.7409249732954777,2.6832075764104957,21.799256380081925,0.05907101470192799,-0.009591621744409196,-0.11573734299102911,0.0017782159603665065
2026-05-03T23:42:52.100Z,0,-21.818966375690252,2.0070210041467362,-0.7641362044523703,21.92440036018187,-0.008439369845625322,0.0033433154098538864,0.03968354685912612,0.0018293731710766273
2026-05-03T23:43:51.100Z,0,-20.31052629467922,2.755035592258537,2.3704419791101827,20.633145534740823,0.023544367811823008,0.07053577517535103,-0.036541383466870414,0.0019390226649543994
2026-05-03T23:44:51.100Z,0,-20.183494744742347,1.9396955394768156,1.2018298530165339,20.312072122078288,-0.04106237528667123,0.010831868653582433,-0.002006996578485243,0.0015969382967305223
2026-05-03T23:45:51.100Z,0,-17.867716312593984,1.486428339660506,3.685716125801264,18.304350816029356,0.005237185996875837,-0.02854824935827338,-0.003190807734476664,0.0001606238593996144
2026-05-03T23:46:51.100Z,0,-14.893871641561418,6.334244784568455,5.901187772906269,17.227132280134107,-0.011674101269676385,-0.019739962199949446,-0.03963673936757672,0.0050520508426647424
2026-05-03T23:47:52.100Z,0,-15.975441881892039,0.8332038827241206,5.2055742671655025,16.822811164691604,0.015534284398377451,0.05277434953221416,0.05054319043562572,0.00022884046892930696
2026-05-03T23:49:51.100Z,0,-16.580754394453834,-1.7783548897227774,14.304620206530672,21.97057399468859,0.08268838515501642,0.023961884221712637,-0.029917337809770572,0.0037339786963332504
2026-05-03T23:50:51.100Z,1,-11.800567971476994,7.144178080181973,12.265656971976568,18.459117688692455,0.12006822141685802,0.006783220016348679,0.0720619805241185,0.0015477821153956587
2026-05-03T23:51:51.100Z,1,-7.108179216629651,13.11406056913711,15.309144688217202,21.37462765690882,0.014030572383028073,0.039336689691804594,0.03998560163331888,0.0038673494189588567
2026-05-03T23:52:51.100Z,1,-9.448621040064609,0.8439715909389633,6.879585695060086,11.71825187221793,-0.047357709057394004,0.005146607315875684,-0.004080593718036596,0.0025311993539157305
2026-05-03T23:53:51.100Z,1,-9.783522894394991,2.8725364780939344,10.184811691033246,14.411772105641234,-0.04366193183091838,0.05235932835789825,0.015687523443830287,0.0023235021714763243
2026-05-03T23:54:52.100Z,1,-4.426310843882675,10.407761973510787,12.107901068702631,16.568494357467152,-0.0032441462431975765,-0.15253516881319484,-0.05047337365216009,0.0029511907465789504
2026-05-03T23:55:51.100Z,1,-15.217115634186484,-26.155757996548346,24.175475306492444,38.731613584939005,-0.0653975889846059,0.14120897695102386,-0.05513292325431962,0.00010619138666870374
2026-05-03T23:56:51.100Z,1,-7.1596704201510875,-2.6669201074582816,13.722315110953787,15.705899381731133,0.03991087850296893,0.0023941580646891225,0.09869556328023776,0.0019036561907556817
2026-05-03T23:57:51.100Z,1,-7.6217266177991405,5.715816695101239,4.763837924201653,10.651545845393892,0.0753369026509354,-0.04472346282557993,0.10532896762605048,0.005340073622402168
2026-05-03T23:58:51.100Z,1,21.10684086983383,25.222062345619634,32.94598431193663,46.55200363843844,0.09271057197501875,0.09354251735960162,0.2319316331025334,0.001493032053367303
2026-05-03T23:59:51.100Z,1,-1.1169705176143907,0.6482697567662399,6.616512346681702,6.741373187159195,0.007882893456212514,-0.04133617993673511,0.045133955270060255,0.0049895220627110826
2026-05-04T00:00:51.100Z,0,-4.158346152507875,-1.3360712566736765,4.475205830658524,6.253350810065486,-0.09304794022768625,0.026427524662420154,-0.0621380054282028,8.894987724014013e-05
2026-05-04T00:01:52.100Z,0,-1.1227117147427634,-0.7845099576115899,5.524981813096019,5.692219382899271,0.03186453471393236,0.05901434724386867,0.04858354905667994,0.0024883973942703298
2026-05-04T00:02:51.100Z,0,2.1298399597071693,-5.896107973512699,7.442221182600406,9.730722666895385,0.12911612309363107,0.038475064522813796,0.06718676283057334,0.003913623388140923
2026-05-04T00:03:51.100Z,0,-1.1341833896949538,2.6538451629676274,7.878490068719657,8.390463150111612,-0.07984260162763324,0.06761605943328419,0.006903095137289483,0.001019066682566748
2026-05-04T00:04:51.100Z,0,2.9584525555037544,-0.9481576003054215,1.8210913816858465,3.6010856944307914,0.07110211845817727,0.004740049220242071,-0.005655789006020484,0.003948340376187102
2026-05-04T00:05:51.100Z,0,47.79027686709014,-7.419916769322299,-0.2291972383261509,48.363397929331406,-0.5493833569218953,0.057220328593343694,0.020918785380352745,0.005254824038277748
2026-05-04T00:07:49.100Z,0,29.61424635759613,1.0916343594544742,21.168364796494643,36.41833221140983,0.18515311777655974,0.5951667077820355,0.5752567263801467,0.0031811564459674133
2026-05-04T00:07:51.100Z,0,27.51422397523129,-20.008584945571783,2.0124532845784415,34.079700126409044,0.18139052474519524,0.5765753156833364,0.5889811779020704,0.003374948563130786
2026-05-04T00:08:51.100Z,0,22.667585907583998,-20.96104450220082,18.338705815722278,35.90951083621928,-0.114002493004417,-0.01952533863147643,0.18726921503198213,5.5319405478488e-05
2026-05-04T00:09:51.100Z,0,13.168701955692086,-1.977355819690274,-4.393559376467238,14.02241103484186,-0.12704761536808107,-0.2487135305194732,0.07549006505591649,0.0013792565376496702
2026-05-04T00:10:51.100Z,0,18.07756165999308,-6.28871907656503,-10.006652670654148,21.598132346708002,-0.16267748097353874,0.12229907620958658,0.14448111454079537,0.002987859631336375
2026-05-04T00:12:00.100Z,0,1.5614193807778065,-5.975299139208801,-11.167073083925061,12.761103069383209,0.041979475657427656,0.3698186055407643,0.20488196531864844,0.0018095056943708463
2026-05-04T00:12:51.100Z,0,-4.414275000272028,-26.683743874400534,-6.948041730993282,27.92460017311365,-0.33251244182164186,0.05473720370977042,0.4886055825892299,0.0018153107556111298
2026-05-04T00:15:39.100Z,0,3.9950667924131267,1.5075375781634648,-1.4154257924019475,4.498517355664392,-0.07985188458636827,-0.00013700050849330125,-0.04077494803578219,0.001576507893291354
2026-05-04T00:15:51.100Z,0,8.395156293772743,-0.5018194633521489,-1.0364755944465287,8.473768561186601,-0.05289816635034583,-0.04878288464471581,-0.07810483569503646,0.0019781382053344647
2026-05-04T00:17:32.100Z,0,-1.8447599231876666,-3.24132172318059,-6.804876811656868,7.759874619424408,0.027508674144804957,-0.02030006839826015,0.012487098540070463,0.0033716618058526634
2026-05-04T00:17:51.100Z,0,-1.210641400575696,3.4924486417367007,-5.407983571785735,6.550506578018283,0.015763756506359528,0.04710372264193907,-0.018300625305833762,0.004002815573840953
2026-05-04T00:20:08.100Z,0,0.6207677679412882,2.3663913270866033,-3.111039111900027,3.9577423981857653,-0.07410208639502258,0.013027349594629811,-0.0020886139893150357,0.004196438086381433
2026-05-04T00:20:53.100Z,0,0.7842010290914914,1.797054515009222,-7.009550220573146,7.278610477191386,0.124574855422388,-0.16089862057522275,-0.09066256767109593,0.0020855249267280967
2026-05-04T00:22:51.100Z,0,-2.2254954228628776,2.132370771960268,-9.33185814119497,9.827685961287168,-0.054817186151190356,0.0683323053762841,0.18376437177991534,0.0022459358998361515
2026-05-04T00:24:39.100Z,0,-87.9658840360662,35.15914054833047,43.084153091513144,104.06923736607685,0.024011224856401725,-0.05811078985740181,0.020612509697315318,0.0024482446560119874
2026-05-04T00:24:51.100Z,0,0.5085818995667069,4.51558500367355,-4.926994593006384,6.702569596317705,0.04116214201488333,0.016241445512488184,-0.003775837812192151,0.00022502628615492354
2026-05-04T00:26:02.100Z,0,1.6237677515391624,4.957774823424188,-2.9294518044480355,5.983129681471156,-0.3069605692482824,-0.31568894600120245,-0.31325756367284185,0.0001528157421765527
2026-05-04T00:26:51.100Z,0,-0.37701678502344294,3.2740217689024576,-10.093562790643773,10.617973912574145,0.01645283024753752,0.01603860712373617,-0.07490426047818133,0.0007780176612021246
2026-05-04T00:28:56.100Z,0,-0.6721976439791888,2.6213266836521143,-6.637030394813337,7.1675222857465775,0.026995008820307476,0.03145582020769311,0.018523466867259586,0.0019087229680954173
2026-05-04T00:32:28.100Z,0,4.6397423441248975,-2.3065053528057433,-19.272071754130593,19.95645072799132,-0.04661015105345001,0.16304949501133592,-0.1967231957502591,0.0004897710158331361
2026-05-04T00:36:32.100Z,0,3.0679222554681473,4.225174403586607,-4.671212456742069,7.006031082028003,0.09718817202486463,-0.17110639604256406,-0.27090654852734986,0.005855667998987627
2026-05-04T00:39:16.100Z,0,2.60478873633474,0.5742874864154146,-15.709071514720563,15.933915348482138,0.023666023487578514,-0.02976476194893607,-0.00785707032768812,0.002539254477901156
2026-05-04T00:39:51.100Z,0,2.7836930385092273,1.415707621617912,-22.229041847822373,22.447348985454607,0.0014134630870188403,-0.22446057271041653,0.11692382038130944,0.002835295615218658
2026-05-04T00:40:51.100Z,0,-1.043078917064122,2.2407846258829522,-12.141430768679129,12.390458848543314,0.010939068494586479,-0.011664986499848595,0.05007498037290503,0.00010317183450865003
2026-05-04T00:41:51.100Z,0,0.6727226527800667,3.1317139350903744,-14.08653895396128,14.446133311037638,0.07452995348700142,-0.03664352550059036,-0.007107225358460312,0.0019029822390734857
2026-05-04T00:42:51.100Z,0,0.08362449079868384,5.7735039322324155,-14.192726114742982,15.3223306085945,0.019663273890024868,-0.07070295496713896,-0.007654486520181081,0.005326720316781345
2026-05-04T00:43:52.100Z,0,0.8831378163449699,3.6101145051361527,-14.946172673262481,15.401329056994761,0.02225269610489633,-0.033957627555203374,0.049339701298833916,0.001547458434049086
2026-05-04T00:44:51.100Z,0,-3.081497995481186,4.103257037968433,-28.818133628647047,29.271439562384863,0.009696073870912869,0.01955919557383723,0.06800855468025446,0.005017853108390945
2026-05-04T00:45:51.100Z,0,-0.8830678116282797,2.3281573094209307,-18.254395662097522,18.423438501152518,-0.015152429653664257,0.0013028905541112579,-0.01700526530878932,7.966850020693056e-05
2026-05-04T00:46:51.100Z,0,-6.188512291373627,8.328930211519037,-19.052597607242205,21.694935778479003,-0.0021019779508080205,0.059864231965800485,-0.02870242564601,0.0022767435788851845
2026-05-04T00:47:52.100Z,0,-7.123922106984537,6.024840125974151,-17.87510183021368,20.16353714432167,-0.007925045867773761,0.009117351940535201,0.003272169252888091,0.004069016921742607
2026-05-04T00:48:51.100Z,0,-22.7901817743259,13.382833029936592,-25.342144579099113,36.61580119404655,-0.5971354472864565,0.27945920708960514,-0.2065637428909639,0.0010070239467084314
2026-05-04T00:49:51.100Z,0,-36.72358181938762,22.673999865673977,-14.04937438928755,45.38850793190066,-0.03709452428690696,0.013697678046042938,-0.04759402358534004,0.0039078125863628065
2026-05-04T00:50:51.100Z,1,-17.872268941573566,12.373866336929495,-17.505216017525527,27.909911376863313,-0.09551391375905993,0.08561715324928443,-0.005491442587768347,0.005284508198945794
2026-05-04T00:51:51.100Z,1,-13.05040837632987,11.373821822417085,-15.790760829418105,23.431284839055603,-0.06947449485179835,0.023620720813521956,0.011563732274844085,0.001804230447135785
2026-05-04T00:52:51.100Z,1,-9.579539135302184,3.2556889646002674,-13.96808274802197,17.247446661305986,0.018162122543075032,-0.02698578479720659,-0.03750270123603627,0.003319106779979562
2026-05-04T00:53:51.100Z,1,-9.204877832416969,12.028317627937213,-14.940587502948688,21.275134683511006,0.11164843892652598,0.01096594115690408,0.06007372263905353,3.5114258851787765e-05
2026-05-04T00:54:51.100Z,1,-6.576609032890701,6.133907003004424,-19.39667747956264,21.380077145304664,0.028604821426414517,-0.012264370117587298,-0.030367305932088584,0.0014358281133500415
2026-05-04T00:55:51.100Z,1,-32.313226699443476,11.091807384218555,-18.101423307939513,38.663087519641365,0.17675512705239704,0.029190211140339706,0.028298656875591632,0.003031232527190642
2026-05-04T00:56:51.100Z,1,-13.138949784661236,7.268288121395017,-20.080833647170948,25.07388868175047,0.008170940598350995,-0.007573930109139315,-0.007437754931949314,0.00022217146899207828
2026-05-04T00:57:51.100Z,1,-14.520250791065337,10.034598587481014,-20.06694009810417,26.7247626135053,-0.03546781222141249,0.13250843457272843,-0.04075336637221483,0.001748122076036264
2026-05-04T00:58:52.100Z,1,-14.219784710803651,9.196312490985292,-20.26671372141209,26.410492720112785,-0.0142219683523237,0.0839421849979094,-0.06571913333264234,0.0009986002664165397
2026-05-04T00:59:51.100Z,1,-12.056440235028276,8.095404215509916,-16.173482635167602,21.736486862033903,-0.14052927708796403,0.09318289718840411,-0.03023960716763696,0.003239449599298835
2026-05-04T01:00:51.100Z,0,-15.540622423941386,10.530735518841539,-16.509364678313432,24.99932915045609,-0.0453597117049398,-0.00994223373895764,0.023552290508099816,0.002017577533137453
2026-05-04T01:01:51.100Z,0,-14.244436473745736,11.923349331937061,-15.21372607203375,24.01099104037277,-0.0297046406276813,0.004373805851720647,0.011670073710945417,0.0016360930692410956
2026-05-04T01:02:51.100Z,0,-14.958935927097627,7.802939102475648,-20.03170647776642,26.19016775660944,-0.025622591264706784,-0.04190181337904164,0.02253842067378997,0.0039473925494766865
2026-05-04T01:03:51.100Z,0,-13.623076060866879,7.729223071692104,-18.453632461387315,24.20466156904718,-0.09886358125310579,0.013251811763703714,0.04523138413858874,0.0003317278474914329
2026-05-04T01:04:51.100Z,0,-14.85967819871803,8.82250177937749,-16.695401898687123,24.02879560808782,-0.029450918795248526,-0.060779217124995455,-0.0017323746881459101,0.00532528799591953
2026-05-04T01:05:51.100Z,0,-15.450829766450624,8.939391131661978,-15.654886133233958,23.74271075764506,0.015496522907554322,-0.07272910350053507,-0.019641028738526245,0.002085216931628839
2026-05-04T01:06:51.100Z,0,-13.937155466919648,8.070614149801258,-16.867907351297617,23.321779813642458,-0.05004212975023847,-0.019314263999259396,-0.15178697182349765,0.003773571280188172
2026-05-04T01:10:22.100Z,0,-14.498969133001083,8.722857039629162,-9.457082795051974,19.38413670623467,-0.004386045716842091,0.008461127674497249,0.03632633730621393,0.0003576222538548857
2026-05-04T01:11:23.100Z,0,-14.811071790973074,8.96362832554587,-6.7810020000251825,18.592914469771333,0.03224746048857696,-0.030957923726759873,-0.00441843856435753,0.001983595376532903
2026-05-04T01:12:23.100Z,0,-15.281108688213862,8.198289238862344,-6.9325795038821525,18.67578345780166,0.009161048846628717,0.0049098165169070285,0.047464697246368814,0.00044878246374290616
2026-05-04T01:13:22.100Z,0,-15.309541900592194,8.58188845040786,-6.862961214210372,18.84492290270745,0.004216164505521647,-0.011796687382492621,0.16773937071645761,0.0010851688990594262
2026-05-04T01:14:22.100Z,0,-15.648221767037285,8.373564284511303,-5.59199212329986,18.607896152017574,-0.01735886742615378,0.030583136441109104,0.09470772982367315,0.0008609802871508773
2026-05-04T01:15:22.100Z,0,-16.147934330035696,8.515193281027678,-5.21403636685136,18.985533307633283,0.0012370393482896702,-0.018999813822695444,-0.020476680886893917,0.006234725356937802
2026-05-04T01:16:23.100Z,0,-17.135397805873254,8.99935717416156,-2.656820356605749,19.536350271249074,0.00570907700847556,0.028266686854294676,0.04148181298757603,0.00017962322326770541
2026-05-04T01:17:22.100Z,0,-15.554443000496576,8.283151157002067,-3.050880901355413,17.884606912641296,0.015648376168186928,0.00018893886899462586,0.06311406575273959,0.00157975234955247
2026-05-04T01:18:23.100Z,0,-15.643921671426142,9.078554040115705,-2.698470752875437,18.287541472957535,0.043392075655290796,-0.03546362099449141,0.009948198121834118,0.0006655393272457113
2026-05-04T01:19:22.100Z,0,-14.816353272863125,8.297101952337016,-1.7032999157891027,17.066559574702914,0.00031063494887462184,-0.008401957874326627,0.039385316366158385,0.0010455791991633955
2026-05-04T01:20:22.100Z,0,-15.53094296036761,10.015787497753337,-0.8304402845169534,18.499076179758084,0.0031951320647038983,-0.026149176109768746,0.013911237344510496,0.0048669067589701895
2026-05-04T01:21:22.100Z,0,-15.014848033160888,7.7401776151759805,0.5076351835668902,16.900109598845262,0.027325317478954503,0.0022145516682670063,0.00973971159523579,0.004909623807628877
2026-05-04T01:22:22.100Z,0,-13.11272182601897,8.356721097925401,0.9083013919735095,15.575727033231123,-0.002212427190784183,0.03542317217242186,0.027004034357069884,0.0028109683662187776
2026-05-04T01:23:22.100Z,0,-13.503292921996035,6.444806616855203,0.745142175219371,14.98097756914346,0.03977807788757559,0.030100012052614034,0.041835740957285594,0.0021582709901388454
2026-05-04T01:24:21.100Z,0,-12.020068242691195,7.147986376594417,4.584753030030697,14.717190973324646,0.022248186248852164,-0.00024831619782617054,0.057440793898688725,0.0016649673739114203
2026-05-04T01:25:22.100Z,0,-12.11272164255206,6.916470330679658,4.068163945703418,14.529471611667171,-0.03192608052415835,0.026653809316989907,-0.06180930548183028,0.004262462612715318
2026-05-04T01:26:22.100Z,0,-11.442735195942078,6.506708722326948,5.682279785105493,14.33742482867393,-0.0285172590288596,0.0028498396291709582,-0.029895483926178912,0.004130939362382194
2026-05-04T01:27:22.100Z,0,-10.866173974136473,4.9695441834956,6.791584914026316,13.74393436656133,-0.005035774134576343,-0.039057612145398934,0.05550978424917474,0.006335147207926659
2026-05-04T01:28:22.100Z,0,-9.658488524109998,4.0315457949873235,6.9610701330020675,12.569656298563535,-0.0062711163288931004,0.013234984709953324,-0.03162418296298597,0.0010251451908857938
2026-05-04T01:29:22.100Z,0,-7.478553579858271,3.426206878884841,7.903144950432761,11.407337872232926,-0.09465422771315346,0.030540984050198006,-0.001888480618106314,0.00017581696800218072
2026-05-04T01:30:22.100Z,0,-6.184428289088828,2.779872811061068,8.457512033601233,10.839942615487796,0.01291904309885794,-0.07626601238985842,-0.007336454942219461,0.0015765272099621873
2026-05-04T01:31:21.100Z,0,-6.878240971673222,2.167620802993042,7.507487714974559,10.410146521565693,0.0159603653706597,0.04914048121484882,-0.04610007635630353,0.0022577124873397825
2026-05-04T01:32:23.100Z,0,-6.754612066288246,3.6835363239333674,8.076264167812042,11.154338479895078,0.01369540242412981,0.045709226348833454,0.007133927859115374,0.000901394954553784
2026-05-04T01:33:21.100Z,0,-5.342152500816155,2.147867631720146,9.584102816916129,11.180650943061726,-0.041564174607877646,0.0639515893392506,0.015240960125950664,0.0035962817703678804
2026-05-04T01:34:21.100Z,0,-4.734057800305891,0.766729037877667,8.632704227693466,9.875361206406502,-0.06538777744435897,0.10782277135534812,-0.10306996373632415,0.004864008703195312
2026-05-04T01:35:22.100Z,0,-3.7882484757574275,-0.08262842402473325,8.183450414890103,9.018121459788635,0.020396589819560162,-0.01279102859541581,0.007557462188501063,0.0029081425203831314
2026-05-04T01:36:21.100Z,0,-2.7109601342090173,-0.47688581707916455,6.547325952851679,7.10240818769852,0.00104120653088291,0.004715089449547349,0.06042213255597062,0.005003231698674199
2026-05-04T01:37:22.100Z,0,-3.487397905701073,0.6122018476162339,6.8864348963870725,7.743366247123443,-0.039316573582248715,0.03165729717036214,-0.019452004504039166,0.0021132345211169255
2026-05-04T01:38:21.100Z,0,-2.0423240875970805,-2.551929568653577,6.628546065712726,7.390605871471116,-0.10407487985986119,0.004959370243362571,0.029656061824034907,0.00023546882833136041
2026-05-04T01:39:21.100Z,0,-0.3730627295226441,-2.5656032930783113,9.11393702017449,9.475512865556155,0.04459131389308868,-0.014816592673216888,-0.01795454786446271,0.004952657641446223
2026-05-04T01:40:21.100Z,0,0.45723844777967315,-2.3881417473603506,8.09151339001346,8.448957151292722,-0.06366077676051018,0.05014846827178232,0.023844189962929363,0.0011607932130226724
2026-05-04T01:41:21.100Z,0,2.065317020424118,-2.5733628890520777,7.961906086620729,8.618565976180273,-0.1916132308427132,0.028024114088198715,0.012810545695352005,0.005967104387718539
2026-05-04T01:42:21.100Z,0,2.771717637187976,-5.383310483011883,6.7197839697712425,9.045327358210928,-0.039380890514584266,0.005066795088159992,0.03482437010760009,0.0004598964220047469
2026-05-04T01:43:21.100Z,0,3.302261477074353,-6.900768931700441,5.767528226556351,9.580705848517404,-0.059676218253201796,-0.0018013842174591232,0.011956577444571792,0.0025678323226752927
2026-05-04T01:44:22.100Z,0,2.557272658123111,-6.044034768819984,5.153772487574315,8.344541364770555,-0.020506155575805707,0.01821898462875393,0.020518260388513454,0.0007812830279120097
2026-05-04T01:45:21.100Z,0,3.164978050335776,-5.451924235785555,4.849923383744681,7.953761422122655,0.0211093720472455,0.024464795372075576,-0.004697075474346946,0.002082349940902861
2026-05-04T01:46:22.100Z,0,2.2875221247886657,-5.794787882223318,1.8419735110910551,6.496552199968916,0.031518881921765995,-0.04857406722791335,0.0030045448946580677,0.00236386175028483
2026-05-04T01:47:22.100Z,0,2.7672036476360518,-6.30893691595702,-0.6504562243208056,6.919768373057961,-0.07401277872354228,0.05710885116838593,0.012656132809318876,0.0025762024365097768
2026-05-04T01:48:21.100Z,0,3.8485096865770174,-6.654047536358121,0.24685447351657785,7.690794013291856,-0.09829322435717103,-0.01900825236411663,-0.006797267937841411,0.0013418086397671857
2026-05-04T01:49:21.100Z,0,1.3014770538575249,-4.9827418761196896,0.000423746769229183,5.149908669609176,-0.0001162477540894713,-0.07810718649681192,-0.04396960422514695,0.0011810177394127044
2026-05-04T01:50:21.100Z,1,4.61929242237602,-6.9403442366819945,0.47092817430893774,8.350330170264133,0.004480970237086268,-0.024257524093407312,-0.005439784811045456,0.0011773072787849385
2026-05-04T01:51:21.100Z,1,2.003720589527802,-3.372480967300362,0.9239269256795524,4.030156949759711,0.013421036781036122,-0.02688717368037885,-0.005254870840687431,0.0005031306393656996
2026-05-04T02:02:21.100Z,0,2.3546421091964476,-2.984347660230924,-2.2395520436475636,4.412058904381588,0.0022225712656975816,-0.023180986077342425,0.03519643461791233,0.0018753158631036823
2026-05-04T02:15:17.100Z,0,-7.957793490277254,2.196024426666554,-20.304976836087008,21.918966326687148,0.01580925905297903,-0.02511784328085298,-0.166709407916521,0.002598828006755902
2026-05-04T02:15:21.100Z,0,2.161464095934207,-2.7777601726484136,-19.896830107427377,20.20573500119689,-0.04631844437730237,0.01991776199261608,0.03211698577132438,0.0017686951459125408
2026-05-04T02:16:22.100Z,0,1.5032405826786999,0.39642227602598723,-10.52328764944832,10.637502800158192,-0.037486624990368256,-0.06534476950648127,-0.04615382706329996,0.0022592082353891495
2026-05-04T02:17:21.100Z,0,1.5128512818591844,0.252431328590319,-10.072274521007785,10.188383316464858,-0.018420848392430855,-0.04222409544585304,-0.026629686320056578,0.001202002674225754
2026-05-04T02:18:22.100Z,0,1.8234043750453566,1.1489276230349788,-10.955170778288448,11.165151363925725,0.03365511868924642,-0.09870879951900946,0.02111907601154428,0.0034242609530980525
2026-05-04T02:19:21.100Z,0,1.8015969808402588,-0.2445491904836672,-12.36272355163237,12.495698844083297,0.04100410795393472,-0.056685775238207725,0.009571601494506865,0.00491078988685455
2026-05-04T02:20:21.100Z,0,1.5494386170757934,1.661464583776251,-13.292244084368576,13.48499081904248,0.006026092311151032,-0.0007172957756651499,-0.02456640956438605,0.002731852706119774
2026-05-04T02:21:21.100Z,0,2.6280254269295256,0.8981457740446785,-13.255884502541448,13.543694378593345,-0.024780441985061685,-0.01842951145913929,0.1265120100439887,0.005037682942246805
2026-05-04T02:22:22.100Z,0,0.3649932382359111,1.6701108907000162,-13.831733408551372,13.936977417518797,0.018629161633754165,-0.02217360528655732,0.031863380122842955,0.0020979792140604185
2026-05-04T02:23:21.100Z,0,1.1196758205187507,3.9576235139975324,-14.238004219805589,14.82016268415439,-0.006091477575798088,-0.03116553302540126,0.00103328109180012,0.00025311597796079274
2026-05-04T02:24:21.100Z,0,-0.7987828876139247,3.0506525517921546,-14.358099983383,14.700325514291299,-0.010538450208097405,0.026475071806419948,-0.017826822157118727,0.004938819475873441
2026-05-04T02:25:21.100Z,0,-1.8348857861383294,4.325125632021809,-14.980149162965972,15.69963013977255,-0.011928634378488567,-0.052416075406291895,0.03482293193446395,0.0011942621502560996
2026-05-04T02:26:22.100Z,0,-0.8661432293592952,3.4031147051791777,-15.118164586738203,15.520640910158216,-0.05562395217231786,0.03541909117954489,-0.01414901583896011,0.006038853522316206
2026-05-04T02:27:21.100Z,0,-1.6079764050118683,4.157220353590674,-14.29676358384313,14.975497259179294,0.023730780210950986,0.027208849402438062,-0.014716765413425037,0.0004906599388468403
2026-05-04T02:28:21.100Z,0,-2.194778150624188,2.9696945575778955,-14.407452340719828,14.873157695858616,-0.050372613493943064,0.010780651175323896,0.04042300850137792,0.0024953982128176626
2026-05-04T02:29:21.100Z,0,-2.7346319338903413,3.8184509348866413,-13.58083903090801,14.370037165554718,0.05610917455745046,0.022235095125777704,-0.06533204909153767,0.0009417951974375664
2026-05-04T02:30:22.100Z,0,-2.0688072140728764,3.937817665246257,-14.08057330571566,14.766479467745787,-0.03888984093070036,0.08082323847602435,-0.006394363216699617,0.0020459147611693097
2026-05-04T02:31:21.100Z,0,-2.0380456248858536,3.673643876936694,-14.5214478814637,15.116935465819036,-0.00383730469888377,0.021402822811211752,0.015193582054706667,0.002124657242902512
2026-05-04T02:32:21.100Z,0,-3.179592184096691,6.6482839474701905,-14.303140229117162,16.090037486505377,-0.07400010778657595,0.04778486439428048,0.004972127990221509,0.002469379104648037
2026-05-04T02:33:21.100Z,0,-5.072515146366641,7.529345805778576,-13.258812465437586,16.069149515974935,-0.006237734974323672,0.028940264249266434,0.029551608591305012,0.0012676109341984258
2026-05-04T02:34:21.100Z,0,-5.070898414942349,8.575197449317784,-13.109343603900925,16.465203058407422,0.06013498438761644,-0.012356423653714366,-0.016088857982765603,0.0011537766763684149
2026-05-04T02:35:21.100Z,0,-5.1422885248939565,6.903178260472487,-13.087906552755157,15.66493853491827,-0.011290122875706743,-0.009025604031043244,0.010551737172903586,0.001226048616251517
2026-05-04T02:36:21.100Z,0,-5.256254912183067,6.849940910797159,-12.911672977224953,15.532585272711762,-0.03038601753369008,-0.013040775867390053,-0.010457158249543852,0.00044999616979697523
2026-05-04T02:37:21.100Z,0,-6.338993426652451,9.4367469109784,-13.497751608610997,17.647218716068664,-0.04764675064272694,0.05228640486309999,0.01951888040263583,0.00792270645593599
2026-05-04T02:38:21.100Z,0,-6.690804946174467,9.402900152053917,-13.373199206398567,17.664197097837974,-0.007014080691369884,-0.011662450064342522,-0.02127631250914419,0.0006235141240136812
2026-05-04T02:39:21.100Z,0,-7.644458758022665,10.327956792934856,-12.545354547910392,17.958016648633965,0.046612266408896375,-0.10490857229639161,-0.052685973046529,0.002682209127526947
2026-05-04T02:40:21.100Z,0,-7.279403346274194,10.219736614089925,-11.16615260616527,16.796299996228026,-0.005682769731674142,-0.009003847186495051,0.008737039438599936,0.00018964480483661583
2026-05-04T02:41:21.100Z,0,-7.526394908381917,11.15054392903403,-10.7555114382194,17.223886800832826,-0.02305262704460631,0.04507606451920054,0.033829810901941926,0.0018938542706121203
2026-05-04T02:42:21.100Z,0,-7.691618661283428,10.865806468245864,-10.514552571294189,16.964155257792424,0.004602159118682891,-0.028705966069964006,-0.02651023682265219,0.0006860643629205193
2026-05-04T02:43:21.100Z,0,-7.683329930614491,12.391995351208607,-9.553637897624867,17.431784323068776,-0.03517390353202643,-0.026047108688587173,0.03134151326555923,0.0010618226666210342
2026-05-04T02:44:21.100Z,0,-8.471099411053729,14.02515721247255,-8.163976322066446,18.306148405762126,0.0021426191461060284,0.0019422057873086374,0.017931915677671384,0.0008021942950310675
2026-05-04T02:45:21.100Z,0,-9.101945072416129,14.788035007768485,-6.53140125086793,18.552374128183853,0.011601404288796857,-0.02118336687662037,-0.015293541538952127,0.006274856581476658
2026-05-04T02:46:21.100Z,0,-8.938059340607651,13.69769245684438,-5.9564862658589846,17.406763399721438,-0.0018561328145594302,-0.0009450671472066574,-0.02505479080872064,0.0004717328702566908
2026-05-04T02:47:23.100Z,0,-9.245153953088447,15.120885421310959,-3.451191865678993,18.056156092437007,0.010481385293026335,-0.026093312269992452,-0.05621606926631273,0.0014001634023019715
2026-05-04T02:48:21.100Z,0,-8.837551275746591,15.507334190260735,-4.5326473118620925,18.415336486027357,-0.02857474380757452,0.044241857358073844,0.0030804515982474356,0.0007381027329043203
2026-05-04T02:49:21.100Z,0,-9.474449121626094,15.090763449734368,-3.325345907796873,18.126065570349834,-0.02437731441862212,-0.02361392972183296,-0.018860150657662444,0.0010996901489504294
2026-05-04T02:50:21.100Z,1,-10.312180727019893,16.60540439797842,-0.9374269748150255,19.56934582197965,-0.02276971656112181,-0.02941621822838414,-0.024002910432807667,0.00497975528256598
2026-05-04T02:51:21.100Z,1,-9.704421040282796,16.881698891211272,-1.6003356022338266,19.537876527923512,-0.01228979134504371,-0.008001057758555419,-0.016272795238858606,0.004673706667110922
2026-05-04T02:52:21.100Z,1,-9.357543810779134,14.22771041256965,-0.07523449130530935,17.02929916300949,-0.04057507299082275,-0.040431926377593186,0.05863634351710445,0.0026800091944894394
2026-05-04T02:53:21.100Z,1,-8.25068665346862,16.138378323034885,2.2129189455881715,18.25973974104972,0.003553001125311539,-0.0068108274939859825,0.0590712356124401,0.0021236189807224974
2026-05-04T02:54:21.100Z,1,-7.979314403200988,15.11811365213589,0.9505764046480181,17.121051785597224,-0.02813578995164434,0.049463670429794604,-0.02204360259069893,0.001689813533578743
2026-05-04T02:55:21.100Z,1,-8.315038082514548,16.82687732235877,2.6701904307628865,18.95820602461944,0.004070739613393215,-0.012426190687975236,0.03324133946730479,0.004351873386273388
2026-05-04T02:56:21.100Z,1,-8.68250740336407,16.892177843487843,2.9337738487811293,19.21818503660753,-0.004138450280244399,-0.060562829984789346,-0.1082675553701895,0.004027635154537097
2026-05-04T02:57:21.100Z,1,-8.13178491216604,16.752673514474736,8.991290360427229,20.67900621610783,0.006430291329184712,0.018968025714549697,-0.0031109270426377122,0.006114810229353647
2026-05-04T02:58:21.100Z,1,-7.356996977250674,16.309298597434463,7.868183036407572,19.545509191575572,0.010289192656109947,-0.004314048901221668,0.05841560425090542,0.0010211004245612803
2026-05-04T02:59:21.100Z,1,-7.357289279298129,15.45075248827743,9.399319117619598,19.524411844358735,-0.014110691848312484,-0.0033917367883162797,-0.034960743052536714,4.645059483419021e-05
2026-05-04T03:00:21.100Z,0,-5.944118688375966,14.562060483967798,10.655564605258405,18.998084365984706,0.011217691184839396,0.04400842319451925,0.03924621021367258,0.0018132940505237423
2026-05-04T03:01:21.100Z,0,-5.282101129296279,14.418815061617352,13.84563377177983,20.676179401995103,-0.023813006100770195,-0.029942172325547745,0.0046389846124483824,0.0021691004224857623
2026-05-04T03:02:21.100Z,0,-6.252982087517012,14.720164550453774,12.687259246376925,20.414445291607148,-0.016625116858737243,-0.012598061051249942,0.005086636860163196,0.0011895387387436543
2026-05-04T03:03:21.100Z,0,-5.7538074515832704,14.621074321439664,16.218778202528483,22.581649206507716,-0.02857444931758657,0.001385805823872488,-0.07486461337435912,0.0035255215121595203
2026-05-04T03:04:21.100Z,0,-4.3280814320496575,13.124200549100351,15.068194657942513,20.44571884735546,0.028368608605777723,-0.004746502466623781,-0.005479424012300171,0.00494548224643098
2026-05-04T03:05:21.100Z,0,-3.865258989662834,11.402310463381582,13.678343223546108,18.222238729136443,0.06998493653420645,-0.08796406961941727,-0.07480560812478387,0.0027284603754203535
2026-05-04T03:06:21.100Z,0,-2.842712044639484,11.833933546768094,14.955291686419514,19.28169454129876,0.010747353797135872,0.014701399688732408,0.008823232859000996,0.005083498699098591
2026-05-04T03:07:21.100Z,0,-4.626659776477027,9.702125714284193,17.44887621498492,20.49391385823878,0.013772395470512677,-0.08732513692510935,0.0919658472646745,0.0022047424340516917
2026-05-04T03:08:21.100Z,0,-3.399947408524895,10.629560320012388,18.465367612407135,21.575842881307125,0.04075893061272762,-0.026389758276401665,-0.0014278195834549479,0.00020605057766197535
2026-05-04T03:09:21.100Z,0,-0.9712048818073526,7.475186839656089,19.565749973935453,20.967599510978104,0.043077671801783346,-0.06081465915208639,0.0030319858552729784,0.004867848974650677
2026-05-04T03:10:21.100Z,0,-2.7379609814488504,7.70621578067221,19.178405892944284,20.84930321590479,0.04197796742766435,-0.007484884909203515,0.008567423742888991,0.0010560570546119454
2026-05-04T03:11:22.100Z,0,-0.5111544769533793,6.6389578923917725,19.39723595387477,20.508286214273305,0.0607927172678463,-0.01999610795655471,-0.0050795066357522956,0.005974295490712895
2026-05-04T03:12:21.100Z,0,-0.10869536754398723,4.307497813897498,19.175193380306155,19.65335577635011,0.020711616841501135,0.013175238095186614,0.047680480730782904,0.0003822389898317638
2026-05-04T03:13:21.100Z,0,-1.740633172175876,5.968007028968714,20.422965672423743,21.348171785773545,0.0021562112547668377,-0.02163526211607092,0.025005729688665213,0.0026889127674224324
2026-05-04T03:14:21.100Z,0,0.06624968546020682,1.0397272371847066,22.198303892309923,22.222738747596104,0.012299781141478228,-0.06052119622923513,-0.010857250800633267,0.0008714391275680563
2026-05-04T03:15:21.100Z,0,0.5296428594192548,1.9524913805071265,20.641330928356183,20.740233524321802,0.001068121433633884,0.022333608666880167,-0.013896241688904354,0.0019851160632611913
2026-05-04T03:16:21.100Z,0,1.8819691667886218,-0.8352123923032195,21.040999261913385,21.141500363617517,0.06037159706417938,-0.09027383560944457,-0.09315524665165498,0.002342015189945761
2026-05-04T03:17:21.100Z,0,3.725449676039716,-2.096399879519595,20.16669769091095,20.614789921319773,-0.03977940967403448,0.0303353294626163,0.01777581237316639,0.002437263887274703
2026-05-04T03:18:21.100Z,0,1.3818837851431454,0.42143528116866946,20.25680194859092,20.308255357767493,-0.07990117021816623,-0.17556138837293567,-0.013191711531135297,0.0014324371021644216
2026-05-04T03:19:21.100Z,0,2.316888153018226,-5.760518245551793,20.77879595003651,21.686629574560104,-0.02199015014636707,0.08543421783963057,-0.023423974564451555,0.001310056273738533
2026-05-04T03:20:21.100Z,0,4.629619874776836,-6.324458668132138,19.332509056766867,20.860921936956988,-0.07153268412496416,-0.04585206889257121,0.06326287931202046,0.0012058692942446946
2026-05-04T03:21:22.100Z,0,4.7082261157811445,-9.321042997726181,18.652850180615133,21.37704506201121,0.024861954202259895,-0.005890816387910114,-0.01749314744081687,0.0004985530530543224
2026-05-04T03:22:21.100Z,0,4.734485487006168,-7.713078384767869,16.00487942005202,18.38649222246185,0.10390340259514019,-0.19213500810555395,0.03518506537769639,0.007880330954882001
2026-05-04T03:24:21.100Z,0,2.6696746174366126,-6.445671835535904,17.038785552358604,18.41179135971485,-0.03254989307333034,0.015229974771102661,-2.3057393327974296e-05,0.0027681494691451816
2026-05-04T03:25:33.100Z,0,-10.367259570557508,3.790647834648553,29.70304880227559,31.68785556266008,-0.17591509830916507,0.2518278499965554,0.11048151196568767,0.0013323524762686527
2026-05-04T03:26:21.100Z,0,4.494775350622149,-9.09032998697512,15.249016903453594,18.313099717046075,0.013773634292668646,0.02955996433229302,0.021204396119856028,0.0017588948157241306
2026-05-04T03:27:21.100Z,0,6.139760781252335,-9.446079923691286,14.284177648278273,18.1923835564046,0.125287772961169,-0.07549216385349666,-0.16812502589136358,0.0007214460747402493
2026-05-04T03:28:21.100Z,0,4.962075358207585,-11.590977172090788,13.016258669722447,18.121697862551,3.011906413163956e-05,-0.04461229305263714,-0.02222219328551489,0.0012006296168292625
2026-05-04T03:29:22.100Z,0,4.539164992138467,-12.298546268539212,11.107374040875584,17.182316992453956,-0.013059340312260304,-0.04347939567050929,-0.27111957245296026,0.0007868569160104915
2026-05-04T03:44:14.100Z,0,-12.708044663895635,57.011345117359724,-29.138531535863876,65.27512459840116,0.010631604993927013,-0.10065041702400634,0.10790080365385979,0.0008627220300640317
2026-05-04T03:44:21.100Z,0,-2.920406135444864,1.9192678765307392,-3.3800448172769393,4.861796390700408,-0.06971510940845249,-0.08161302904152734,0.14316496721811234,5.44159486569232e-05
2026-05-04T03:45:21.100Z,0,0.9774036896033067,-16.569077816143363,-8.01607111498015,18.432228670735487,0.007510182979508784,-0.0033839148505521166,-0.1282011976597719,0.0017977411977192236
2026-05-04T03:46:21.100Z,0,1.3130598833868135,-15.750750735151087,-7.001564799793414,17.28676327783569,-0.011605894493449398,0.00619369227639055,-0.060913295351516794,0.0022516731611365703
2026-05-04T03:47:21.100Z,0,1.2920889828365034,-15.096644282039051,-7.483327409318008,16.899063631841855,-0.011411769280655903,0.001862047160017255,0.03892909495784025,0.0011495470335718381
2026-05-04T03:48:21.100Z,0,1.3795501854474423,-14.485609732219018,-6.845218572379963,16.08082912451911,0.0052972678212803714,-0.020562751818609115,-0.031236265089162885,0.0035821352429501194
2026-05-04T03:49:22.100Z,0,0.027861286525876494,-15.994542565294978,-7.914022447039315,17.845389304146938,-0.009659564897845918,-0.005200995554233145,-0.1303225695510335,0.0050481893861639635
2026-05-04T03:50:21.100Z,1,0.07057242896735261,-15.374555332982709,-6.347239911519864,16.63338169612746,-0.001270594543245629,-0.006570909333980524,-0.043614296137306496,0.002776164338506435
2026-05-04T03:51:21.100Z,1,-0.9431401099391223,-13.805836940264271,-9.103220920223976,16.563794191263817,-0.014839462194160546,0.03471786631425999,-0.04192907436806337,0.0050360655587345145
2026-05-04T03:52:21.100Z,1,-0.17820460197981447,-12.56326701513899,-10.769121471639664,16.548154345569074,0.021937648589154257,-0.003994957215702755,-0.005985180361101072,0.0023076693668293287
2026-05-04T03:53:21.100Z,1,-0.34496980356379936,-11.61271448017942,-11.865402594594343,16.606080828881502,0.08260816911187518,0.07415115082132218,0.0028218184677797353,0.0002791875686249871
2026-05-04T03:54:22.100Z,1,-0.8637449836896849,-11.71061634158832,-9.831190316617722,15.314597400463473,-0.0058844530780866044,-0.0076884476438721094,0.01694749348768454,0.004959505196053661
2026-05-04T03:55:21.100Z,1,-0.6988309942244086,-9.09273930847121,-14.378508438312565,17.026678413622893,-0.001315260929321549,-0.023822800411466005,-0.04210193647935512,0.0011633642702473049
2026-05-04T03:56:21.100Z,1,-0.6607492393868597,-9.004633921904315,-13.558808272136957,16.28991416138924,0.0398240579616016,0.011172900388878304,0.012169484447710488,0.006012789692625764
2026-05-04T03:57:21.100Z,1,-0.8252264788097818,-5.507861712430895,-14.263045836287347,15.311826014967151,-0.007152491142248252,-0.018325127912000028,0.02364194811388387,0.00042668102685046384
2026-05-04T03:58:21.100Z,1,-0.4164200654486194,-5.047212677709467,-15.181348601345235,16.003784141274412,-0.028784077219512483,0.018279570669577083,0.014320904600850781,0.0025602719758781667
2026-05-04T03:59:21.100Z,1,-1.0583544515156973,-3.9679448773313197,-14.169487354593002,14.752595452548475,0.0013494085175924653,-0.024537888182685208,0.02147509827032934,0.0009333976741394423
2026-05-04T04:00:21.100Z,0,-0.8304934572151979,-4.2096919132745825,-15.66468309101765,16.24172163685799,-0.011668741898285262,-0.11133709590804841,0.025380343146252926,0.002069316511841271
2026-05-04T04:01:21.100Z,0,-0.5705523271899438,-1.4902063576300861,-16.319074891725904,16.39690367929695,-0.025431517278184934,-0.04824337780773291,0.01716926532235874,0.002186227964922924
2026-05-04T04:02:21.100Z,0,-1.8006578743552382,-2.077605599879462,-16.29241337059284,16.522758463628293,-0.04310363012272056,-0.01810371903010477,-0.04621463082266075,0.002472867904846809
2026-05-04T04:03:21.100Z,0,-1.6054822781370603,0.5130259596626274,-15.778813029783123,15.868576168313073,0.008572264402539886,-0.01712702228173768,-0.010196524327987788,0.0013101213894026172
2026-05-04T04:04:21.100Z,0,-0.493850397560891,0.7811688892616075,-15.029668879606106,15.058056304826382,0.0043888843141992595,-0.022637165489447497,0.042464112052442715,0.0011654368590263708
2026-05-04T04:05:21.100Z,0,-1.0844298401480046,1.5871993509790627,-14.629491053369748,14.755243079616726,0.03568973614553883,-0.017710083447530778,-0.013653286937476139,0.0011957784501102355
2026-05-04T04:06:21.100Z,0,0.384484324058576,3.08135928480624,-14.306615421446622,14.639735245375263,0.03218702643836835,-0.06383631323381156,-0.02057380006448284,0.0004702332390982976
2026-05-04T04:07:21.100Z,0,-1.3898100596634322,4.786965183484426,-15.749159145542535,16.519159223806152,0.02327720485895135,-0.014462059155624651,0.01736156954379453,0.007950767090452237
2026-05-04T04:08:21.100Z,0,-1.0192243722713101,3.893201320352091,-14.833139579536692,15.3693807496542,0.014978663665621283,0.009487839460975422,-0.014036885835011503,0.0005860833455673098
2026-05-04T04:09:21.100Z,0,-0.8036201859340508,4.223870394525875,-14.563057622353881,15.184516252584153,-0.0027133334934426045,0.03678549195018643,0.002537027663507274,0.0026836457267814017
2026-05-04T04:10:21.100Z,0,-0.21011968158290983,6.3479850305157015,-11.956566981098149,13.538853651684342,0.010869735787899515,0.008734003692723036,-0.032287305085532125,0.00014570735775060526
2026-05-04T04:11:21.100Z,0,-0.17112658792939328,6.795946536840347,-13.916284480728791,15.48796782632446,0.024092883188719938,0.11307097470281136,-0.028165271157121197,0.0018608732992787228
2026-05-04T04:12:21.100Z,0,0.7366493133531549,7.866951788855658,-13.26052352305851,15.436096228147548,-0.012348389597960363,-0.0009072381801367158,-0.021034375879303013,0.0006767158730546612
2026-05-04T04:13:21.100Z,0,0.756164361575884,8.557574535188905,-14.477875553438935,16.834867002976168,0.03279416755197495,-0.042223942113395196,-0.015216530316664034,0.001087516443232464
2026-05-04T04:14:21.100Z,0,0.7262286673039853,9.573617750902486,-12.034950451834447,15.395505749916742,0.016464199240173727,-0.0649094399483019,-0.00436787628199653,0.0008005848913491832
2026-05-04T04:15:21.100Z,0,1.764105275753991,9.974529147257272,-11.689379810832179,15.467543421478371,-0.00943348968829305,0.06604497721118818,0.03956663837367813,0.006267143207341005
2026-05-04T04:16:21.100Z,0,1.1991929641368415,9.832659918174613,-10.649606218521512,14.544187067047954,0.02630594018393495,-0.01435514226066914,-0.06812097236608139,0.00045821672159070364
2026-05-04T04:17:21.100Z,0,3.1386343955670526,4.01067019902257,-12.056595732246933,13.088086260611185,0.06436995069547535,-0.13548428514109645,-0.11481532643475845,0.0018335270102168347
2026-05-04T04:18:21.100Z,0,1.8250611541503758,10.887846519835875,-8.750193921514438,14.086942312652491,0.012179561513558923,-0.021319638079830838,-0.042091217465234365,0.0007366693057876373
2026-05-04T04:19:21.100Z,0,3.1060439217469593,16.590074844316405,-3.492781234854192,17.235939572253983,0.004992498623845876,-0.005965255767570454,0.0536885498263473,0.0010554273951247463
2026-05-04T04:20:21.100Z,0,2.350562109143084,13.596380898889038,-7.028892228845507,15.485220106325214,0.02641683786275273,-0.03851059409409885,-0.030152605113187292,0.004947232417760384
2026-05-04T04:21:21.100Z,0,3.0510500731679713,13.247724218672374,-3.545863733961596,14.049350630644852,0.04102078313206192,-0.0020295809282089294,-0.04224296310439968,0.004647449659552342
2026-05-04T04:22:21.100Z,0,2.712164244826454,13.94940347654483,-4.274385500139033,14.839543916379467,0.02383091245183877,-0.00242754381485355,-0.00016955582715638684,0.0027453132311552287
2026-05-04T04:23:21.100Z,0,3.115968381280254,13.644125173414068,-4.574340805447719,14.723994176354248,0.006246370060969397,0.013593704235148607,0.046624745741130624,0.002148701895218747
2026-05-04T04:24:21.100Z,0,2.8168875820711037,15.699088021392527,-3.141701817185094,16.256276039165943,0.03135863776670966,-0.01780132067619178,-0.00201089418760958,0.0017376884943575625
2026-05-04T04:25:21.100Z,0,2.901537149341493,16.216124774928176,-2.215515321950079,16.62197727969942,-0.008830126399184124,-0.017597246802836253,-0.009507300243516426,0.004294008887773048
2026-05-04T04:26:21.100Z,0,2.906537000285425,17.274758023631875,-0.36227258169674315,17.521314549214374,0.028846122696379872,-0.011313298330151156,0.00264687189144297,0.004025873446126305
2026-05-04T04:27:21.100Z,0,3.2617179393810147,16.6446815674135,0.11035744410037296,16.961615700225703,0.011760906395430482,0.016694451408838518,0.009930564655036278,0.006166496963079998
2026-05-04T04:28:21.100Z,0,3.762077026863153,16.254615285333784,1.760462884703884,16.776917809856435,0.012624468525457289,-0.0340092213768628,0.0038885016677703277,0.001054111071202621
2026-05-04T04:29:21.100Z,0,4.15186437965076,16.592190171991206,1.5182574343270971,17.171017971204382,0.03550834342280762,0.008854973152949697,0.06627900764222261,7.217452194839374e-05
2026-05-04T04:30:22.100Z,0,3.4064216074511933,17.02719130037167,3.211691090655222,17.659102791732007,-0.005607430770604438,0.0711430103192967,0.15634201787873003,0.0015817813824850796
2026-05-04T04:31:21.100Z,0,3.8571860704905703,17.568714884831138,6.473506109614391,19.116587259186417,0.01608372649930523,0.012276201738714576,-0.014785948988196851,0.0021637842329734628
2026-05-04T04:32:21.100Z,0,2.870401099698938,16.70121568616878,8.682547093485482,19.040914681277165,-0.020607535000077837,0.042401405089265154,0.051273792032846544,0.0012206355907534241
2026-05-04T04:33:22.100Z,0,4.279947636177894,16.084188251511478,6.984077783272369,18.049831189273856,-0.019137389311765785,-0.0029142537991688755,-0.02783540181594546,0.0033905385336220465
2026-05-04T04:34:21.100Z,0,4.606324874885104,15.314763158357891,7.425827299812227,17.632444825837908,0.03011966609872685,0.0445448987900221,0.09920632615867397,0.0049525375859305895
2026-05-04T04:35:21.100Z,0,5.715505121997921,16.11593731627181,9.507477229817596,19.564829609712596,-0.01773404973604009,0.0007099419940814755,-0.013782511288695787,0.0027129689118599743
2026-05-04T04:36:21.100Z,0,6.821139332032544,15.953728997374128,8.967360001406632,19.531076675480158,0.014729469183405453,0.03050059511089387,0.001055218165291194,0.005070907941536168
2026-05-04T04:37:21.100Z,0,4.584729611337934,14.858355612432206,13.54781907866709,20.623624291158684,0.004219484201872792,-0.004495211409327737,0.03481568735308471,0.0022232028189399598
2026-05-04T04:38:21.100Z,0,5.603991016982945,13.230181221388193,11.327008425723761,18.29599765920447,0.04474360006567757,0.021170769676004397,-0.03382569738574759,0.00022866231756305593
2026-05-04T04:39:21.100Z,0,6.001967413681086,13.145952824288543,11.744513413759705,18.62184963475141,0.00342906875161475,-0.013180513447785813,-0.011836564213218992,0.00488059614016134
2026-05-04T04:40:21.100Z,0,6.9030485724397295,11.263866177614545,13.581778066509287,18.947069860761687,-0.027086475223425666,0.012819599564117823,-0.06416094581140896,0.0011204441121314634
2026-05-04T04:41:21.100Z,0,5.414528853293632,11.831638534204103,15.412183701300819,20.170280105884878,-0.013812073532126767,-0.002649954053524084,0.10221202780957839,0.005983367849662566
2026-05-04T04:42:21.100Z,0,5.464317223072612,11.636213810561458,14.429056038352428,19.325058673064458,-0.010003033545036288,-0.022948822861579288,0.029129340563649464,0.0004224893304988267
2026-05-04T04:43:21.100Z,0,5.895488461305831,10.824659569152573,15.801437895788695,20.040346268463118,0.010946798263855584,0.0063609577143353135,-0.009680184471783093,0.0025751043721698023
2026-05-04T04:44:21.100Z,0,5.7891484799483806,9.847284883107932,15.925478259305237,19.598574373652244,-0.007644403118511889,0.021342679155544886,0.03964431907821364,0.0009200593050774929
2026-05-04T04:45:22.100Z,0,6.619851434379598,10.307048290997045,15.919366916932631,20.086909182901483,-0.09276562178417436,-0.06767249831796107,0.07047463620235561,0.001970983819757991
2026-05-04T04:46:21.100Z,0,7.265058279983805,7.477013808966149,17.21892654131807,20.129039682665926,0.040775629009282,0.000533844209726908,0.01166481586967194,0.002208401863199133
2026-05-04T04:47:21.100Z,0,6.427686752260797,11.053553073907096,17.117530277573678,21.366001856840732,0.0447819798401472,0.05126579172065604,-0.012465239771053405,0.002463074460675664
2026-05-04T04:48:21.100Z,0,5.562591566473429,6.641344655690773,18.84797639604585,20.743579681361055,-0.007916687008391321,-0.0031022447837258937,0.008830695276351719,0.001340400604959757
2026-05-04T04:49:21.100Z,0,4.848516847658857,2.9245527930470416,18.84724522506076,19.679425226233786,0.019738521862988634,0.04988082582713105,-0.02328490955605389,0.0012186517133198752
2026-05-04T04:50:21.100Z,1,4.490607460617468,2.6589064982545096,19.052321018534712,19.754145775636893,0.023977111088369085,-0.008661944413734801,-0.005518860978881435,0.001209724880815287
2026-05-04T04:51:21.100Z,1,4.291823565445441,-0.9360295152873732,17.77304472579999,18.30784038590267,-0.0012902973591799594,-0.07009458830897763,0.02759493412529679,0.000531368559310723
2026-05-04T04:52:21.100Z,1,4.330162730894926,-0.35590082916314714,19.50301013130229,19.98110054170966,0.027899623394223028,0.06037430835803548,-0.03533235106267796,0.007873261787703156
2026-05-04T04:53:21.100Z,1,3.3760100540689564,0.8848208990457351,20.137415662929925,20.43760899641096,-0.03800218830751767,0.10925188797139551,0.0421064763012069,0.0005981295816580202
2026-05-04T04:54:21.100Z,1,3.1755330855958164,-4.610295226484595,21.755473286589222,22.464181498032765,0.018858200414140214,0.04876842347600885,-0.03462629096961933,0.002740761511315091
2026-05-04T04:55:21.100Z,1,2.8477639713742064,-6.14765665068262,20.484161569037205,21.575549057156344,0.027451550681734105,-0.05128132511217354,-0.026976167700532017,0.00020548211408378888
2026-05-04T04:56:21.100Z,1,3.038960646790656,-8.62696811054775,20.063694069165194,22.050208168953976,0.10037398733486746,0.00814700585649586,0.0704683130816619,0.001854571789512411
2026-05-04T04:57:21.100Z,1,1.3931982937265275,-10.917488152699661,17.855416834777316,20.97494837642346,0.01094451010619224,-0.033652178571319524,-0.0016940328944059502,0.0007271988173342433
2026-05-04T04:58:21.100Z,1,1.2881152601948997,-11.389207268621249,17.308459408695853,20.759480972163878,-0.033794940901721304,-0.16654777675073618,0.03398767645812484,0.001092013653741524
2026-05-04T04:59:21.100Z,1,0.5231879169969034,-11.06418075687543,17.53836057287117,20.74328597405305,0.019144200220200247,-0.04906196312060018,-0.02515686094639591,0.0007335764992273618
2026-05-04T05:00:21.100Z,0,0.8104373655442032,-13.927208192399121,17.40891586678117,22.309062921031995,-0.022977104773502788,0.13478226341900879,0.035372911461273304,0.00631364924640667
2026-05-04T05:01:21.100Z,0,0.6304717938974136,-13.846393087987963,15.655987353511591,20.910046299405842,-0.0002267708425485182,0.021966300985276632,-0.013022549619101653,0.0005459069882413915
2026-05-04T05:02:21.100Z,0,-1.3410042943178269,-14.637365460657747,14.675656030249229,20.77078814259165,-0.014870915654441319,0.06638848724627167,-0.004353840835413791,0.001710050692287922
2026-05-04T05:03:21.100Z,0,-0.2646785997058032,-16.130117590364534,13.540610715608636,21.061787359855884,-0.04519157692273179,0.06331893622624207,0.02837382279974321,0.000792659853646906
2026-05-04T05:04:21.100Z,0,-0.7478289230675728,-14.309429190689116,10.548649831889634,17.793061151396838,-0.00808633625548616,0.0948261332727185,-0.08292902860684848,0.0011678029890276284
2026-05-04T05:05:22.100Z,0,-0.7605823748235707,-17.454064234698308,12.221931405292707,21.321314479495562,0.0037932859556777387,-0.040895968722587384,-0.0003686247840306578,0.004994160333227866
2026-05-04T05:20:26.100Z,0,7.166443146843449,-26.528915097514982,-12.696249760665523,30.271042294795485,-0.042240769632329034,-0.01641269868102313,0.06296833224084253,0.003589842098781992
2026-05-04T05:21:21.100Z,0,-8.398958064731232,-19.1557929551891,-4.253342257470649,21.34426903584125,-0.11056230782591214,0.050716107565129676,-0.12412475299450332,0.005037109626128345
2026-05-04T05:22:21.100Z,0,-6.7716229533516525,-20.754180169205938,-5.752673497227079,22.5761848921362,0.007477110653519858,-0.0018063600100148847,-0.05063339216437868,0.002332887838405362
2026-05-04T05:23:22.100Z,0,-6.40594384447013,-19.65876728081639,-7.908584192591661,22.137049294590113,-0.007423408479256821,-0.03458598929029222,0.05124660158450922,0.0004753222456864539
2026-05-04T05:24:21.100Z,0,-7.937615689513677,-20.552138530092634,-8.499419220242999,23.614323366888325,-0.010733116919903196,0.010775030016674236,0.012429111787781721,0.004975817285692077
2026-05-04T05:25:22.100Z,0,-7.911528714942051,-19.4085803532289,-9.382774082041578,22.963486830395045,0.014972702708337948,-0.0033117913753599737,0.008814677922241998,0.001359488124101549
2026-05-04T05:26:21.100Z,0,-9.557012899591655,-18.2858378916535,-11.81204161093774,23.774622814701328,-0.0005217506868770982,0.003972779433425444,-0.05548354624629326,0.006010537888452055
2026-05-04T05:27:21.100Z,0,-8.507659613627538,-17.072678611839365,-10.621778149470629,21.832975018102275,0.005072428063357393,0.013778001510367233,-0.021320920228884432,0.000516052329004133
2026-05-04T05:28:21.100Z,0,-7.3425583220558535,-17.765385221537144,-12.814722040275228,23.102795842752837,0.03861965924789601,-0.0034210888015806518,-0.11632530706773281,0.0024849080537347615
2026-05-04T05:29:21.100Z,0,-7.477069398873937,-16.58588739701372,-14.351689514114696,23.172596303641622,-0.002587130051079356,0.00949470755795545,-0.05055502118267441,0.0009434819658132069
2026-05-04T05:30:21.100Z,0,-7.475639770916587,-15.08866252243024,-14.085468818848312,21.95343614441823,-0.05875417752365664,-0.028886998681976195,-0.04284249199937307,0.002101254126229396
2026-05-04T05:31:21.100Z,0,-7.313737089361894,-13.383399488702707,-16.001553131900437,22.105561171785446,-0.006360188243625942,0.00953683362858726,-0.010820069185513148,0.0021769842537309406
2026-05-04T05:32:21.100Z,0,-7.269323738682942,-12.125458909395093,-17.047866951543256,22.147225311057117,-0.024274432357529463,0.09384825915859096,0.0014915918091773506,0.0024691054706581987
2026-05-04T05:33:21.100Z,0,-6.131256773073801,-10.728485452091263,-16.318077501637163,20.46881440295295,-0.04828945626078607,-0.004721800890727934,0.04042979960683368,0.0013448243069868727
2026-05-04T05:34:21.100Z,0,-7.363127959706617,-12.493378808358102,-17.249659979370335,22.535548291622177,-0.03144534438925817,0.14599638025858397,-0.06531618499661107,0.001230215762826108
2026-05-04T05:35:21.100Z,0,-6.518172472738115,-10.209833943008562,-17.644438977185928,21.402184662968608,0.01703363166605243,0.01348188765959435,0.020880805703171745,0.0012091669100699103
2026-05-04T05:36:21.100Z,0,-4.475461924812407,-5.783724826869729,-19.06691547765149,20.42127562483061,0.024271941342579595,0.07580395201101098,-0.0022580120138115944,0.0005549106616161109
2026-05-04T05:37:21.100Z,0,-5.907443505066112,-6.874522712678299,-19.36258268642632,21.379115032698945,-0.006938057441896461,0.019673825917276844,-0.023239324679735773,0.007850088010325704
2026-05-04T05:38:21.100Z,0,-5.6309541059818,-5.472465156344697,-18.85936062262772,20.428680870907964,0.0291326961137095,0.1682298543177474,0.0150233137965472,0.0005953606780297237
2026-05-04T05:39:21.100Z,0,-4.7249668837139325,-5.522228005247598,-18.760092408911078,20.118682396842424,-0.02199823193094197,-0.10269757704550742,0.017287178548208715,0.0027544012703089194
2026-05-04T05:40:21.100Z,0,-3.668632850576614,-4.4163577131257625,-18.814594239756843,19.67109653398373,0.03735683673999901,-0.05838216162112886,-0.01882545921105816,0.00021388963560072546
2026-05-04T05:41:21.100Z,0,-3.7169724644172675,-2.892724062803609,-19.11741535150213,19.689065659055753,-0.03167326462727438,-0.00610194950978471,-0.001529480305073605,0.0018541167483820556
2026-05-04T05:42:21.100Z,0,-2.6669123697047326,-1.2518263774836669,-18.99464791642913,19.221762154811756,0.04535544816564041,-0.05852347507739886,-0.03846822000586059,0.0007226221068083484
2026-05-04T05:43:21.100Z,0,-1.8973918583924387,0.5419485823949799,-17.753202542280633,17.862530745599667,0.00570864592774889,0.006362428532080688,-0.01766909254818927,0.0010871354976012455
2026-05-04T05:44:21.100Z,0,-1.768738440659945,0.36400750741449883,-16.988156256957154,17.083863443252955,-0.02223302491666246,-0.06404150135175257,-0.006660025995586238,0.0007609714029267046
2026-05-04T05:45:21.100Z,0,-0.9088974613860046,0.5456947283164482,-17.302223012165996,17.334670417823144,0.029690734431708776,0.05093606220984981,0.044223591106451465,0.006275950474220612
2026-05-04T05:46:21.100Z,0,-0.05609179197563208,2.615081334624847,-17.045614767766892,17.24513785062164,0.035361613321960306,0.07781564683484454,0.01556956328396808,0.0005191625534051285
2026-05-04T05:47:21.100Z,0,-0.6182810866448563,2.1726450349888182,-17.70200564192237,17.845550193166243,0.007145530994456806,0.032240777600556214,-0.0004668294293352915,0.0017808000361198327
2026-05-04T05:48:22.100Z,0,-0.03618199571064906,4.469626607715327,-15.828888133000873,16.44787435130346,0.02283837798799926,0.04353815082058787,0.00395806730413284,0.0007172939510866551
2026-05-04T06:06:21.100Z,0,7.2371487428881665,7.405725422984233,-1.601912756996171,10.477939465770445,-0.002580374314664624,-0.005067511494871724,-0.04122783740811986,0.005057999777387847
2026-05-04T06:07:21.100Z,0,6.849320727496888,6.617714107392203,0.30129576407489367,9.52880441465485,0.008803607645546663,0.043687945328940714,0.0018286661639943524,0.002207576427236292
2026-05-04T06:08:21.100Z,0,6.469522540101025,7.453397710605714,0.03384373485459946,9.86960002876138,-0.03848511208914829,-0.016886752693068274,-0.026415554397002383,0.00020087148767979464
2026-05-04T06:09:21.100Z,0,7.133081184747425,7.362312010855021,0.4379552656246233,10.260423487754595,0.01733526241354255,-0.006302726954565685,-0.013792800127143678,0.0048715774187958584
2026-05-04T06:10:21.100Z,0,8.273945587689013,7.5188187397543516,-0.043313304558978416,11.180012829673833,-0.017315792270711228,-0.003888664124040986,0.011374607581604579,0.0010741975830827527
2026-05-04T06:11:21.100Z,0,6.359322363692854,5.669142033639218,2.033663226029603,8.758763522315476,-0.005301932848311708,-0.044909214560462374,0.019352273906925177,0.005952244772244527
2026-05-04T06:16:22.100Z,0,6.826830729323774,1.328935039055068,7.231447742015007,10.03322094794895,-0.037751908899874564,-0.04787630647662411,0.07488029509739036,0.002428688031949442
2026-05-04T06:17:21.100Z,0,5.6506421152562325,1.3397886486927746,10.442046652315184,11.948268838078603,0.0436531158514164,0.015241728518411435,-0.049483880381728795,0.002472207238103134
2026-05-04T06:18:21.100Z,0,3.8021736170321674,0.4299663914935081,7.061841265567637,8.031873839394102,0.01892575516038164,0.05575869266127853,-0.04515767071300303,0.001374979885053486
2026-05-04T06:19:21.100Z,0,3.4361171985892724,1.6808114751256653,5.1129036573911435,6.385437528244939,0.03880898258490362,-0.005392845762841603,0.019279938054950208,0.0012227593025772954
2026-05-04T06:20:21.100Z,0,4.37175030333492,0.7771032287564594,6.502097954580677,7.873586727395266,-0.07308666718719437,-0.009839226279950708,0.013756605953041401,0.0011882622954438571
2026-05-04T06:21:21.100Z,0,3.282698656903449,2.619491190671397,8.027262431824056,9.05951360280532,0.023917260814965147,-0.013954491526746438,0.0211149078737094,0.0005263285931388592
2026-05-04T06:22:21.100Z,0,3.2079506027002935,1.6651750720484415,8.2693887284222,9.024773960143978,0.0055367705629194575,-0.0009064819250781397,-0.013238567380113864,0.007903039859659905
2026-05-04T06:23:21.100Z,0,2.665189406798163,0.7715599167568143,8.776920585205517,9.20504612906743,0.01134898571919507,0.0657724070052268,-0.030956412811811163,0.0005925678102618321
2026-05-04T06:24:21.100Z,0,2.3467404453185736,0.17781870428734692,8.749193844778347,9.060198846758043,-0.029428812623244482,0.02822289889969909,-0.01367083239944833,0.002689672568265256
2026-05-04T06:25:21.100Z,0,1.8693503188842442,0.43847840152011486,8.957153163464682,9.160640082280146,0.018011109886639787,-0.012067605137389137,-0.006277069338089802,0.00014865768209274666
2026-05-04T06:26:21.100Z,0,2.1614561746901018,0.416311461776786,8.628861836314172,8.90519312640169,-0.033488548558668896,-0.004531897777493299,0.009577706602037495,0.0018676611638769917
2026-05-04T06:27:21.100Z,0,0.24314994925589417,0.2076645669149002,9.23274808064889,9.238283584676369,-0.046039486630622406,-0.07307859959038154,0.06388880515828532,0.0006560813090783417
2026-05-04T06:28:21.100Z,0,0.40121275014826097,-0.4835758491026354,9.379126010571781,9.400150104913273,-0.044523846086441665,-0.004067185792266947,0.022442149667512012,0.0011077700448157053
2026-05-04T06:29:21.100Z,0,-0.5756156665484014,-2.585642888334405,9.526761292818264,9.888177955109352,0.03262068325904366,-0.015340327636614859,0.06658937637560314,0.0008135265643564129
2026-05-04T06:30:21.100Z,0,-0.3137169455840194,-0.9766383700480219,9.24760501493438,9.304323690630937,0.009082242879099311,0.011176338269830444,0.016360917523883245,0.006235191528105797
2026-05-04T06:31:21.100Z,0,-1.013862844047253,0.5980232508591143,9.905176417021266,9.97487190531397,0.02293451077339803,0.009468864234585261,0.0373304153882259,0.00048015622203622895
2026-05-04T06:32:21.100Z,0,-2.0395672518134234,-2.9654633444806677,10.044429458048398,10.669787746709803,-0.014533070469058273,0.049631378283621075,-0.004945785930132729,0.00185319943348984
2026-05-04T06:33:21.100Z,0,-2.0405939421834773,-1.7218445746038924,10.650228890881408,10.979806364601053,-0.019208927850566937,0.03124850018365599,0.027924533499756876,0.0007041927492955895
2026-05-04T06:34:22.100Z,0,-3.6585211992132827,-3.6622809629989206,9.33831004977037,10.677130410493243,0.03049146312739115,0.018034921716703067,0.01512561053917949,0.0009400446199798167
2026-05-04T06:35:21.100Z,0,-4.715012889846548,-4.495835313718999,8.673175650756093,10.84748162424672,-0.009959264805403656,-0.002678438747683032,-0.012161281583544792,0.004922749327456992
2026-05-04T06:36:21.100Z,0,-5.331297820248437,-4.891257785857306,8.201319935096762,10.936580263213497,0.00020683750590055894,0.02268892369094999,-0.012281582135287294,0.004679117867056827
2026-05-04T06:37:22.100Z,0,-10.528227330723894,-3.158614154017414,3.9497752904935624,11.679946016431506,0.007858463703600167,-0.14100359768809412,-0.009349128868407774,0.0029165849015396197
2026-05-04T06:38:21.100Z,0,-4.052218644119421,-4.1666849865578115,7.428172206800809,9.431833440580007,-0.017483193624490134,-0.00991490127777439,-0.003281118470255251,0.002182777692816043
2026-05-04T06:55:26.100Z,1,-2.1705037826222906,-19.631224954935078,2.3843052931624698,19.894245188813922,-0.11898398218246342,0.20475783729878572,-0.004946189504695386,0.0017441508780578411
2026-05-04T07:36:21.100Z,0,6.211082706613524,1.1863070637900819,-0.5681017446477199,6.3488276421921865,-0.019506453826423353,-0.004896536771603621,0.050789774684201205,0.00505433713827153
2026-05-04T07:37:21.100Z,0,6.299434734501119,0.7743968135400792,0.4070550476171775,6.3598948270274756,0.021464399107884446,0.017760469150474023,0.07725912489409126,0.002203148166373755
2026-05-04T07:38:21.100Z,0,6.468807325745729,1.52465518704048,1.2685966275967075,6.766046043335855,-0.014959917640666731,0.010100379004285287,-0.0023136879661045384,0.00018380499806071595
2026-05-04T07:39:21.100Z,0,5.922144613123237,1.117287436954939,2.064636309114576,6.37046710410125,-0.023032754928209442,0.026510958618608527,-0.030224409347745507,0.004895385668415223
2026-05-04T07:40:21.100Z,0,6.105105690949131,0.3532438029196783,1.0603289256323478,6.206560570275076,0.04261420936035876,0.05326212580136769,-0.0002991097907134588,0.001091372929154048
2026-05-04T07:41:22.100Z,0,8.999730490131697,1.3820705580087633,3.937849290196027,9.920278471626597,-0.009739511689588198,0.006295538688583235,-0.059125476070232,0.00598494714798392
2026-05-04T07:42:21.100Z,0,6.703695165242607,1.9755862765222787,1.6326898721672478,7.176917599022422,-0.01944677485443691,0.013940222121533452,-0.0906692256830155,0.0003986070177124406
2026-05-04T07:43:21.100Z,0,6.351415438757613,2.1567803183302203,2.802367796903127,7.269487236823849,-0.01496079955920493,0.02159439283744291,-0.05087415757520919,0.0026247616208437932
2026-05-04T07:44:21.100Z,0,7.111472185556522,1.7455777976920217,4.921656402075314,8.82285556006831,0.04450216810081287,-0.010528971819745436,0.025294775086018295,0.0009121780522479286
2026-05-04T07:45:23.100Z,0,6.587679533140545,1.0089272577715747,6.381428937856981,9.22703046119128,0.05046886251669491,0.016226624824255964,-0.0043876793519581625,0.0018201200648700984
2026-05-04T07:46:21.100Z,0,6.894605009605925,1.6907090532640723,5.519560810171242,8.992198111610444,0.00483129690653783,-0.05636181168355847,0.07873295078586473,0.002258440322121419
2026-05-04T07:47:21.100Z,0,6.438296965598056,2.5582734117506334,4.536227000244253,8.280929058037168,-0.005061709337006448,0.020561808571351037,-0.10754001015067516,0.002483459812943763
2026-05-04T07:48:21.100Z,0,5.86992791022567,2.4174241107175476,5.626147043585661,8.482542281555247,-0.06265801354121692,0.0028127706057645696,0.02649458602466126,0.0014028102364425617
2026-05-04T07:49:21.100Z,0,5.111298311703649,1.5726088390692894,6.371907543325506,8.318634186729929,-0.006324729400652984,-0.007512805692222457,-0.002398333603270686,0.0012381099303116754
2026-05-04T07:50:21.100Z,1,5.116236566664156,1.6345631947842776,6.438512149543385,8.38463548066537,0.009669556743752139,-0.042898976077232476,0.055005797212626106,0.0011704705915344942
2026-05-04T07:51:21.100Z,1,6.310971871243964,1.7862330255411507,8.042040062719025,10.377543194395495,0.011379779550679814,0.04228334446043647,-0.02017428432354862,0.0005566653880720453
2026-05-04T07:52:21.100Z,1,4.69067318249472,1.2691826923401095,7.377855212325812,8.834363992136275,0.011399521087973596,-0.01319937788224479,0.0484794230439789,0.00789642948916594
2026-05-04T07:53:21.100Z,1,4.765485895404709,1.377620584662509,9.416075079570874,10.642845681428568,0.02261904905420664,0.00590397267918874,-9.870879491558071e-05,0.0005521314428456606
2026-05-04T07:54:21.100Z,1,4.048997050176695,1.4957282305658737,10.208539778432169,11.08358536123953,0.022593685757854587,-0.0018219088619986223,0.014634808009894584,0.0027225085072819627
2026-05-04T07:55:21.100Z,1,3.4984238945980906,1.4845649707240227,10.574721031844092,11.236886926543377,0.02411183083150803,-0.013817307666919021,-0.00987615302872058,0.00013674519946736541
2026-05-04T07:56:21.100Z,1,3.5179116525796417,1.2977338328710175,10.793193375320698,11.425972113277728,0.02233685082853043,-0.04146003026317402,0.11574185664908754,0.0018099878744610883
2026-05-04T07:57:21.100Z,1,3.243747869873914,-1.0487640106475737,12.16877584647591,12.637282611191246,0.018138524488620078,-0.034051682188618315,0.04560397037156605,0.0006862231790656463
2026-05-04T08:01:27.100Z,0,0.6609080146517954,0.2911775536631467,11.924890460704773,11.946739985091998,0.013015195564403115,0.031820258667103474,-0.045143927756008395,0.0006660265584846583
2026-05-04T08:02:28.100Z,0,4.520055190369021,3.3871328969325987,11.706857915669389,12.998234127878138,-0.17457237796669745,-0.12456558144247065,0.041904174118201354,0.00046772902038550503
2026-05-04T08:03:27.100Z,0,1.350540942439693,1.7390740777045721,12.912957121898216,13.099343537633164,-0.04260356297836054,-0.07955327597264361,0.01250755457427033,0.0005561364878844779
2026-05-04T08:04:28.100Z,0,0.03564224152796669,0.6106216669650166,14.7996235878054,14.81225801592297,0.026983308098582626,0.03515532675499311,0.040100680032573166,0.0004893232986259219
2026-05-04T08:05:27.100Z,0,-0.5542915487239952,-0.8404398186030448,14.445442246142193,14.480482723179845,0.03757066870591075,0.012279394753789141,0.021756515657500586,0.004308694667042507
2026-05-04T08:06:28.100Z,0,-1.5679076104788692,-1.9698629175763926,14.240581424928678,14.461426399531403,-0.006487280268530071,0.00740481715277852,0.04429434951802591,0.005711675990526906
2026-05-04T08:07:28.100Z,0,-2.3713366017545923,-1.5450905257239356,14.033888087851665,14.316443583301258,0.02872224737138218,0.02039125331942948,-0.0008596806910787791,0.0035263350041738507
2026-05-04T08:08:28.100Z,0,-2.485049551069096,-1.4327166409202619,13.574459142702722,13.874223915640979,-0.026680027465975087,0.01927408582980128,0.0031109520701733118,0.0019414186006718299
2026-05-04T08:09:27.100Z,0,-4.197753281005134,-2.584209290034778,14.557514578029895,15.369466514893883,0.005307046738067811,0.038050685467361234,0.04111359867930986,0.0005467275287543956
2026-05-04T08:10:28.100Z,0,-4.314384812460048,-2.351674297642603,15.909673715327699,16.651186325315315,0.03361362385431721,0.06056311556124072,0.06434647534181437,0.0038797313112817018
2026-05-04T08:11:27.100Z,0,-6.651887919360888,-4.365161113582872,12.986874558464478,15.230271016517314,0.008884632949623938,0.013735228430178381,-0.018126463420919947,0.0041324893861947485
2026-05-04T08:12:29.100Z,0,-7.224397553727613,-4.998335411528387,11.848973327005297,14.750371039554468,0.056752098749557334,0.09098673003471447,0.01068029475437271,0.007449721123187674
2026-05-04T08:13:27.100Z,0,-8.016706106900529,-6.081105030261824,11.497456665438222,15.2787082231163,0.02665532509016355,0.02511665104831806,-0.00816847530593634,0.0005777436016456637
2026-05-04T08:14:28.100Z,0,-6.381864000104542,-4.642327795409074,12.651357173126598,14.910943424139193,-0.2273342997158867,-0.10570689838473868,-0.12753064390036428,0.0010710120883210288
2026-05-04T08:15:27.100Z,0,-8.179473472409882,-5.307638290560135,11.595890097851225,15.150560308804462,0.04036213284064338,-0.019187837572154365,0.04996288761827117,0.0006843088803590205
2026-05-04T08:41:36.100Z,0,-12.58993299325084,-4.3028361096730805,-9.17581285648339,16.16218898969006,-0.03740414903763423,0.05893513030796882,0.029782079992379806,0.00157042513584098
2026-05-04T08:42:27.100Z,0,-9.348238112579565,-6.590533189410053,-10.565526525169844,15.570967673342212,0.012612159453695426,0.01918873468342852,0.0020515201670789907,9.857053366455001e-05
2026-05-04T08:43:27.100Z,0,-9.2616593810817,-7.5819181124643364,-13.353228167943598,17.93244320388206,0.004770274027343646,0.032149469052278334,-0.02570530074841315,0.0009288480578611199
2026-05-04T08:44:27.100Z,0,-7.650665702840342,-7.088811164521758,-14.153426773191313,17.581337231478,0.04922644629790085,0.001372032852442473,-0.023516560030856226,0.0012979815464096518
2026-05-04T08:45:27.100Z,0,-8.098046340819565,-5.449241083624656,-14.45834685000591,17.444666134970877,-0.01770120858779478,0.01638382419200113,-0.07656097688713004,0.006065382514643481
2026-05-04T08:46:27.100Z,0,-7.024632172033307,-5.897524820738909,-14.209801548531686,16.91285653614582,-0.012790725987699147,0.009565793579691118,0.01422990044996908,0.0007696014509361358
2026-05-04T08:47:27.100Z,0,-5.645962815833627,-5.066504188107501,-14.132969847196364,16.04017448495023,-0.01328805577927028,0.035971589155581185,-0.03624674041269316,0.0006495747758052552
2026-05-04T08:48:27.100Z,0,-6.086768941713672,-6.080874529288849,-14.61628166907758,16.96058610486611,-0.08477539008122648,-0.038671164050763096,0.0460745574653032,0.000649984848780746
2026-05-04T08:49:27.100Z,0,-5.005141459150764,-5.048657058978279,-14.980126087266399,16.581452189590642,-0.01640966334592875,0.014012557272402582,0.01942777998564793,0.0004542395681117079
2026-05-04T08:50:27.100Z,1,-2.918936982496234,-4.441363733349135,-16.58525528591781,17.415986845963047,-0.03804070665003323,0.016610320995258387,0.006525990087880018,0.004332219053784312
2026-05-04T08:51:27.100Z,1,-2.9372632552622235,-3.604669679134531,-16.02611059388437,16.687042269191934,-0.068792862089051,0.03741214845399965,0.031458378026982814,0.00550414784100247
2026-05-04T08:52:27.100Z,1,-1.1247985721638543,-3.3731098046700936,-16.501241794912858,16.879988813873137,0.004287606925501564,-0.02463769367555546,0.012394710883434357,0.003492837253722636
2026-05-04T08:53:28.100Z,1,0.7187277788034407,-3.1584422476953478,-16.83700048965875,17.14575494228293,0.029941557434298716,0.014422364915778196,0.028217728772261808,0.0019024838038251104
2026-05-04T08:54:27.100Z,1,1.4159745715005556,-1.6097833095045644,-17.257905750057034,17.390563451727125,0.05389129676003357,0.0043624112707751905,-0.00913921603729051,0.0006236930467887613
2026-05-04T08:55:27.100Z,1,4.505158820393262,-0.41494113884255057,-17.975961233560156,18.53655346649233,0.10759065916610133,0.10388833580132761,-0.05301618214925696,0.003932402900842383
2026-05-04T08:56:27.100Z,1,4.361696855085029,0.1298122560910997,-17.016202207912556,17.56679789426799,0.037970256523855994,0.022948472052863877,-0.00795330363789759,0.004095428666785689
2026-05-04T08:57:27.100Z,1,6.03980647156277,0.6527960631501628,-16.78226457869414,17.847963729884928,0.02253469086349602,0.009111838260134064,0.009620770511808985,0.0072589117622995246
2026-05-04T08:58:27.100Z,1,6.441983725380851,0.8401847671848373,-15.783159761667775,17.067899601984127,-0.010211436802541607,-0.01145232282495634,-0.030683357703509273,0.0005990065771323917
2026-05-04T08:59:27.100Z,1,8.127577696541266,1.5338103785325075,-15.871232345034514,17.897097799382973,0.0585721982595544,-0.00779473849488177,-0.028870686765714026,0.0008849512599599687
2026-05-04T09:00:27.100Z,0,6.251172239899461,1.5651720041205408,-15.689661556507417,16.961497502671133,0.03850421605910981,0.012113277419789625,0.022278316686552557,0.0006283704839382315
2026-05-04T09:01:27.100Z,0,7.583442853501765,2.361551726153266,-16.136568063757295,17.985392988308494,0.010367971024161093,0.08056337828943327,0.07635200737610148,0.002342633663572038
2026-05-04T09:02:27.100Z,0,8.61053480002738,1.9952802394982427,-14.6416166421659,17.102613562633174,0.011722140455638907,0.013119075124912172,0.007349797975564343,0.0005305757251512463
2026-05-04T09:03:27.100Z,0,10.703961502258608,1.168623374269373,-13.733339641021303,17.451220304848892,0.0016536477329687216,-0.004370604234082975,0.023129298713620017,0.002680117837311984
2026-05-04T09:04:27.100Z,0,10.36991832734202,2.1148828927834984,-11.988432030193508,15.991573978458213,-0.0008893995997460991,0.00117717157133157,0.0009674375256452095,0.005917257652892933
2026-05-04T09:05:27.100Z,0,11.08710518656153,2.5219671306331293,-13.6477219725748,17.76357325164547,-0.049635165151329375,-0.02698806675027754,-0.03395585566767778,0.0036529974148436957
2026-05-04T09:06:27.100Z,0,12.15832919751847,2.6521463735207362,-12.242509802945278,17.456743554770476,-0.029857137972211234,-0.012148870997652494,0.0005966604437190881,0.004359434776642219
2026-05-04T09:07:27.100Z,0,14.126579448202392,3.0761456155232736,-11.028302516024269,18.183684311470667,0.06969178260929354,-0.01168614144431146,0.0029717576355281494,0.0010723255169423995
2026-05-04T09:08:27.100Z,0,13.174100301512226,3.5516559978532314,-9.783586126104638,16.789572256859273,0.0004443930352593384,-0.014343797189564356,-0.006182243352803596,0.0012367100564429122
2026-05-04T09:09:28.100Z,0,14.351530131534673,3.6185146568641358,-9.660246114435722,17.67428698504578,-0.07993275462592209,0.0038014783889650516,-0.029593540129546625,0.005065926320744144
2026-05-04T09:10:27.100Z,0,13.377543387832702,3.564572336472338,-10.108133912581252,17.141738950000537,-0.026657823639197886,0.0025812489332643906,-0.04925543250777764,0.0018289051680632211
2026-05-04T09:11:27.100Z,0,15.693682365053974,5.2998333343339254,-6.356494963256409,17.742179340904748,-0.1119714979278541,0.12070864516466884,-0.13901126191395718,0.005985529409094227
2026-05-04T09:12:29.100Z,0,16.48900840564238,4.705582854512613,-7.311796600333764,18.64114475365396,0.050256005894588895,-0.00020103920661540542,0.013799445874873584,0.0007951735608684808
2026-05-04T09:13:28.100Z,0,15.885408040048787,5.251613906352759,-6.758603978596511,18.044510660024695,0.0057255336187722605,0.038603167102913005,0.017804135988619407,0.0023661227767167517
2026-05-04T09:14:27.100Z,0,16.431955502412166,5.465473541789834,-5.684962641680613,18.226337067731475,0.018501246947799643,0.005130934568331469,-0.0569268138739254,9.962585389651255e-05
2026-05-04T09:15:27.100Z,0,16.992907366329746,5.096547119848083,-3.8995027589407982,18.16424551343882,0.09891008052598238,0.012953409481930578,0.03790816625270921,0.0015493165312645094
2026-05-04T09:16:27.100Z,0,16.860196361903945,5.679958097360327,-5.085561680061801,18.503812659866647,0.0035648853122793867,0.004826348496855815,-0.04162473072666373,0.0031281659685276596
2026-05-04T09:17:27.100Z,0,17.990011453093757,5.864755593051996,-0.1019969067783677,18.92211070725651,0.016669622261211714,0.054482043568615524,0.07535220579346635,0.002980113721734481
2026-05-04T09:18:27.100Z,0,18.051714380590056,5.7099746641711135,0.43504542736627627,18.93825407126407,-0.03508649457639734,0.008350283988267648,-0.022788743405666168,0.0006821415281498958
2026-05-04T09:19:27.100Z,0,17.372750953882132,6.094552211152404,1.2240105870660045,18.451402230652416,0.03260462417831178,0.04022025622463232,0.06368334717810065,0.0018812389771339403
2026-05-04T09:20:27.100Z,0,17.798927802687103,5.1655858464982884,2.8366450642351992,18.749177669520904,-0.03555866021098808,-0.024375206050919473,0.039080745634745284,0.0002717972622722526
2026-05-04T09:21:27.100Z,0,18.44824343277196,4.675114893075261,3.6800351517740637,19.383937776844018,-0.0532039114409244,0.023539457545407316,-0.01871387375199096,6.931248374761785e-05
2026-05-04T09:22:27.100Z,0,17.824986165550172,5.165820944512234,3.369636428942613,18.861873912633214,-0.003077717764199406,0.013229317563201448,-0.00131407306602771,0.007767812501172467
2026-05-04T09:23:27.100Z,0,17.470254305749222,5.860880704176452,5.5131104336396675,19.234190775534167,0.0474637287508628,-0.018585261724268776,-0.01830872065200495,0.0004502419038119043
2026-05-04T09:24:27.100Z,0,16.812616396691737,6.271203204278208,6.958985149140062,19.24628624014537,-0.03210640032236256,-0.030659008093181228,0.06397328000273816,0.0035650714532243152
2026-05-04T09:25:27.100Z,0,17.03079016851916,4.755809521611809,8.524332991328265,19.62981892216609,-0.01605845951768714,0.025257909568532355,0.026721711161581396,0.001013791865069187
2026-05-04T09:26:27.100Z,0,15.42264730937859,5.731998559895146,8.731002040804015,18.626439653262956,0.011285033179930792,0.0030609786050295185,-0.01802351984547812,0.002139590488664157
2026-05-04T09:27:27.100Z,0,15.987056665835553,6.067616869131598,9.004858940897975,19.32587487935999,0.021438229220294147,-0.010704412555684328,-0.012633071537315743,0.00011517827121879495
2026-05-04T09:28:27.100Z,0,15.513273072883749,5.680793839474063,9.34434912414872,18.980250805362015,0.03207850453712524,-0.013517086914882626,-0.07087575180486638,0.0009784465743220483
2026-05-04T09:29:28.100Z,0,16.20468058854385,5.372135183733917,10.157445923141495,19.86517598941891,-0.028467405412513358,-0.010212538457565756,0.19787449198505058,0.0013718159811600516
2026-05-04T09:30:27.100Z,0,13.267535979593958,5.5713941735575645,13.554788479268609,19.768668005828932,0.008079025927365535,0.006076518343611781,0.004825813347153485,0.005957363699717704
2026-05-04T09:31:27.100Z,0,12.683151498094958,4.7909629638525075,14.232748130780237,19.656723465493,-0.012834693762897587,0.0419439144746514,0.001667553141793121,0.0007229149236731222
2026-05-04T09:32:27.100Z,0,11.756745493585186,4.9213078823413525,13.390386589890113,18.486286509205673,0.005751428962419425,0.029827534760107355,0.021457065439989265,0.0007474814292369855
2026-05-04T09:33:28.100Z,0,13.26696953856299,4.792488521616178,11.704927914252039,18.329914469108076,0.008468534498540237,-0.02209022188570664,0.028046995335095914,0.000465311140779578
2026-05-04T09:34:27.100Z,0,10.733874529250897,4.638660680029716,14.577242855921213,18.687676275948835,0.03558267333048093,0.033153749810443944,-0.039593009662830525,0.0004905644312295224
2026-05-04T09:35:28.100Z,0,9.494329284279956,4.285201781840442,16.058936744229868,19.141439136715938,-0.08957169538437171,-0.017797663890373183,-0.007113706865347069,0.004081465590117518
2026-05-04T09:36:27.100Z,0,7.500891338168003,4.097954206372378,15.392567924664036,17.60646889242488,0.016732266787222727,-0.009188946818915189,-0.0070418073567779516,0.005609707781272976
2026-05-04T09:37:27.100Z,0,5.996311933813558,1.2818845352740027,16.25491295772008,17.373001468728013,0.05391797986398217,-0.008330396425920705,-0.019440787681013205,0.0035285151181322512
2026-05-04T09:38:27.100Z,0,4.302101993744145,3.1576300316373818,16.099304003091675,16.96072812013798,0.004258411439472809,0.014534909197505552,-0.025309922513372385,0.0020646753393910437
2026-05-04T09:39:27.100Z,0,5.896503130315978,4.297279303500545,15.329623456182162,16.977417762617804,0.0033481997361306526,0.015566700335312156,0.024014249209614036,0.0006078241912234996
2026-05-04T09:40:28.100Z,0,3.8518643705174327,3.4566695958346827,16.458888585475506,17.25341813359676,0.01119349140710213,0.017817894601535045,0.007256779253062007,0.003769106382853488
2026-05-04T09:41:27.100Z,0,2.164839806027885,4.016331956108843,17.752073044903227,18.329035740021997,-0.028747736228851295,0.06861510343392219,0.04123194411054243,0.004153868865016835
2026-05-04T09:42:27.100Z,0,-0.09894961840473115,2.74283613453008,17.235369636637188,17.452532985196775,-0.05318547154153919,0.018342617201572153,0.01192068057953577,0.007313568863302782
2026-05-04T09:43:27.100Z,0,-2.4211283916883986,-0.12506973143899813,14.204407483816794,14.409812528033543,0.009690790923722048,-0.06691890178767146,0.03764833453701044,0.0006808308994567411
2026-05-04T09:44:27.100Z,0,-0.7640085332241142,3.2769458096026938,16.057166016082647,16.405933784638755,0.05663089064988913,0.017018081478026303,0.00527403828165518,0.0008955498108709642
2026-05-04T09:45:27.100Z,0,-1.5167013389145723,3.2334028549030336,16.32620419570685,16.712277535197778,-0.020816664621836622,-0.03784379826288209,0.00977606008500942,0.0005429041157522743
2026-05-04T09:46:27.100Z,0,-2.1153744237381034,2.49703811141444,16.405653159552003,16.728881130367927,0.0008364878758548855,0.045470156410098994,0.007365878897935829,0.0024085538919294248
2026-05-04T09:47:27.100Z,0,-4.220823737341561,2.80248682815909,16.561747681066663,17.31937561504537,0.12293533555540748,0.016694870893729785,0.011324605223350659,0.0005602117734187063
2026-05-04T09:48:27.100Z,0,-4.976528540282743,2.7091355407264928,14.441132456795458,15.5129480861952,-0.033431938280203966,0.028633018010593148,0.008095699929988598,0.0027380930454469652
2026-05-04T09:49:27.100Z,0,-16.440895984487724,-0.21630178957821045,11.740402334226019,20.203635668028145,-0.1308975625611275,0.0037870795510652755,0.0222595043970486,0.005919659449829134
2026-05-04T09:50:27.100Z,1,-5.737754459005373,2.2784618067817064,14.063107627862337,15.358522409061322,0.031163871225814432,0.05332881315567306,0.01116012238977504,0.003626223284580756
2026-05-04T09:51:28.100Z,1,-4.659148880818975,3.5467193549720832,14.064207688079478,15.234461735486562,0.020142197835859577,0.07179139113677735,0.0006337009477164202,0.004224217156541575
2026-05-04T09:52:27.100Z,1,-7.524941392148321,2.854067871908228,12.45382750812496,14.827955556139754,-0.015325189274939532,0.011169555601320269,0.018926539929076114,0.00102813724362996
2026-05-04T09:53:27.100Z,1,-2.8191210485601914,8.310425184845371,13.26439014655989,15.904548286559491,-0.008632696236521298,0.005739622421785384,-0.05103216338664396,0.001216776830084371
2026-05-04T09:54:29.100Z,1,-4.997167359761079,3.9989677378571287,11.18849148224399,12.88975431255887,0.018325793714080163,0.04932895644316204,0.022199584471138678,0.004998096794918375
2026-05-04T09:55:27.100Z,1,13.864652088159346,2.3521017083112383,18.243695802993898,23.0346130100794,0.21114282776135695,0.037310449534366796,0.1334126542049674,0.0017652067168758235
2026-05-04T10:10:15.100Z,0,24.717389087328456,3.1970929258022807,52.00293644429621,57.66694135551243,0.02085155817432849,0.009285346157184016,-0.06749028474190011,0.0006949320461794666
2026-05-04T10:10:27.100Z,0,-8.35244380914446,2.6385904182006925,0.41996616982942214,8.769369906882554,-0.0034734261848967662,0.027378069187178333,0.13143123368664078,0.0010508788749626797
2026-05-04T10:11:27.100Z,0,-6.48601444936503,3.190296352158839,-5.005037422961323,8.791858384733757,0.0043116949264288,0.0051240379572714545,-0.1584363183402271,0.0021780833898271076
2026-05-04T10:12:27.100Z,0,-7.03159425938793,3.300960872138603,-2.7665600609907415,8.245818035775253,-0.013780989101874752,-0.023278575928986633,0.01787117895424295,8.390907184520883e-05
2026-05-04T10:13:27.100Z,0,-8.241692328510908,2.2279980987605086,-0.7711082098467159,8.572285333399082,0.041905237476491664,0.055522888088632705,-0.21892834232239977,0.0009223077334860293
2026-05-04T10:14:27.100Z,0,-6.6119000875914935,2.020706567691377,-2.9074201574985636,7.500237981106496,0.02160025853026326,-0.0004591003847087549,-0.013086953218444108,0.001321834123621735
2026-05-04T10:15:27.100Z,0,-6.29439650583663,1.6339933688414021,-6.164663497656875,8.960604764269492,0.0525542414804292,0.018885730929063538,-0.07138316286825486,0.006032080757060806
2026-05-04T10:16:28.100Z,0,-4.963772936207533,2.4063641158136306,-5.2931950749552925,7.645099353287231,0.001062208599300618,-0.03729923052971096,0.006236411949966936,0.0009821973024347777
2026-05-04T10:17:27.100Z,0,-3.7306012295630353,1.158978370085606,-7.61779966251197,8.561044801571303,-0.002459341610361321,-0.05629904705729133,-0.0433642049788574,0.0006897181290352484
2026-05-04T10:18:27.100Z,0,-6.1538778918475145,2.415649287058841,-5.522663638657832,8.614254944659512,0.08629260221582058,-0.036786847702280356,0.028965720044737964,0.0006033159648132584
2026-05-04T10:19:27.100Z,0,-5.81122614130436,1.6927943045175198,-9.502792117018544,11.266719125018422,0.04517849529328544,0.02908724379258043,-0.10714889781837655,0.00045729550395845654
2026-05-04T10:20:27.100Z,0,-4.479556037040311,1.041952571767979,-7.865764706366463,9.111659665874187,-0.002601310832517356,-0.0028581360812518497,0.013442656999096414,0.004292747515154317
2026-05-04T10:21:27.100Z,0,-4.009648539977206,0.3543235973211267,-8.973709733254509,9.835155972452426,0.002165551174826419,0.07032695231423691,-0.01963793946124781,0.005525929646611577
2026-05-04T10:22:27.100Z,0,-3.5756814850174123,0.9625350512578734,-9.147079937065428,9.86818337802157,-0.010810089042578852,0.011073522339422048,-0.027843683264805463,0.0035207265818574664
2026-05-04T10:23:27.100Z,0,-3.708766898853355,0.36719350191560807,-9.411456338966673,10.12251418364802,-0.09385659120741963,-0.014142970098163232,0.012939512655130159,0.0020019323636997588
2026-05-04T10:24:28.100Z,0,-2.5098783198700403,0.3097834602385774,-9.02835562828841,9.375855178256437,-0.01906813341090441,-0.017948614899565563,0.011246758152338998,0.0004370412909426047
2026-05-04T10:25:27.100Z,0,-2.8935281743542873,0.38500293692322884,-11.664642257528612,12.02433414178697,0.016742117403989454,0.010800610657391019,0.013829706980494905,0.0038813338643680965
2026-05-04T10:26:27.100Z,0,-0.7686834233027184,0.07099296522028453,-10.401190277207206,10.429797380056856,-0.042694333498793924,0.011037182719997318,-0.004277330950763769,0.004136899518987527
2026-05-04T10:27:27.100Z,0,-1.3039660761933192,0.37517529847264086,-9.564196142946457,9.65996541884074,-0.002188045540307826,-0.014785482753243429,0.015983239458172704,0.007277338223143536
2026-05-04T10:28:28.100Z,0,1.37478219858167,-0.20890119174055144,-10.52962768881116,10.621051033980882,-0.027984360357002913,-0.01865742209283816,0.013703074777104973,0.0005703191362216314
2026-05-04T10:29:27.100Z,0,1.7843444611571613,-0.05296236281537858,-12.102096314038135,12.233046446498626,-0.1851967155896972,0.011953618472393401,-0.03774003681300542,0.0008991679913218384
2026-05-04T10:30:27.100Z,0,3.168309683132975,-0.6817539514258897,-12.003037489876078,12.432855009284458,-0.041576736245385604,0.014117901684596035,0.036502928566051196,0.0005826929659504377
2026-05-04T10:31:27.100Z,0,4.328462624471285,-0.15766508374781552,-12.190127806547935,12.936756274663724,-0.07352984480868408,-0.012739491658919633,-0.011513943284136019,0.0023926984313546004
2026-05-04T10:32:27.100Z,0,4.7824489784034085,-0.6573293667315738,-11.669180541275637,12.628288666018271,0.0003258993328536519,0.007648042591679172,-0.01782908616387857,0.0005431173894905613
2026-05-04T10:33:28.100Z,0,7.001190959272208,-1.7912978169078997,-10.594814238118033,12.824800640059966,-0.08104021322677402,0.015815046431111313,0.028567011710833867,0.0025978259515393805
2026-05-04T10:34:27.100Z,0,6.333976645692019,-0.5958885776919942,-10.772415152359827,12.510766225934656,0.022501532714158667,-0.047548317122725337,-0.018630013308928994,0.005872798282590107
2026-05-04T10:35:27.100Z,0,7.840398995540454,-1.770957095473591,-11.429590225588981,13.972962397722224,-0.06235474222326953,0.0032955252835531468,-0.007084622486885905,0.003640572051464187
2026-05-04T10:36:27.100Z,0,8.16679127729003,-1.7129514879776764,-11.227250406818712,13.988632322868323,0.00983629265416397,-0.005933194044294154,0.013570653946359812,0.004300141428434666
2026-05-04T10:37:27.100Z,0,8.22137482737162,-2.1299654229807174,-10.888767250889941,13.809163950047319,-0.006356437249888103,0.04090278814539161,-4.257465491264156e-06,0.0011209234227209704
2026-05-04T10:38:27.100Z,0,8.132438563734468,-1.2210083703507735,-10.488659081602236,13.328142697445104,0.016560225979844745,0.02787315267593904,0.011281621389969132,0.001238922711355024
2026-05-04T10:39:27.100Z,0,11.205473983864067,-1.3244883339780245,-9.198043045216764,14.557503646283548,0.10849684437808094,0.0001073406072915617,0.017910442039692498,0.005122388366910102
2026-05-04T10:40:27.100Z,0,10.043722125374188,-1.7597622186826811,-9.626504227526311,14.022934815530446,0.08788651032576311,0.004480895108738281,0.018612300126008563,0.001864239896634877
2026-05-04T10:41:28.100Z,0,10.903260495069844,-2.063401882139715,-10.157601466289634,15.04378889437557,0.09212999390317833,-0.04081654102261467,0.05732523021695357,0.005947802587308097
2026-05-04T10:42:27.100Z,0,15.855332585488213,-2.1566254932849915,-8.71224927050207,18.219382323945425,0.05914842163701195,-0.015124028106994203,0.028005760461802254,0.00047263421631720334
2026-05-04T10:43:27.100Z,0,13.557507958466886,-2.0992973283000538,-8.705648643626773,16.248119571900663,-0.016939273566052293,-0.012046123680331533,0.0226898778024065,0.0023950848166181937
2026-05-04T10:44:27.100Z,0,14.73457301290182,-1.1984137485114843,-7.43721215530968,16.548593959253516,0.02415528259280819,-0.01806137676974018,0.03231030400030477,0.00011638742043703868
2026-05-04T10:45:27.100Z,0,16.208146696953918,-2.164324188242972,-6.2130715487001,17.492586332817066,-0.020141677276264147,0.03727833638866862,0.0025223010586827854,0.001566150869374247
2026-05-04T10:46:27.100Z,0,14.623607382418413,-2.6568341771735504,-9.304589272687736,17.53522290287567,-0.01165509362888173,0.04231859874637145,0.0017315294931208314,0.0031095888390507012
2026-05-04T10:47:28.100Z,0,16.607328431746282,-3.0347952357487884,-7.282149851562281,18.385946976520422,-0.03693025317730303,0.024046004651001596,-0.019566856706454416,0.0030515266386561017
2026-05-04T10:48:28.100Z,0,17.678869627616223,-3.5906963976231054,-6.383997929333418,19.136116677421473,0.03588908107321487,0.013564114959785378,0.016138943887078483,0.0005553236493401111
2026-05-04T10:49:27.100Z,0,17.705705974549346,-3.0845124840652716,-5.609151115095301,18.82734228598189,-0.03169531875890641,0.017271717101641215,0.026752820259989818,0.0018540439776709163
2026-05-04T10:50:27.100Z,1,17.869049957425887,-2.7238735509627077,-6.333377400551399,19.152913689578185,-0.01568452768463402,0.0009176046779080238,0.05304875742817572,0.00027801783057118944
2026-05-04T10:51:27.100Z,1,18.428698064326454,-2.7174741563840143,-4.753333537337312,19.224873415809537,-0.022001425241668926,-0.0020403385683209763,-0.009580499069183901,8.245542959458484e-05
2026-05-04T10:52:27.100Z,1,19.334102280481602,-3.4128194713503035,-3.0437168534263037,19.86753784493647,-0.0036574032495906295,0.0070358475001974785,0.11627218271215156,0.007821257096359394
2026-05-04T10:53:28.100Z,1,19.940961488600806,-3.685692721205669,-2.1929387858108385,20.39694233073483,-0.03201752177428574,-0.017274251774362925,0.022555423342396352,0.00039045312638242115
2026-05-04T10:54:27.100Z,1,20.364470794220324,-3.9112142338808553,-2.600980655188323,20.899147539567938,0.014771522426570982,0.005741184005828015,-0.00925680311825161,0.003576298934976059
2026-05-04T10:55:27.100Z,1,20.681459074921804,-3.5926973038158394,-0.3817273491222295,20.994664540153504,-0.0015546342266858915,0.04610875121205393,-0.03391774519512225,0.0009639646656208875
2026-05-04T10:56:27.100Z,1,20.338041277909724,-3.3527945981859375,2.54943852633005,20.76961221205443,0.06066074414512457,-0.025081657847925154,0.020057689345320817,0.002053276621670097
2026-05-04T10:57:27.100Z,1,20.904501524512398,-4.754216014475787,3.553490152626182,21.730808686412256,-0.026398607683830733,0.0021748846190661197,0.041376718998314965,0.00012830441502510907
2026-05-04T10:58:27.100Z,1,20.62412980632189,-3.5626421878305337,4.518313165135623,21.411732846380342,-0.06392190118553742,-0.030188494718808023,0.03278269184142646,0.0010138384126054847
2026-05-04T10:59:28.100Z,1,20.66955725445041,-3.4889377391209564,5.472454619848577,21.664511146314105,1.978106034528082e-05,0.007929350432256399,0.018593546623923984,0.00127029882506308
2026-05-04T11:00:27.100Z,0,21.459287401512483,-3.3803360008732852,6.390351845766418,22.64429914950345,0.006920314969960373,-0.00938168584818655,0.010718749679616835,0.0060177528428095204
2026-05-04T11:01:27.100Z,0,20.070430010719065,-3.7896463277320436,8.997744849693845,22.319117197699768,0.00495987792703545,-0.022622685615369953,0.04163978836047022,0.0006825496452633976
2026-05-04T11:02:28.100Z,0,20.163465697351057,-4.643913354925644,9.234266230123467,22.658396964152345,-0.0019627678256028958,0.06227391729263232,-0.07181242256315556,0.00048131315081531404
2026-05-04T11:03:27.100Z,0,20.725554654291045,-4.935968945460445,9.940690268194885,23.51020476658465,-0.03553084420548913,0.024417014169886286,0.0722919711422243,0.0005431256523782282
2026-05-04T11:04:28.100Z,0,19.307844645027217,-4.393822609813469,11.980164858869102,23.143528080409354,0.0035673041915984527,0.01366110769085438,0.013999672404452213,0.0004902754390020516
2026-05-04T11:05:28.100Z,0,19.40876817707249,-3.489464537437925,13.668155019331607,23.993647212165524,0.019713791997943986,0.028362172990403778,0.05849948715619391,0.004164833540446942
2026-05-04T11:06:27.100Z,0,17.58321687429998,-3.4450363393716543,13.570734677159635,22.476713076117733,-0.005364828483678252,-0.011698490877343204,-0.00647379232088241,0.00562903037434643
2026-05-04T11:07:28.100Z,0,15.842511656046554,-5.523605837993273,15.066434902109904,22.549786200427704,0.01652091922554888,0.002366607204429272,-0.03578771912415846,0.0035005779703102843
2026-05-04T11:08:27.100Z,0,15.030428192403633,-4.52630214752503,15.795340828844928,22.268676985332274,-0.03408247514880003,-0.024443965998433015,-0.021780788229008863,0.0020017615263841436
2026-05-04T11:09:27.100Z,0,14.5620713410608,-4.672610040941549,15.591040551043989,21.839591383566454,0.015395230625436795,0.0005815774279938069,-0.012761593774612834,0.0005145671749678523
2026-05-04T11:10:27.100Z,0,13.888093052628392,-3.5822219406007605,17.941311860340647,22.969591070373596,-0.009397087174178864,0.019108208483942235,-0.01596742744958135,0.003992617519468062
2026-05-04T11:11:28.100Z,0,13.235294172773138,-3.341273258200772,17.840675654952065,22.46390052174843,-0.002470646840890822,-0.09156006045518694,0.025395504876790653,0.004109115962435315
2026-05-04T11:12:27.100Z,0,11.835258448627428,-2.58719757366066,19.679998237279506,23.109938650941654,0.013690348245276596,-0.031957893335210485,-0.032078236069210675,0.007177709184928075
2026-05-04T11:13:27.100Z,0,8.187285270651046,-2.071907398374151,20.400068260642,22.079112876411276,-0.018636513895664564,-0.009675030202771495,0.03888234821847192,0.0005507616993869926
2026-05-04T11:14:27.100Z,0,9.246589693248097,-2.634374187493904,20.479038018493156,22.62366783874587,-0.011574371671763117,0.006218655520973115,0.02281012945282157,0.0008891636737343459
2026-05-04T11:15:27.100Z,0,3.7790002170368098,-3.0190968913075267,23.10593260153837,23.60677678265927,-0.04138267325659584,0.0474969880455145,0.02236386901799392,0.0006745331552073349
2026-05-04T11:16:27.100Z,0,6.799070461966039,-1.9055732163906214,21.821810932124208,22.935779925417403,0.017163006385878532,-0.019548593652052304,0.009479976627702058,0.00230780188032614
2026-05-04T11:17:28.100Z,0,5.8685964559117565,-0.7218354118094794,22.056540054336438,22.835332927124796,-0.0266161433422063,0.02693104900441945,0.07029798447621971,0.00045011220078503916
2026-05-04T11:18:27.100Z,0,4.536887102403853,-0.9439387440579594,22.36582041359725,22.840846913058535,0.018607384446367448,0.05180850029495865,0.02255691158570272,0.002637761404897057
2026-05-04T11:19:27.100Z,0,3.406740755053761,-0.5735299921525439,21.15280435054956,21.433057437441608,0.025648525908028574,0.00358331274896706,0.026554490438535083,0.005952537956225265
2026-05-04T11:20:28.100Z,0,1.7887763879116392,-0.5449432551358768,23.760060202448585,23.83352984644216,0.014425386761440784,-0.024281751384247485,0.030744470931765022,0.0038107460397092873
2026-05-04T11:21:28.100Z,0,1.7216463584190933,0.2850349922027817,21.84805118992017,21.9176333559901,-0.01753150235937577,0.019628132003512988,0.015238051438437594,0.004264315636908562
2026-05-04T11:22:27.100Z,0,-0.14072202975512482,1.2679659298555634,21.14932543125292,21.187767850483315,0.025712801956456754,-0.01999798854290802,-0.0167324876692021,0.0010637984008799286
2026-05-04T11:23:27.100Z,0,-2.6437875803821953,1.247854582970831,20.872064972195403,21.075811966184617,-0.05355085483660371,0.04278120905465421,-0.017314595336159755,0.0012798192775505942
2026-05-04T11:24:27.100Z,0,-3.5956961874035187,0.5057311516338814,20.030875944257787,20.35732757913195,0.017935078858055675,-0.019196504155161165,0.033381556822753566,0.0050413267998372785
2026-05-04T11:25:27.100Z,0,-5.5973933267523535,2.0288787386562035,19.170473182612113,20.0737192128363,0.005693821820473843,0.02847937855254834,-0.008722213896916742,0.0018293712155540336
2026-05-04T11:26:27.100Z,0,-2.407933691756625,2.044662763410088,19.470106259632303,19.724700967095686,0.1349340441980651,-0.006065693783918746,0.04416125260764403,0.006037920101051885
2026-05-04T11:27:27.100Z,0,-7.921046822048083,3.051844982564944,18.625490523845656,20.468650121797218,0.012847202750077003,-0.015309464291068942,0.0006391215841006215,0.0005209100149545869
2026-05-04T11:28:27.100Z,0,-8.797213328762155,2.0325531531852903,18.225440285732475,20.33934385079996,-0.049287459385816135,-0.011392100159213214,0.006779659440070418,0.0024056891924730726
2026-05-04T11:29:28.100Z,0,-9.413693001988577,3.544057078897822,16.401820642386156,19.24052174186498,-0.08989078527887884,0.017726625930247764,0.03092460839670963,8.63389792006694e-05
2026-05-04T11:30:27.100Z,0,-9.391495716045029,3.046129186941471,14.612565500101482,17.635366888805713,-0.028537063359479475,0.05570309923841332,0.03286613377095904,0.0015624900140319858
2026-05-04T11:31:27.100Z,0,-11.85742541019863,2.6500129927171656,14.531006854667794,18.941258311696096,0.026585862456407483,-0.013859398593829564,0.004200756406724793,0.0031139078247289904
2026-05-04T11:32:27.100Z,0,-8.760714737945818,3.3869601772948954,13.44290534962056,16.39918675426009,0.027115650273579206,0.05102406513360358,0.0889674785868877,0.0029634940463075868
2026-05-04T11:33:28.100Z,0,-11.719801581421052,4.141920399888477,13.251334703454631,18.16885040749339,-0.015135278265354657,0.01996019475263011,-0.04271504737030085,0.0005204237928094345
2026-05-04T11:34:27.100Z,0,-11.864875576975464,3.554781227649073,11.372516691153578,16.815049150214275,-0.012695864255007905,-0.00260656705328155,-0.026709618283327075,0.001870148766521109
2026-05-04T11:35:27.100Z,0,-11.049957707655267,3.7445013604155974,11.167262178787496,16.150250782848605,-0.0009550847606121238,0.006926520485284193,-0.023477478716671385,0.00021308311734989963
2026-05-04T11:36:28.100Z,0,-11.804860360825842,3.7576159465970704,9.369636018163874,15.532690843945604,0.021464824937922344,-0.012163535023201888,0.034382729804605106,0.0002610250534181838
2026-05-04T11:37:27.100Z,0,-13.00686929243966,4.810264267234743,10.040582978035673,17.121057141720684,-0.022199432467395752,-0.01843122878764092,0.006663820654395636,0.0077951078838908675
2026-05-04T11:38:28.100Z,0,-13.68079821122592,3.510994744146956,8.17730066501099,16.320526031831786,-0.02122400352888576,0.018170372819703573,-0.027018235490228193,0.0005000938805856557
2026-05-04T11:39:27.100Z,0,-13.745680088049994,4.645074889140233,7.83821567256382,16.491151164741662,0.024173311036435052,-0.07619746001519268,-0.0254022444297064,0.0035190347963764213
2026-05-04T11:40:27.100Z,0,-13.320240659595584,4.463090029048544,7.27369469950645,15.819437993132505,0.009736036891361266,-0.004943259722889337,-0.036445662556783276,0.0010264669621052277
2026-05-04T11:41:28.100Z,0,-13.209417712232607,4.202130377962021,6.538418934724177,15.326367416175152,-0.0758722800009437,0.046936050149160025,-0.12143013952181647,0.0021893692952116997
2026-05-04T11:42:27.100Z,0,-13.322218127996166,5.071942665836104,3.994321445134119,14.804077210771924,-0.009476702125255088,-0.01778839493882245,0.06046831308448297,0.0001070887230471411
2026-05-04T11:43:27.100Z,0,-13.478732030648644,6.010914508806309,2.645697496518551,14.993566141158562,-0.011314981760435217,0.04128165595940203,-0.14657175793031385,0.0009565778176828772
2026-05-04T11:44:29.100Z,0,-13.913233408231918,4.976672392558612,0.6266913660510909,14.78979628132446,0.013753492620338648,0.018768221326181944,0.040087627432572326,0.0013812943360705376
2026-05-04T11:45:27.100Z,0,-14.444330483158296,4.648444262443263,1.013951912682387,15.207722237369078,0.10110255031392512,0.01315164004411784,0.05716840989311578,0.00602963290880327
2026-05-04T11:46:27.100Z,0,-12.703013054533585,4.5371231318540595,-0.566358316973492,13.500844000300903,0.014028499017548768,0.013190291819675792,-0.007862319022028386,0.0007484409036547389
2026-05-04T11:47:27.100Z,0,-11.855958877617923,4.515712141369477,1.0086666825372959,12.726854502505311,0.02031654998013721,0.04605171689053833,-0.010191570743667278,0.0006815752931975373
2026-05-04T11:48:27.100Z,0,-12.832423751660826,3.4901893704955,-0.5304296073518344,13.309165141077186,-0.029078329178311435,-0.027949809392691094,-0.0241694813285509,0.0005921401806957401
2026-05-04T11:49:27.100Z,0,-12.744815390760778,4.706839906020832,-1.6660896353641874,13.687969751520894,-0.002372649763771051,-0.0008993129601009286,0.0358289589121874,0.0004800642341132941
2026-05-04T11:50:27.100Z,1,-11.810950505150686,3.8629642752425752,-3.9615693594896584,13.042817050659222,0.00550682040501016,-0.008272568044365158,0.029286834944297624,0.004297193885422136
2026-05-04T11:51:28.100Z,1,-10.853699964627594,3.546072487239371,-5.664265299856197,12.746032103916422,-0.010215610960706556,0.0028586600073765567,0.03518421262960203,0.0056613700265626095
2026-05-04T11:52:28.100Z,1,-10.398276731393707,3.5074260084897446,-5.880449256437714,12.45013572798357,0.015082942679711664,-0.04331722725670062,0.006637207226933839,0.003558137416182951
2026-05-04T11:53:27.100Z,1,-10.859404392249417,4.378597967416908,-4.352172991275438,12.49160492733663,-0.019168927216206555,-0.03299046176952203,-0.06387160676801784,0.0019746027477518966
2026-05-04T11:54:27.100Z,1,-10.433346840727609,3.605949100858652,-7.085577273755916,13.117278700983311,0.05391158513479155,-0.028684295683589767,-0.06680960836646932,0.000588242623377695
2026-05-04T11:55:27.100Z,1,-9.293871623412997,-0.4208003026633378,-9.15597980383609,13.053163938886897,-0.05475478878036455,0.046352800707527564,0.0191535739384463,0.003957489473217749
2026-05-04T11:56:27.100Z,1,-8.554359645131626,2.9776427437582242,-8.981152415799443,12.755568351254784,0.01197144849207632,0.009529116672180038,-0.12281015346093938,0.0040974375051258905
2026-05-04T11:57:27.100Z,1,-8.197500827009208,1.6003796087034061,-9.087604394153459,12.34280309838116,0.009271958439249772,0.05786400941820702,0.002875739523844345,0.0072329429956025345
2026-05-04T11:58:28.100Z,1,-4.846942982112523,0.5456659903302352,-10.113138416272704,11.227919498800466,-0.02574609579930609,0.057419663507030094,0.10338175705637553,0.0004958709999593286
2026-05-04T11:59:27.100Z,1,-8.362699895769765,1.8706614253005682,-7.851484094317129,11.622389005627461,-0.031908418207216016,0.027524411398971438,0.013432424487369587,0.0008803867687493849
2026-05-04T12:00:27.100Z,0,-7.223552565847058,2.0555577609684406,-10.150929390874808,12.627208594093915,-0.04283093985835151,0.011991090936191995,-0.01985561883000031,0.0006549770812592985
2026-05-04T12:01:27.100Z,0,-6.50882019999699,0.17465471000832622,-10.199972875852836,12.101020259951246,-0.013241983594536322,-0.0014994469199614002,0.01552040169094937,0.002321854127691764
2026-05-04T12:02:27.100Z,0,-4.9727617033568094,0.8120683278320939,-9.967897493424971,11.169010447074887,0.00889107356805141,0.006281341277780683,0.0228202423171453,0.0005127668757707705
2026-05-04T12:03:27.100Z,0,-3.1995487624953967,-0.4290139713702956,-10.459686905051058,10.946516131761435,-0.013755200634513187,-0.00022575243363576192,0.004851129778771224,0.0026307966023863534
2026-05-04T12:04:27.100Z,0,-4.006925693829544,0.22835391564512975,-10.311474949048716,11.064995013623868,-0.05817064496849156,-0.04520650764794354,0.11226057091562325,0.00594609051988586
2026-05-04T12:05:27.100Z,0,0.6634232668147888,-2.004757751365105,-12.489344337154762,12.66660594021261,0.011483765715691874,-0.0020308719967943034,0.00837071028847447,0.0036859883342535466
2026-05-04T12:06:27.100Z,0,0.9475105653109495,-1.4326109653666208,-13.951614986126515,14.056945300120312,-0.09378157336059623,0.008334023728906459,0.07929513585303027,0.004410999587676152
2026-05-04T12:07:27.100Z,0,2.827473851539253,-2.7523856215339038,-12.307144350643284,12.924242223756707,0.04784077309349932,-0.02156161489463848,-0.015686386847235667,0.001068405717226547
2026-05-04T12:08:28.100Z,0,2.4618904517410556,-3.4693002789936145,-10.95267251491805,11.749807838481454,0.06945257377050096,-0.022563300330125102,-0.016044410135584997,0.0014137441920759328
2026-05-04T12:09:28.100Z,0,4.139044049225049,-3.0204134845916997,-11.042864740943514,12.173719437628835,0.02088317463683209,-0.0020882977977976225,-0.030140693326075052,0.0050413772470246365
2026-05-04T12:10:27.100Z,0,4.397519607664435,-2.1789264505969186,-10.702738972142356,11.774316145013216,0.0017793755838768632,-0.0051729923531418365,-0.05507870425081052,0.0018395130590953517
2026-05-04T12:11:27.100Z,0,3.919206518730789,-4.166521781371557,-10.813131846646229,12.232902510200121,0.004711596196527168,-0.014636202684492616,0.012815528892318184,0.006005159307590569
2026-05-04T12:12:28.100Z,0,2.7260116785328137,-3.757359362225543,-11.683496578143604,12.571912397877044,-0.08379106568834338,0.07176843505996011,-0.0182715306626946,0.0006230834822011811
2026-05-04T12:13:27.100Z,0,5.109026884383638,-3.7427701927299495,-10.712152135511133,12.44430342748353,0.03902544905298733,0.0028310496836825294,0.02142499760715566,0.0023867681316513253
2026-05-04T12:14:27.100Z,0,3.58999032414431,-3.227256701393344,-10.5653719140264,11.615950242052342,0.11646003714416153,-0.04542748748137537,-0.022165409116148282,0.0001242081263015883
2026-05-04T12:15:27.100Z,0,8.004347700989456,-6.676329559923033,-9.155045925581362,13.872916939509917,0.004998218077201244,-0.032333179639743026,-0.012890411197119533,0.0016099691528216522
2026-05-04T12:16:27.100Z,0,5.402122630584927,-4.211035448861367,-10.509511914278846,12.544544198328367,-0.025345886574434928,-0.016914390370839638,-0.03953255316790916,0.0031143999712460865
2026-05-04T12:17:27.100Z,0,8.118332421872765,-5.670467559866665,-10.155032439342904,14.18401239084475,0.01683116067008328,-0.03499234892853642,-0.012379954032581963,0.0029133133146168597
2026-05-04T12:18:27.100Z,0,8.902966030291282,-5.94151233735829,-9.443119322440907,14.27364268606154,0.0704707078211797,-0.09528253219281968,0.08620335638376275,0.0006020849167922027
2026-05-04T12:19:27.100Z,0,10.052788155007875,-6.866432995138894,-8.274672476545675,14.719940772988906,0.004775256408073858,0.016387984735688477,-0.01120715357938451,0.0019095067553227447
2026-05-04T12:20:27.100Z,0,9.903318499709712,-6.2455462834805076,-7.548109939307324,13.930417414480438,-0.05874343945944105,-0.011339094097562175,-0.061734077069885984,0.00015866571419516305
2026-05-04T12:21:27.100Z,0,9.278001427446725,-6.208276206507435,-9.604460195987485,14.726495156699634,-0.06334427941734333,0.07458592685738452,-0.04971709239054434,0.00018300323310670364
2026-05-04T12:22:27.100Z,0,10.048582842500764,-6.69933104836673,-7.517500763242424,14.225606186154655,0.022098517880486668,0.06482229478721457,0.05507561279394224,0.00772843149151549
2026-05-04T12:23:27.100Z,0,13.414326595921011,-8.79478069009565,-7.174222630965232,17.57161904229564,-0.023781718651250117,0.038710105029426956,-0.06276630803725425,0.0005397789660725541
2026-05-04T12:24:27.100Z,0,13.492244429926359,-8.36692328175559,-5.5854728670965414,16.82984171371597,0.03825420668501778,0.002767088143285079,-0.019912126077770154,0.003545515661265097
2026-05-04T12:25:27.100Z,0,13.269897750888049,-9.311370314208034,-3.991811138803314,16.695099868380918,0.05308600810494113,0.1088380534506328,-0.012656647434994284,0.0010663367242672048
2026-05-04T12:26:27.100Z,0,13.646373156916525,-8.413030279825762,-4.6779348613199545,16.69986986158364,0.03667003260332535,-0.005095615389194563,0.006777802078250517,0.002162993783316206
2026-05-04T12:27:27.100Z,0,14.366879870976845,-9.05176813421349,-5.278545530018164,17.78214797191602,0.02749949286773301,-0.003901747392731636,0.09431347826360792,7.0791256200818e-05
2026-05-04T12:28:27.100Z,0,14.373425885878532,-9.379249437870385,-3.625742531767173,17.54171316095724,0.008079790674742071,0.015690020468195343,0.024705474903630176,0.0009585646059160689
2026-05-04T12:29:27.100Z,0,15.801800057943183,-10.042158206033491,-2.105517263771617,18.840781020283085,0.05066550299481776,0.03948402355558045,0.00193273994897325,0.0012398241463575405
2026-05-04T12:30:28.100Z,0,15.855433426622767,-9.378948201401727,-0.9264687150789541,18.44499343428084,-0.008626920968701768,-0.0019151317647292387,0.010569847979313707,0.005969186125431691
2026-05-04T12:31:27.100Z,0,15.853849757149874,-9.570821444640387,-0.5011200973967789,18.525557929506046,-0.026785422250874547,0.02865562556930712,0.04305683696204099,0.0006998837460091015
2026-05-04T12:32:27.100Z,0,15.702976746297281,-9.624851016724278,1.2873236846644431,18.46289354510797,0.003954148285245651,0.02720418492963006,-0.07148467240203349,0.0005942493842128087
2026-05-04T12:33:27.100Z,0,16.243176778713675,-10.173166725962801,2.6093755523106665,19.342775237069173,0.008902919836017986,-0.00378091756658705,0.09332512042603547,0.0006138025845219954
2026-05-04T12:34:28.100Z,0,16.52832408615268,-10.722360977638346,3.1098206200113054,19.94556357489865,-0.033969198121042155,-0.004663659703751932,-0.0049393827723925865,0.0004937562476273787
2026-05-04T12:35:27.100Z,0,16.43738864675015,-10.6670446756425,3.137881289148936,19.844895732184,0.021218816891988013,0.024244884192725635,0.029036791273029383,0.00435894492821028
2026-05-04T12:36:28.100Z,0,16.48337987285231,-9.784134663505029,3.9909394399728626,19.579548022359564,-0.009259752279611178,-0.0047072295807915054,-0.020501786289650603,0.005685001153986956
2026-05-04T12:37:27.100Z,0,15.496148464535509,-9.53518707603962,5.785361746347917,19.09242835121046,0.003045545920343784,-0.0374302824202033,0.05130476538117712,0.003388823904879362
2026-05-04T12:38:27.100Z,0,15.010492973942746,-10.972415413718295,6.838028406491503,19.810790792393224,-0.00981673058308985,0.004275846918311288,-0.008118334287932072,0.001968639479895759
2026-05-04T12:39:27.100Z,0,13.92423342076654,-11.914946772321855,9.012799073389033,20.42255566966429,0.06384741137566152,-0.029058021561390035,-0.021900081331960308,0.0005052183437678563
2026-05-04T12:40:27.100Z,0,15.945275528338243,-10.209177327510588,8.968037411250407,20.950055092738193,-0.03087713232030609,-0.0008237916873099493,0.11066878686216697,0.004012859967810436
2026-05-04T12:41:28.100Z,0,15.371874359516369,-9.94368676083468,9.610568202333525,20.67690617316962,-0.012819574835454262,-0.0001540349705564381,0.02657304796960247,0.004129029356743224
2026-05-04T12:42:27.100Z,0,13.974623624108062,-9.526569758918413,10.491109301256074,19.902487562561614,-0.032565333599521296,-0.047508521324513,0.04383109759498183,0.007122273952814631
2026-05-04T15:36:28.100Z,0,-6.033894697907272,8.186605572518602,15.223472837533336,18.307990639623494,-0.030640900355649592,0.028911480430160452,-0.026057767790632624,0.0056352538239943
2026-05-04T15:37:27.100Z,0,-7.371929258852106,7.799160269314598,11.877168881255784,16.007478956345558,0.021885805176147244,-0.005945720130462462,-0.04490661177047883,0.003457472896392509
2026-05-04T15:38:27.100Z,0,-7.913608830108387,7.081115333221533,11.792847139986407,15.869424776766174,-0.030123318813579658,0.025911237576892177,-0.0651059132446008,0.001972144124445867
2026-05-04T15:39:27.100Z,0,-8.521410205759139,7.725416859557299,11.671486168779666,16.386582527689022,-0.011207537374602339,-0.057782231735359346,-0.05524884499052973,0.0005512257777072439
2026-05-04T15:40:27.100Z,0,-8.806516077669357,8.679065081196313,10.391098875516036,16.151031915968733,0.008791763195237223,0.010145040562292706,-0.02358561829840511,0.003992470180940046
2026-05-04T15:41:27.100Z,0,-8.699882735527353,9.373411303386092,9.403378711795085,15.873636327943702,0.021557020822182693,0.014311707700720433,-0.03572747030977652,0.004101607159177439
2026-05-04T15:42:27.100Z,0,-8.44055739094074,9.065833391105116,10.16267498198431,16.02224412916276,0.015922493187492393,-0.00667677550758583,0.012088562037604333,0.007176822450021747
2026-05-04T15:43:27.100Z,0,-8.245318231843157,9.353891537557502,8.06456089594576,14.849838453167512,-0.032304228378965405,0.011941614970645276,-0.1152866947440323,0.0005481414174380454
2026-05-04T15:44:28.100Z,0,-8.595539189286683,10.583714149561274,5.420290623987967,14.67234983234378,-0.008237602459715276,0.00758412049961521,0.04773704687655034,0.001062562544295621
2026-05-04T15:45:27.100Z,0,-9.205371520465633,11.415948985359137,3.642988484898524,15.110728677572942,0.014025329983624601,0.005615521410540225,-0.05602830455808672,0.000676907999116235
2026-05-04T15:46:27.100Z,0,-7.741628842381942,10.985891453856311,5.0697535180006525,14.364018549918164,0.030668525663690716,-0.011413635633950037,-0.03747006250698348,0.0023255515320688837
2026-05-04T15:47:27.100Z,0,-7.593995383558649,10.22790288033093,4.991034737940936,13.681710089397631,-0.039724771841553874,-0.00616945078668607,-0.005816138387154668,0.0005019777915917589
2026-05-04T15:48:27.100Z,0,-8.309508919523978,9.620078357684747,3.8674578736390686,13.287252405821748,0.04551667070940013,-0.010558252252934608,0.12408660234147773,0.002664596964052337
2026-05-04T15:49:27.100Z,0,-7.522243136463658,8.800254298023447,3.205670425813878,12.012699130207686,-0.009391876719444525,0.019537767272481688,0.08228191730463852,0.005875828970184264
2026-05-04T15:50:27.100Z,1,-7.394843072233925,8.374722736334661,3.6100347988394788,11.741040678844392,-0.005482099483256064,-0.05096032648932436,-0.021829619094804187,0.0036987019343581655
2026-05-04T16:54:27.100Z,1,0.07396772568668553,-2.071808121399954,21.780919052162062,21.87935773447608,0.08155048586688807,-0.02418488627986548,0.04150803099012279,0.0036077532693537255
2026-05-04T16:55:27.100Z,1,1.0904514414988853,0.5233676865827874,21.155409727271035,21.1899589147865,-0.11259242505312628,-0.06720981736041409,0.09209594658265985,0.000913736587175469
2026-05-04T17:06:45.100Z,0,-40.62327929250387,9.560163693095092,25.389948237261706,48.849739219430596,0.14105336024994308,0.009018538823735156,-0.029998126857222474,0.004922596322113588
2026-05-04T17:07:27.100Z,0,-2.91817604534117,18.901294814895664,22.18394699411874,29.289967588733766,-0.002387152945537707,-0.001293430540894036,0.05434571509255193,0.0034611710240457323
2026-05-04T17:08:27.100Z,0,-4.348680882912959,20.073654178304423,20.46756967502006,28.996276069408843,0.02340480827855984,0.016608451463451246,-0.03588023605605173,0.001999650737569922
2026-05-04T17:09:28.100Z,0,-4.389122835164017,19.48574066045694,19.30479255725004,27.778291956619643,-0.008380389020845591,0.13157835367305637,-0.06772571768376423,0.0003573383575901645
2026-05-04T17:10:28.100Z,0,-3.692337559641601,19.55159535191342,19.688260624207032,27.99153164558888,0.002763784379911094,-0.018321995820080872,0.030322176849395532,0.0038842557536066425
2026-05-04T17:11:27.100Z,0,-2.5945956861050945,20.73883920274966,20.338054112471582,29.16278147457275,-0.026964396120154888,-0.005822229578456017,-0.024840690185712333,0.004106820792702967
2026-05-04T17:12:27.100Z,0,-2.4975186881874833,21.73512458375626,19.74285236792639,29.469195100833485,0.014038600228083453,0.02691548907396424,-0.034490678978649214,0.007197423291532663
2026-05-04T17:13:27.100Z,0,-2.0002499929887563,23.218030602038198,18.17132888118067,29.55122905023858,0.012858625679429414,0.019111871352173182,-0.0589470370888634,0.0005540888262579126
2026-05-04T17:14:28.100Z,0,-1.295812303396815,23.51173222905345,17.657934798990027,29.43269174407479,-0.0024412134568135846,0.06494072039320287,-0.05923443248523341,0.0010517167167672405
2026-05-04T17:15:27.100Z,0,-0.86690988700866,24.345219339465984,16.309744822137873,29.316360851956972,0.0017367545794289008,0.0406156059868934,-0.023802879995038495,0.0006849650988075135
2026-05-04T17:16:27.100Z,0,0.0555019405510393,26.010241316271276,12.51662799040787,28.865233587246994,-0.0011104919037940864,0.08144383885611006,-0.06667979416485892,0.0022871749861525115
2026-05-04T17:17:27.100Z,0,-0.3556953024599352,26.744840350602317,11.17316987074446,28.98711316236768,0.03472664529008407,0.06084247694015943,-0.08603241039706333,0.0005298118782895927
2026-05-04T17:18:28.100Z,0,-1.155068568095885,26.35004675539676,11.511117524605652,28.777855619797002,0.03008365483436748,0.03901764268832153,-0.039586206051378525,0.002475225125587351
2026-05-04T17:19:27.100Z,0,-1.9196983980691584,26.525869891429465,10.118107248672459,28.45493120238093,0.009213569059030036,-0.005928664369214687,0.021628849888877255,0.005949586107062932
2026-05-04T17:20:28.100Z,0,-1.2631905728994752,26.36214404128623,9.964200241483923,28.21069966040143,0.0059855968623789835,0.018814610857731395,-0.043403631747152005,0.0038038337014981395
2026-05-04T17:21:27.100Z,0,-0.8473040661556297,27.642628318290008,8.070335542470275,28.80908086509723,0.002205343550776284,0.010447717886385988,-0.07617052681108127,0.004391121285953295
2026-05-04T17:22:27.100Z,0,-1.2657901488637435,28.071591490288483,6.10039623643388,28.75467453719645,-0.04020994605458128,0.016665578276509052,-0.020328634863231443,0.001073473513607499
2026-05-04T17:23:28.100Z,0,0.6430693930497,27.562891543084334,3.6049862019353895,27.80507964340782,0.012040120890066675,-0.01108599183119452,-0.04899077370368321,0.001395858630082761
2026-05-04T17:24:27.100Z,0,1.3117332809997606,27.317577821065697,2.6782319100675522,27.479876789654043,-0.01378502476190313,0.00764361204730335,-0.01918500028583875,0.005093804885733617
2026-05-04T17:26:28.100Z,0,1.6768431233913361,26.355546650165707,-1.1778278721976676,26.435088813659227,-0.004550252639790031,-0.025658535424355478,-0.02371929259503691,0.005941789562809603
2026-05-04T17:27:27.100Z,0,1.4171271792520201,26.59772515403347,-2.6589523104121326,26.767840036146463,-0.007755073143878022,-0.04469397414297305,-0.00016153831561283027,0.00041330337760831686
2026-05-04T17:32:22.100Z,0,1.2720265852763646,20.71746542742403,-8.557267342439445,22.451241607985526,0.007690095325418866,0.00947950689766941,-0.010462254828258466,0.0025213151581059247
2026-05-04T17:33:22.100Z,0,1.9115072929594135,21.064823608412553,-8.321264611367951,22.729366434570423,-0.005718840967450234,-0.03743328137506552,-0.06822613961077195,0.0011381269213256624
2026-05-04T17:34:23.100Z,0,2.326285837938258,21.04733073974785,-8.71363781971013,22.89823620109657,0.014306214441539566,-0.025286952579861577,-0.01979005546903778,0.0013908731594278142
2026-05-04T17:35:22.100Z,0,2.58661150030548,21.261046095787606,-9.52177395720355,23.439002099765204,-0.016746782327103915,-0.03467514960142637,-0.0014820875726684335,0.0009944883800940948
2026-05-04T17:36:22.100Z,0,2.9484252090696828,19.000087170752522,-11.285158186183253,22.294647765704912,-0.002184954090100888,-0.04717402840714868,-0.013097669241624033,0.0003845823198457127
2026-05-04T17:37:22.100Z,0,3.148504308342126,18.7387389196374,-11.022062916708819,21.966776882780735,0.015906391262365815,-0.0367203198363697,-0.010825106463663303,0.007901646143149883
2026-05-04T17:38:22.100Z,0,2.8475525502926757,17.39498751339852,-12.011058013740694,21.329783419608678,0.07470063917303094,0.016256340377829304,0.008534591668052371,0.0006024575474881018
2026-05-04T17:39:22.100Z,0,1.450402614864288,14.983042263338575,-13.652515679950739,20.322067011047274,-0.028105670132116956,-0.044972638034934675,0.02427608964428174,0.002880873488585931
2026-05-04T17:40:22.100Z,0,1.2927507382300973,13.518927436052763,-12.430745396159182,18.41075866434046,0.0038522173291255513,-0.01522370889572855,-0.01938397411471726,0.00034210659488324754
2026-05-04T17:41:22.100Z,0,2.441858822521681,13.790274650091305,-11.135055881823064,17.892004329459578,-0.01962679190770089,-0.04366038195247057,-0.003153749475792722,0.0019261159173722337
2026-05-04T17:42:22.100Z,0,2.4586286945122993,13.166442144211032,-11.521253863065795,17.667465703137623,0.020584962638903193,-0.02348095911131054,0.01780043168686518,0.0005981090334277955
2026-05-04T17:43:21.100Z,0,4.138677061519047,14.333813506709703,-11.135011210626544,18.61653383757181,0.002983329004724311,-0.016681013331520944,-0.00948275508072527,0.0010750620842217389
2026-05-04T17:44:22.100Z,0,4.995492525949885,15.999161312720389,-8.973702792218319,19.011981750736478,-0.03223603537172437,-0.023327911965687065,0.00431889455043688,0.0008664612751236109
2026-05-04T17:45:22.100Z,0,5.900658452446805,16.60230899688031,-9.984991056171566,20.25227099838808,0.010011169490509175,-0.06505944836576738,-0.008701067258698458,0.006295287460218109
2026-05-04T17:46:22.100Z,0,5.32009145081247,16.534664788196096,-10.70583643218015,20.403760594939737,0.03133825872936313,-0.07302817178722609,0.03296148855280734,0.00032129854284860973
2026-05-04T17:47:21.100Z,0,4.566003504351102,13.192894193707616,-11.857434598368854,18.31664817761987,0.0004684421901490765,-0.03789726005251626,0.002343310181451841,0.0017800626651732255
2026-05-04T17:48:22.100Z,0,3.9500632346971543,10.09020987112308,-12.947846353682735,16.88378097465112,0.0016713229391562834,-0.007647251246023501,0.0038315789705478664,0.0007314070604493088
2026-05-04T17:49:22.100Z,0,3.075535063544521,9.248899679732858,-12.857867206093943,16.134615282131783,0.010036521971956702,-0.0017279684372262238,-0.005046752762360995,0.00100537779758504
2026-05-04T17:50:22.100Z,1,2.42898238957423,9.731136266964313,-14.404817339709552,17.552598983782627,0.0007604910741143556,-0.08404771079706386,0.012242474080714771,0.004891919590182091
2026-05-04T17:51:21.100Z,1,2.514843744393147,6.478361311565095,-12.218791372333726,14.056758763758943,-0.004614962933136013,-0.048270175808884375,0.06777164499816024,0.004707318776591699
2026-05-04T17:52:21.100Z,1,2.164321679629211,5.728398991777794,-11.885256777304676,13.37004756926394,-0.011404893355937418,0.009812517999918668,0.06931413154465105,0.0026740229896445107
2026-05-04T17:53:21.100Z,1,2.4925399984567775,3.1588260153512238,-11.527137666689669,12.209252238609142,-0.007281220554378187,-0.11162431648559235,-0.00914440030097552,0.0021473068221516227
2026-05-04T17:54:22.100Z,1,1.6346526581401122,1.2845664814449265,-11.879305299316911,12.05985467376764,0.05038023350650844,-0.027587918173921366,0.06054355830364955,0.0014885017377771924
2026-05-04T17:55:21.100Z,1,3.224317915737629,1.1467021968201152,-11.961136622630875,12.441058687072426,-0.026145965589474685,-0.07448682019450814,0.08413518442917933,0.004359061014645464
2026-05-04T17:56:21.100Z,1,3.160345041578694,-0.0395584129364579,-11.510554249070992,11.936591002906624,-0.013406551194403149,-0.05478421754556706,0.050577040794586026,0.004049159653202732
2026-05-04T17:57:21.100Z,1,3.533205049279786,-0.659337520119152,-10.994669865340256,11.567239486304162,-0.001466714264874991,0.050361413864941085,0.03081913110491996,0.0061245946372345305
2026-05-04T17:58:21.100Z,1,2.966977328469511,-1.0958927450701594,-11.1170946402126,11.558275330506415,-0.0029917616785057888,0.030366302692819147,0.027000388310050027,0.0010302779821164797
2026-05-04T17:59:21.100Z,1,1.8637117909747758,-1.0871186095755547,-10.913283826994302,11.124523018972063,-0.03794138590318408,-0.0022040940601542047,0.044586714039063224,5.59883195806106e-05
2026-05-04T18:00:21.100Z,0,2.0606427729035204,-4.27281495922216,-9.157160170616407,10.312942291295714,-0.010219566121572043,-0.059604085806519436,0.05780609227201694,0.0017980625927218519
2026-05-04T18:01:21.100Z,0,2.317137093086785,-3.7629308626492275,-7.504644902837754,8.709102600321426,0.028263337624512275,-0.0019715990990931687,-0.004800486741451948,0.002159409758789507
2026-05-04T18:02:21.100Z,0,2.653541693234729,-3.841920930881315,-6.309711154244724,7.849464619123986,0.017857109003260874,-0.050005567477029444,0.029000457432815097,0.0012504060366690163
2026-05-04T18:03:21.100Z,0,2.7923620241381286,-3.3820979665506457,-4.1544161567799165,6.0411129713744645,-0.016478611645442953,-0.1396414700556292,0.058775662361121306,0.0035795364660529214
2026-05-04T18:04:22.100Z,0,4.810233747775783,-7.187641165273817,-1.3148866155461292,8.748111855750484,-0.04520787544670668,0.03408610159549852,0.0357853956214349,0.005165891952452236
2026-05-04T18:05:21.100Z,0,3.7597478328734724,-7.665535967134929,-5.634107535115618,10.229335909406954,0.067622422134761,-0.006492645526989804,-0.007651394259067246,0.0026582670003290638
2026-05-04T18:06:21.100Z,0,3.2700243632461934,-8.00614845866221,-5.955763819656568,10.500599752104312,-0.007452659092521685,-0.00946259126433091,-0.017740933506260603,0.0050437085286073
2026-05-04T18:07:21.100Z,0,3.4084159196936525,-8.1179713072288,-3.7700900920754066,9.577699960271064,0.034432411669893526,0.0189532805565662,-0.016952283425464287,0.0021743391703933947
2026-05-04T18:08:21.100Z,0,2.401042799647257,-8.393204646836239,-3.453296264524397,9.38808531384273,0.005742149321363854,0.006769403404938146,-0.1346902696122143,0.0001402763938754412
2026-05-04T18:09:21.100Z,0,2.2854204630675667,-7.385328010286685,-2.4940697230704245,8.123213668005393,-0.015792180219076357,0.018050298310257062,-0.025173837212344452,0.004903337344764449
2026-05-04T18:10:21.100Z,0,1.7137370368800475,-7.722626550730638,-1.747240672557382,8.101154574593856,-0.010849128690093579,0.021351486688026,-0.007810098810567823,0.001049284326780499
2026-05-04T18:11:22.100Z,0,1.680424624510124,-9.473513700584135,-0.68475375064736,9.645733588112464,0.013890788828518907,0.03427398943944837,-0.025888229267301277,0.0059532794053608505
2026-05-04T18:12:21.100Z,0,1.7147304984064249,-10.015359535287871,3.205004002666101,10.654566061569685,-0.014816792808680646,0.007869788476888573,0.043197320860999255,0.0003954943775080561
2026-05-04T18:13:21.100Z,0,2.1758787584076345,-9.212933932190026,1.9750523451875779,9.670234318589124,-0.009638667503253373,0.036231526050478635,0.07015359917389441,0.002660364524988635
2026-05-04T18:14:21.100Z,0,-0.33552230490840884,-5.360631424537132,4.636300866877718,7.095366813282957,0.3204899014752627,-0.23980040516846657,0.007708697395081288,0.0009043409791158523
2026-05-04T18:29:21.100Z,0,0.6945693417037546,-5.51004030603508,16.724217304272315,17.622213685717455,0.0044492265010021015,0.022100656636325766,-0.019832897367955127,0.0007344949901417986
2026-05-04T18:30:21.100Z,0,-0.18256694738738588,-4.362397858130862,16.638138543839887,17.201497026913486,-0.01379349501906546,0.006718539317773775,-0.01605074886157354,0.006265461655571707
2026-05-04T18:31:22.100Z,0,-0.9417183091500192,-3.443784151386353,17.220945343524363,17.587138515966195,0.0011489423119570574,0.010260054574384725,0.008413478072455405,0.0003332049494212721
2026-05-04T18:32:21.100Z,0,-0.9633296226638777,-1.2999440968997078,19.00336745302411,19.072121884353148,0.06306189867721912,0.0132829788948019,0.03308798340029284,0.0018066172136459208
2026-05-04T18:33:21.100Z,0,1.2585787217176403,-2.387485874351114,20.349112312032958,20.527310615049352,-0.08036439113556781,-0.022533241724964626,0.14088546928636703,0.000707866190590332
2026-05-04T18:44:57.100Z,0,3.123684592992504,33.05457006990764,21.682833862087136,39.65485206420276,0.005630213150031871,0.08878206348317264,0.015381402658221077,0.005380267162080135
2026-05-04T18:45:22.100Z,0,7.208863622508943,13.391979224252282,18.205471230430703,23.72239458808443,-0.004151834192001047,0.0041479248862330564,0.01778817851683101,0.0015597335607201131
2026-05-04T18:46:21.100Z,0,3.5211500216973945,13.974937687635247,17.885692703657696,22.969444580534848,-0.0001869550310118484,0.061320250205554316,-0.03025755765939664,0.0022072652287932976
2026-05-04T18:47:21.100Z,0,4.419973652147746,15.387865309094195,16.124863136610657,22.722979052732725,0.015859202563639485,0.04824720378859837,-0.028668975868839652,0.0012091217340629704
2026-05-04T18:48:22.100Z,0,4.12115862718565,16.82832959932057,15.762157568133262,23.422686368912856,0.00882661347900715,0.08413078512781169,-0.019278340482209444,0.0034272045396599696
2026-05-04T18:49:21.100Z,0,3.9677567319813534,17.68888063952545,16.611240503152658,24.588064234850638,-0.043536130138965845,-0.048339102197481054,-0.007543284740840761,0.004911996642388218
2026-05-04T18:50:21.100Z,1,3.4905619631899754,16.237615072896006,16.23432343967579,23.2249310788733,0.05441412761841846,0.1208983600742286,-0.1144021739873935,0.002719829565540314
2026-05-04T18:51:21.100Z,1,1.4764790676053963,15.902199376341741,16.148675820659264,22.71210395808248,0.00572215397154352,0.00611240190728779,0.0024594876686379052,0.0050448532287047
2026-05-04T18:52:21.100Z,1,4.1089803098657285,17.073058815640252,14.296366408416361,22.644185765729606,-0.0023260355748178085,0.027003267515368634,-0.024291180620750197,0.0022367606444916193
2026-05-04T18:53:21.100Z,1,4.9220051578231505,17.879430685297848,13.109669921504974,22.71042980339254,0.003286750509978731,0.04203274157177361,-0.04882486185397994,0.00020713643742606815
2026-05-04T18:54:22.100Z,1,5.194669378852268,18.078824875146893,11.39183725354087,21.99096302650198,-0.005761671615367447,0.060656170697726,-0.04995997903112226,0.0049718537918736405
2026-05-04T18:55:21.100Z,1,5.903111577481468,18.13752175553418,10.300265037585632,21.677450993444324,0.040167123753764855,-0.005668104929412721,-0.020648791844823933,0.001130230217347108
2026-05-04T18:56:21.100Z,1,5.464129299980414,18.610307672133786,6.0916280726814875,20.329982617657773,0.023132222696009563,0.04389894212764034,-0.13830371472334235,0.005943480422080793
2026-05-04T18:57:21.100Z,1,4.015921529571642,19.858443728367092,7.724652796241571,21.68307344144003,-0.0039454602891453305,-0.04473773632351907,-0.11498995229342057,0.000461113839207862
2026-05-04T18:58:21.100Z,1,4.961323853194699,19.284040023421767,5.1518655054678675,20.567708967885583,0.004639116024218737,0.012258935822018202,-0.05678054618840633,0.002574471188502111
2026-05-04T18:59:21.100Z,1,3.8906962033706805,19.042180686795973,5.743567136960337,20.266492684040802,0.013356394522823223,0.00910259744379971,-0.10279065696183753,0.0008740838759298806
2026-05-04T19:00:21.100Z,0,2.6724878223376436,19.30774674389113,7.72584730930248,20.967116924685612,-0.01051588514844326,-0.025483631171496768,0.032940489871513545,0.002111309234525268
2026-05-04T19:01:21.100Z,0,3.8989322976021867,19.08463165671037,6.142353681752866,20.42433223597139,0.03756640295193847,-0.04193256394380285,-0.07142663717402131,0.0021952542480212617
2026-05-04T19:02:21.100Z,0,4.408500339764032,17.94206648492036,4.281080608961929,18.965238626904537,-0.034180445622311595,-0.028413498746715504,-0.17226583724327948,0.002422147997431987
2026-05-04T19:03:21.100Z,0,4.1046764135330704,17.76706112559623,3.5250389873908716,18.572633883300266,0.028324394652834428,-0.0031286472133018606,-0.01846451987752573,0.0012850665473947013
2026-05-04T19:04:21.100Z,0,4.6739955647581155,16.593271038345847,2.0820367863052525,17.364266626348314,-0.0060822706222651846,-0.020334958843903905,0.028597232946570017,0.001199020279713713
2026-05-04T19:05:21.100Z,0,5.032231039308499,17.657909049148657,2.6259097148795263,18.547789707986357,-0.006170381025683014,0.016402072263055345,0.021805963374088577,0.0012434706052175343
2026-05-04T19:06:21.100Z,0,5.146471554439813,18.01153469932615,1.4126811083770008,18.785558804561905,-0.05047862509677259,-0.04121252852051782,-0.10448830214260241,0.0004639616152533359
2026-05-04T19:07:21.100Z,0,3.96321117568732,16.053283382007066,-1.072996948096261,16.570041418679104,0.01905873132468372,0.013755385384506269,0.000964417915749749,0.007902720320660415
2026-05-04T19:08:21.100Z,0,3.2762782650479494,16.622019054466364,-1.0302346026946907,16.97312287275556,-0.022323713512406584,-0.012421442252552595,0.012119232537521896,0.0006379364092084047
2026-05-04T19:09:21.100Z,0,2.796865459458786,16.26167216409158,-0.781403401560965,16.51892942192912,0.010397118061611366,-0.013584431494351179,-0.022737079448109654,0.002656663437358708
2026-05-04T19:10:21.100Z,0,1.8470647380581795,15.122709714887606,-0.8773249855948961,15.26033080892033,-0.041046548945544714,-0.009082040659968982,0.020523298601027307,0.00016012892490418324
2026-05-04T19:11:21.100Z,0,2.3179672755304637,13.536627198391216,-1.2189631188448402,13.787643717610305,-0.037606819229374366,-0.036639316824071955,-0.04694789516257458,0.0018862736409950979
2026-05-04T19:12:21.100Z,0,2.2658276866422966,12.695638750756189,-1.2387158458295744,12.955602469278155,-0.007549570528730953,0.024985078084238665,0.009012090648852222,0.0006512947065498184
2026-05-04T19:13:21.100Z,0,2.740021966928907,11.40530854172539,-2.0558154019454378,11.908617059847174,-0.02170698608860988,-0.032612233645590294,-0.05019213905921305,0.0011006551363039298
2026-05-04T19:14:21.100Z,0,2.6657370035536587,11.537154176949116,-1.7253512478418997,11.966157161062164,0.009633604922676398,0.01189756640140871,-0.02589399053931629,0.0008121971513949621
2026-05-04T19:15:21.100Z,0,2.9502745442187006,10.8410729744719,-1.9933518287871266,11.41080341770109,-0.022510680040888076,-0.010317574826501641,-0.02065043298404845,0.006231784171144809
2026-05-04T19:16:21.100Z,0,4.227991837069567,10.741762140241917,-1.769319706454553,11.678692609856204,0.03614673892116116,-0.00024733097614415556,-0.019768358080263226,0.0004960439798186517
2026-05-04T19:17:21.100Z,0,4.098177171727002,9.245329914847389,-2.348277454075287,10.381983835787583,0.03041446482932031,0.014689846469906342,0.033223235003099205,0.0018293272616576371
2026-05-04T19:18:21.100Z,0,-0.4647958744499192,8.102502747533435,-2.0962314110875013,8.382169892547063,0.021630775567604843,0.05241103662223523,-0.0007450925281204945,0.0007054247602677673
2026-05-04T19:19:21.100Z,0,1.6516394657628553,8.422849817179667,-0.940220375014178,8.634600530494781,-0.06687624863133124,0.01727784458682713,0.06375189059415476,0.0010906014323139445
2026-05-04T19:20:21.100Z,0,2.179604890443443,7.814022394995845,-1.5750063585073804,8.263792621870437,0.008796147401568533,0.007650174131179632,0.07042860156136754,0.004944783292504404
2026-05-04T19:21:22.100Z,0,3.0614767574661528,8.698017482856812,-1.0423595347219816,9.279798568299533,-0.02698057764094486,-0.025143155741980117,-0.0003461941258109391,0.0048660171849270375
2026-05-04T19:22:21.100Z,0,2.4521595350961434,7.052058481349377,-0.8095883338228305,7.5099965699191,0.005279510023825651,-0.014032278410680554,0.01143276356696532,0.002719944748476284
2026-05-04T19:23:22.100Z,0,2.92393055769935,6.511511248390889,-0.7475853011555955,7.176909671068252,-0.02831298230310253,-0.02447102467920126,0.0022954661584861924,0.0021461749964900166
2026-05-04T19:24:22.100Z,0,3.7894161150688888,5.991109765091096,-1.3201865754695064,7.210822651026968,0.0070180331785962835,-0.004949906710960406,0.015832744117538766,0.001541717271336566
2026-05-04T19:25:21.100Z,0,4.093763424862118,6.20348270786053,-2.389614366503423,7.807198825831387,-0.046498237475045556,-0.06287402109705909,-0.019562376007087323,0.004302222290810758
2026-05-04T19:26:21.100Z,0,3.7769806067444733,6.246196014217276,-2.972978918592162,7.881570325902133,0.0034188878255125843,0.004624664238228604,0.026936273638256125,0.004044023524172194
2026-05-04T19:27:21.100Z,0,4.683069503698789,6.711419589009893,-2.5558566176187014,8.57360460518472,-0.0552617245015985,-0.032156801317961836,0.010774451150830089,0.006186191554313082
2026-05-04T19:28:21.100Z,0,7.024185905720515,7.238008613967395,-4.286765992446817,10.959211605219943,0.0257309335373046,0.007149875914436166,-0.0009997282024443166,0.001081882421930923
2026-05-04T19:29:21.100Z,0,5.880063240510935,6.942763993720291,-3.860737938566672,9.883441354872042,0.04136914746305509,0.01937305669086342,-0.004053353886313005,8.990826153844041e-05
2026-05-04T19:30:21.100Z,0,5.299343615661201,8.152047030307585,-4.411589962728613,10.67712693286184,-0.06713084322562679,-0.01674687571728839,0.030826627671842743,0.0017497485711757983
2026-05-04T19:31:21.100Z,0,8.84984383083065,8.07460782925773,-4.1277367827206035,12.671118276372695,0.11469429260346775,0.07178292394005581,-0.01862736673352572,0.00221330258966717
2026-05-04T19:32:21.100Z,0,5.6341247636737535,4.358402963589469,-2.6161912664974807,7.588378943395289,0.06628839158562272,-0.018126246977168137,0.08090526508830465,0.001225665324971773
2026-05-04T19:33:21.100Z,0,5.280593881252571,3.5171792151231784,-2.0417763753357576,6.665138568469211,0.003261542137256157,0.006163268396974786,0.03946634099794011,0.0035983175965961585
2026-05-04T19:34:21.100Z,0,3.9438801950382185,1.497510555509507,-1.4630877240051632,4.465126486989108,0.0004003064486557406,0.01580387182276155,0.020657047251404492,0.004914471774413569
2026-05-04T19:35:21.100Z,0,3.815967170339718,0.3336525101076404,-1.351925560811651,4.062097015654296,-0.036921769094977464,-0.04866788645951914,0.08909949816349183,0.002719672342583891
2026-05-04T19:36:21.100Z,0,3.841503375042521,-0.21650472899636952,-1.5264970761563745,4.13934968342309,-0.010399296726859575,0.018764259392511917,0.0017877440638969233,0.005055640777364504
2026-05-04T19:37:21.100Z,0,3.4056887716360507,-1.7714041273393377,-2.6181153561992687,4.6466242165650895,-0.03682413996397571,-0.029760881313123377,0.05308404799730937,0.0022304748465833864
2026-05-04T19:38:21.100Z,0,3.9528990109829465,-1.0147583179787034,-1.9449226601864211,4.520826162223399,-0.003271319268360884,-0.00673040964649374,0.01624886480300347,0.00021303018498748568
2026-05-04T19:39:21.100Z,0,3.5299842279528093,-1.4993369454714411,-1.7838761223174515,4.229777056231873,-0.0026891868940559505,-0.031924230280644394,-0.001791195531453127,0.004881220593228731
2026-05-04T19:40:21.100Z,0,3.504647093905078,-1.8247532348141249,0.47638139858463546,3.979851109991349,0.054223508561879186,-0.007324760701088451,0.0783503582661993,0.0010825693961016398
2026-05-04T19:41:21.100Z,0,3.4581257027639367,-2.9388724396994803,-3.1910170955598005,5.547809900951605,0.043440161447527714,-0.06297103402985726,-0.0672857981980357,0.005965631458787059
2026-05-04T19:42:21.100Z,0,3.159844720357796,-3.4367861353530316,2.550048881857947,5.319667931064196,-0.0428006313972773,-0.037037871906342446,0.025154927150605744,0.00038290676332671946
2026-05-04T19:43:21.100Z,0,4.264704726210766,-3.4466038785012643,0.5328707211447181,5.509150197854266,0.03930016308917317,0.010515033959102027,-0.019069366213209094,0.0026583457808164583
2026-05-04T19:44:21.100Z,0,3.355493329308956,-4.060182117655131,1.1531910313351545,5.39205562529869,-0.013744690701145146,0.004219573283670286,0.055936205002105055,0.0008831042238795221
2026-05-04T19:45:21.100Z,0,3.0062104888202157,-5.016852759695212,1.4204934932422475,6.018630648236998,-0.020986454947191646,-0.013441472176189961,0.034670348437959575,0.0020183199747318696
2026-05-04T19:46:22.100Z,0,2.980752750318061,-5.296394488482292,0.7917503153294092,6.128911004246881,-0.00023663967141374087,-0.00011410332412253865,0.004277693345988709,0.0024575603320574225
2026-05-04T19:47:21.100Z,0,2.521242399325274,-3.6736263340864106,4.137523121244158,6.080402228264067,-0.018235330321303422,0.01648968130396611,0.06338919452208991,0.0024577903696194428
2026-05-04T19:48:21.100Z,0,1.5982739621449582,-5.783522330091273,5.251407124887919,7.973762411312399,0.004182991378165468,0.022661697411052728,0.046830463270586264,0.0013959139044062568
2026-05-04T19:49:21.100Z,0,1.0476498197249384,-6.30836601487772,3.8372745057131397,7.457729383306284,0.005838407310498894,-0.003742245000992739,0.017481787156645168,0.00125344919728966
2026-05-04T19:50:21.100Z,1,-0.14395413285228642,-5.964969325077618,1.9410323502597748,6.2744871046355,0.03295387173540831,0.01926048454414797,0.005442330718585797,0.0011765500451529226
2026-05-04T19:51:21.100Z,1,-0.29532923258557275,-6.401739180091681,1.382519200888055,6.555977671283257,0.009003632495563352,0.02724255759023464,0.19648805031524663,0.0005773218555825522
2026-05-04T20:16:45.100Z,0,-61.42019423532474,25.37283590709194,-33.55195595668192,74.44430676950627,0.2467149103703714,0.040212569098141415,-0.12081243536155029,0.0009986948457683731
2026-05-04T20:17:21.100Z,0,43.23673862927535,-293.9315510684537,-64.30716494969602,303.9746432593855,0.22055730779879656,0.003185521010973247,-0.2326791286959562,0.0012025488845203226
2026-05-04T20:18:22.100Z,0,-6.99068788344448,-19.691100279487728,-53.6840056111032,57.607131552903574,-0.09413554789738932,-0.013218089393696175,0.014040384531455175,0.0033853463217957324
2026-05-04T20:19:22.100Z,0,-17.746676661772653,-31.022903806842805,-57.04830705099084,67.31919808294109,-0.00465945672623036,-0.05036076964515246,0.03550795137474694,0.005141394347769906
2026-05-04T20:20:21.100Z,0,-0.8006017724255798,-17.907551235111896,-53.008920107458835,55.95772480538431,-0.11246765357308952,-0.03359568824778947,0.08340927745908999,0.00271311934244038
2026-05-04T20:21:21.100Z,0,-12.083429338417773,-21.627219384754426,-45.48293881907739,51.792312233697096,-0.11839767168453363,-0.07451934229107948,0.13423348850505334,0.005053184024227678
2026-05-04T20:22:21.100Z,0,-18.955712495881016,-29.424950105749303,-37.01944118256506,50.946891469664074,-0.04785904580151268,0.05623911405061577,0.0414675833919631,0.0022235466846016743
2026-05-04T20:23:21.100Z,0,16.238441513451107,-20.975441325845168,65.52218383785657,70.68813688647919,-0.09334667279636832,-0.07248475204724159,0.08407826283285402,0.0001897016645798151
2026-05-04T20:24:21.100Z,0,-20.01127793755586,-26.373954143309675,-39.60418262886378,51.61906608558419,-0.059023203191621576,0.12019523501027862,0.08181868676526705,0.004924043874300248
2026-05-04T20:25:21.100Z,0,-25.431813676732418,-24.758773901794484,-36.000019590574084,50.55467775122231,-0.09186273040739934,0.06362214114785658,0.15425298415738808,0.0011164990127335572
2026-05-04T20:26:26.100Z,0,-28.923779200340505,-22.700225213611702,-35.1458139693932,50.86367532483213,-0.09553525444516708,-0.019300635469399197,-0.3639804209027986,0.005976647787801619
2026-05-04T20:27:21.100Z,0,16.710740854705364,18.95036496262037,14.529392774420558,29.145641981658475,0.13047312920200227,0.036449061489030044,-0.22611048523568655,0.00044724278549821366
2026-05-04T21:19:21.100Z,0,-11.977317798937293,-7.477833030236525,-2.624779172037961,14.361879897381147,-0.0009797753488527405,-0.008260370303769804,0.14756743337285272,0.001198999481738434
2026-05-04T21:20:21.100Z,0,-14.080059256684763,-10.120875342892077,-1.5826379749341868,17.412206331703597,0.00416977711026334,-0.0038043567225365393,0.03345399103515945,0.001208354277984084
2026-05-04T21:21:21.100Z,0,-15.423853752963623,-7.6488248065800235,1.9337371131769032,17.324523795401756,-0.012531558468253934,-0.033387896472003575,0.06689622028943631,0.0005180845835549189
2026-05-04T21:22:21.100Z,0,-16.019172793676262,-6.806800111746725,-2.0964497089153156,17.53115872202816,-0.017855797612043034,0.04432339465409996,0.03689166294429391,0.007888170493956344
2026-05-04T21:23:21.100Z,0,-20.12595655151017,-12.917402485015828,-4.294572982871614,24.297258511576548,-0.02651837528677703,0.011133443474697913,-0.02360930225764335,0.0005860747773068094
2026-05-04T21:24:22.100Z,0,-18.29833189844976,-7.890778104524543,11.87576345000707,23.197566399973763,0.020137274540310557,-0.03026234652203641,0.05271189217881389,0.0029100754489357465
2026-05-04T21:25:21.100Z,0,-20.52128952846033,-12.387298507746891,0.48333235554309795,23.975030727755883,-0.019478268526107456,0.008438115411735225,0.07748814326069553,0.00018301141203727484
2026-05-04T21:26:21.100Z,0,-21.853950614087125,-13.077285500457947,2.488033515874122,25.58907705017044,-0.034352133148729536,-0.003123027966456249,0.0781327554021799,0.0018336120327624244
2026-05-04T21:27:21.100Z,0,-21.669879744536047,-12.89607943590454,4.527232022155658,25.62007772709219,-0.010689871313473986,-0.011170221472678321,0.01528678253259752,0.0007109406832082957
2026-05-04T21:28:21.100Z,0,-21.68463102941587,-13.527581755624851,5.185050764339394,26.078792964126933,-0.17449524855894794,0.11540737640691745,0.11923792386214771,0.0011229053951886708
2026-05-04T21:43:43.100Z,0,-17.010252695399686,-2.706548148580623,34.732423064269824,38.76874142343752,0.1326304712643278,0.0563301490051904,0.10199497557028536,0.0009526144152959616
2026-05-04T21:44:21.100Z,0,-13.255054223918705,-4.689507083185163,29.15115277210134,32.36475933951403,0.028916143235413472,0.044516442337716455,-0.004276374657052884,3.775660361802175e-05
2026-05-04T21:45:21.100Z,0,-12.79266424535308,-4.334494880822604,30.371014311185718,33.23911272366427,0.10263961289203039,0.08682508965363045,-0.05736750319051964,0.0018382503839271189
2026-05-04T21:46:21.100Z,0,-55.26812306197826,-27.620736023891368,39.68232215243006,73.43130924002857,0.25032114001177774,0.11219314963517579,0.0073824096951113916,0.0022331846081444545
2026-05-04T21:58:21.100Z,1,24.927971588112996,6.808395271718837,30.206618015199638,39.751701669109906,0.08019006578541266,-0.0765179228818802,-0.07659778196345002,0.002595897992470093
2026-05-04T21:59:21.100Z,1,23.07865692091582,8.107012577738715,28.78909259379725,37.77777005837138,0.056359584075682534,0.061211499486457654,-0.07560919367843866,0.0008488233008382817
2026-05-04T22:00:21.100Z,0,21.88721958464157,7.185656315925826,28.118615095081623,36.35024831692728,-0.058485049398093736,-0.007594314137993052,0.03890573059006641,0.0020974236022002447
2026-05-04T22:01:23.100Z,0,21.22868285914592,10.5886997602056,29.446209521665878,37.8134472607275,-0.011609201576945338,0.037653181720997964,-0.01810101894150762,0.0025840756461648524
2026-05-04T22:02:21.100Z,0,23.89731727180333,8.75367391392956,26.903753887381754,37.03404586341397,0.01109397133625123,0.010777830267816313,-0.05935241217702725,0.0024156549429528015
2026-05-04T22:03:21.100Z,0,26.03897836888791,8.691652117832405,26.037316088149964,37.83536758255516,-0.06068989231344801,-0.04593180706424782,-0.02015421185941335,0.0013274665495361239
2026-05-04T22:04:21.100Z,0,26.480942444322864,8.337184960829802,24.74307821103139,37.18828962412554,0.08812890675358176,-0.02409332506281281,-0.10781221877476099,0.001240238600132097
2026-05-04T22:05:21.100Z,0,27.52534777710025,8.107575200341444,23.741851005979697,37.243160916732734,0.023284798968070675,0.030665757620562673,-0.030390864599105782,0.001238226804170169
2026-05-04T22:06:22.100Z,0,29.628657162902527,8.529896035156526,21.308413250153535,37.47885973301099,0.0574588579960178,0.007023239100956147,-0.05064303073432086,0.0004122227755550338
2026-05-04T22:07:21.100Z,0,30.825890063624684,8.808274756859191,19.71459011292609,37.63623607280198,0.03003160843473296,0.030857821212704195,0.003947793546288381,0.007879746455556648
2026-05-04T22:08:21.100Z,0,31.033357448905008,8.32922728233143,17.76911399610981,36.7176621515993,0.026153603821299498,0.013652868607438862,0.05872726267952544,0.0006175671131662871
2026-05-04T22:09:22.100Z,0,32.43373895611512,8.848825697668872,12.175540775388072,35.75601952223265,0.05382415071686353,0.010660619537361526,-0.01572804485094892,0.002859602724229915
2026-05-04T22:10:21.100Z,0,33.972523640841246,8.773352296088888,10.097376876728958,36.51110917008008,0.02927004783437326,0.02190176375793662,-0.007611647536265309,0.0001781116800015008
2026-05-04T22:11:21.100Z,0,33.59845178943033,9.387215739366184,8.221466021495871,35.840874508397384,-0.0015601059182301924,-0.029067968328355676,-0.0318832680115122,0.0018947960456279348
2026-05-04T22:12:21.100Z,0,33.04402800677053,10.033821176762103,7.378378029898158,35.313252705911395,-0.0061191533173854395,-0.02007586379404458,-0.04400950047300789,0.000650587609431353
2026-05-04T22:13:21.100Z,0,33.51291682156443,9.594752124939987,6.478714720287826,35.456291496080226,-0.006850882224185284,0.024930229513220326,0.0775742058017892,0.0010813577796569842
2026-05-04T22:14:21.100Z,0,32.85039332320139,8.923114726144377,3.0850872844894184,34.1802293944597,0.018806517047664784,0.011489252480623158,0.06735159416774994,0.0008474424951980662
2026-05-04T22:15:21.100Z,0,32.66572895523723,6.772821191020739,1.1227627846892574,33.379358162392016,-0.018425705609281806,-0.01861537824077164,-0.0063351217323148745,0.006206496263873665
2026-05-04T22:16:21.100Z,0,32.90381342389992,8.624455630297234,-1.4873064383209567,34.047823031660236,0.005627494605420225,0.003289783860327411,0.005057234522709564,0.0004623161272987931
2026-05-04T22:17:21.100Z,0,32.48145627799204,8.692761582324238,-3.252976569456223,33.78151805984556,-0.024238811471732902,-0.001953195472137459,-0.024597849063612287,0.0018951052615422247
2026-05-04T22:18:21.100Z,0,32.672355887598314,8.28964251513753,-5.043432199272502,34.082799483365726,0.018358708693710923,0.007238434982959063,0.022149429400375453,0.0006636459963191167
2026-05-04T22:19:21.100Z,0,31.176377169913394,7.337039214235119,-4.51116993008327,32.344231201406046,0.0033306963835855186,-0.004773794944762377,-0.011058533476937527,0.001059388088977475
2026-05-04T22:20:21.100Z,0,30.041115285712294,7.537128287367523,-6.0751241608159035,31.562383370066048,0.034285259418176395,0.05579302856452417,-0.007839799610831477,0.004863251659019102
2026-05-04T22:21:21.100Z,0,28.55637713082615,8.991765952259811,-6.025682542713184,30.538948572007975,-0.02247196865301504,-0.02694042453422335,-0.07465309041831958,0.004730910874868629
2026-05-04T22:22:21.100Z,0,29.584582099232648,7.772795534265242,-9.72034313963377,32.09593306255414,-0.014884109892143726,-0.0004162682038511001,-0.046158381244776336,0.002747642254706877
2026-05-04T22:23:21.100Z,0,28.17921663790912,7.764673955762191,-9.873372453512275,30.85193503771329,0.0015181783545870076,-0.004990233099966268,-0.004490342170093697,0.002222926229141138
2026-05-04T22:24:21.100Z,0,27.076145392584294,7.037022979829999,-10.270260865581804,29.801268429147783,-0.022315132206074395,-0.005048738523805163,0.004611937477250194,0.001681863011328954
2026-05-04T22:25:21.100Z,0,25.995279814196692,5.804884718827452,-11.516760158883699,29.018735737011518,-0.035157064731450305,-0.007646510770453752,-0.041459831413348525,0.00427513901931986
2026-05-04T22:26:21.100Z,0,24.98731630930706,5.768527115492361,-12.384789809402719,28.478498907888717,-0.019658124621457773,-0.008609278296600742,-0.040585921770031064,0.004103360056390518
2026-05-04T22:27:21.100Z,0,24.184028105992184,5.521991933846948,-14.180710341861413,28.573626933741995,-0.005727625092433186,-0.008754361305984837,-0.02029762531030599,0.006128604022862379
2026-05-04T22:28:22.100Z,0,22.25124768119713,5.511761717116315,-15.400220756419003,27.616378110510585,-0.02962224925617818,0.03697386194412289,-0.0495822636574772,0.001003499198539986
2026-05-04T22:29:21.100Z,0,23.199046043373528,3.985719869888271,-15.40465755169862,28.13156900154864,-0.08258630427526725,0.02471684659055562,-0.11636316210417164,3.8203465645493e-05
2026-05-04T22:30:21.100Z,0,21.6516475793469,4.367613059002906,-17.227134726908844,28.011498668091285,-0.024177197573749254,0.028604366193674124,-0.001982825176938263,0.0018039967114885005
2026-05-04T22:31:21.100Z,0,16.568342462960572,5.397232945938413,-18.15183572443857,25.16205944690676,-0.06626046834545818,0.0960783386645403,-0.06842019798547483,0.002211654048219942
2026-05-04T22:32:21.100Z,0,13.64052386907133,3.983442546882543,-16.15724668636176,21.51716353125957,-0.026681430985053822,-0.07785511964475411,0.035469304607183005,0.0011556942252620114
2026-05-04T22:33:21.100Z,0,14.392979003787332,4.0194211250081935,-17.960473734547122,23.36433623180813,-0.011010700241342875,0.042979254238684206,-0.0005657991470897628,0.003525297788930772
2026-05-04T22:34:21.100Z,0,13.282119275572768,3.1652139485345288,-17.268751242227154,22.01460972301033,0.0203003797811796,-0.041537060865737274,0.0593900637904099,0.004917500759633086
2026-05-04T22:35:22.100Z,0,11.334675947182404,3.2860132303085265,-17.12388081705285,20.79663568979436,-0.061738664146382405,-0.024736115743051457,0.009303145955819048,0.0029557158546359708
2026-05-04T22:36:21.100Z,0,10.390694890702434,2.72874543134094,-17.355080684865243,20.411061156121118,-0.054532017602637595,-0.01722462683773074,0.01946964730326073,0.005109188713680882
2026-05-04T22:37:21.100Z,0,9.550502039928688,2.735441391649829,-17.8521069560702,20.430184815434323,-0.03419101732859975,-0.026933555439034862,0.00521438152478737,0.0022566905429492064
2026-05-04T22:38:21.100Z,0,7.717616593254206,2.3313495427430553,-18.19519359830224,19.901303139508723,-0.0699439570624738,-0.004139171035477673,-0.007367603046759541,0.00028273863631430695
2026-05-04T22:39:21.100Z,0,5.82902320275025,2.3803136632736255,-18.459194929562273,19.503468462848996,-0.03464549303267006,0.02278065140504104,-0.0016979007240180977,0.004863272165218757
2026-05-04T22:40:21.100Z,0,5.646039760904387,2.363329199752684,-18.21850450050988,19.21918302434356,-0.04085423591715376,-0.0052282104228140724,-0.01728516103671751,0.0011450160753373017
2026-05-04T22:41:21.100Z,0,5.675675056409091,2.6428368428810245,-18.550364818565868,19.578404144003155,-0.09963100328946872,-0.004212383135637765,0.045479398814052274,0.0060353378433609045
2026-05-04T22:42:21.100Z,0,2.2495987250295,2.4037675974852846,-17.836861543855775,18.138148274315533,-0.1815398111866262,-0.022536896241431847,0.042827214285168225,0.00041107041323975625
2026-05-04T22:43:21.100Z,0,-1.6919598692766158,1.1336037834439594,-15.708440936577972,15.839914848099394,-0.03036044864890286,-0.012690305440488103,0.017645898271467786,0.0025530226974637017
2026-05-04T22:44:21.100Z,0,0.8405027965636691,-0.5816987788307415,-16.641532348785404,16.672894689765048,0.046387418046300866,-0.003582027700899104,0.009863881798466423,0.0009529552964634154
2026-05-04T22:45:21.100Z,0,0.47910229386616265,0.3754464390794965,-16.895263270271244,16.906224297825396,0.014912606444816845,0.022302882455749184,0.002560924753147731,0.0020675227800787785
2026-05-04T22:46:21.100Z,0,-2.8358582840155577,0.4380554001954806,-16.37100627476684,16.62058456219622,-0.02125700143551512,-0.006523763835364349,0.049283317011372674,0.002172512690112799
2026-05-04T22:47:21.100Z,0,-4.040863210320822,0.016973938386399823,-15.701508316851687,16.213149818072715,-0.0161627955410637,-0.004773539532543225,-0.002312058740905343,0.0024988807914741577
2026-05-04T22:48:21.100Z,0,-5.635586022435746,0.029577045097539667,-15.147775748118875,16.162172339545457,-0.03412493881338463,-0.03426611574774974,0.04594098290322535,0.0013426947910329951
2026-05-04T22:49:21.100Z,0,-7.273729761436698,0.2591991712961317,-14.566536486199766,16.283682447671335,-0.02546528348190691,-0.006195110456408415,0.015338422924671136,0.0011966844163902323
2026-05-04T22:50:21.100Z,1,-8.918866378735402,-0.3259483602278124,-14.31388955188595,16.868309160045108,0.03915398218357069,0.0006485545247514324,0.010410391737991631,0.0012001569760960059
2026-05-04T22:51:21.100Z,1,-10.041757773251447,0.0490828400643295,-12.73886079343356,16.220908809814677,-0.010789020466361876,-0.014515219133093282,0.03528286131970759,0.0005147608373191784
2026-05-04T22:52:22.100Z,1,-10.199632160038163,0.13044146385254862,-11.753587602470361,15.562658278858459,0.015856572311179207,0.06805161397183124,-0.024716728528773046,0.007903315501366819
2026-05-04T22:53:22.100Z,1,-11.4775707966146,-2.0966472120562685,-14.368750404173625,18.509228754882344,0.07598160584709746,0.04725181922249355,-0.10017469382805899,0.0005875683992559756
2026-05-04T22:54:21.100Z,1,-11.11843753278663,-0.6199688075412269,-11.151073984365212,15.75913911029372,0.013419317491880633,0.19667895316710649,0.07066444565939634,0.002713899155009001
2026-05-04T22:55:21.100Z,1,-13.911144404119113,-1.0371978555667738,-7.7486204500019085,15.957344293523112,0.04431620940970049,-0.05090829820814102,-0.057912369657131535,0.00019684441336765456
2026-05-04T22:56:21.100Z,1,-14.464258204498037,-1.649085530971206,-6.3144473106149235,15.868411808791056,-0.0029950511963861004,-0.00015054808047421098,0.032142643021870754,0.0018853566720401088
2026-05-04T22:57:21.100Z,1,-15.291633318156528,-1.5181503754320147,-5.813827994643361,16.429833415183428,-0.012315682103469783,0.008359158780835152,0.0928575913219376,0.0006864151136366127
2026-05-04T22:58:21.100Z,1,-16.517948907448954,-1.7808473273817071,-1.635039701795904,16.693933273467504,-0.015005782861621242,0.007595113302699685,-0.025227913075465125,0.0010823296835454637
2026-05-04T22:59:21.100Z,1,-16.975703827711186,-1.8405015143798664,-2.8592802855200716,17.3129272516743,0.011238862337670241,-0.004268730680018207,-0.01810704546145736,0.0007920182762242482
2026-05-04T23:00:22.100Z,0,-17.196811410940427,-0.9561610254422703,-1.6282605538435746,17.300167601535794,0.03659065692040997,0.006508591724296853,0.03618559943796562,0.006264558594873625
2026-05-04T23:01:21.100Z,0,-18.15535533421553,-0.09188109083879681,2.058170909549517,18.271875572567744,-0.03737895744393427,0.0035980710577643293,0.01859284224281499,0.0004968890054823759
2026-05-04T23:02:21.100Z,0,-18.658433678666597,-0.0754437428440724,1.4464682617472135,18.71456944553564,-0.03341220063468597,0.028057334689246538,0.13871084945163425,0.0018084142091784755
2026-05-04T23:03:21.100Z,0,-19.659531922513906,-1.1698616470994239,2.2049230783522944,19.817352433338517,-0.05680004740593603,0.1139557436043992,-0.2507117991880081,0.000712161357117759
2026-05-04T23:16:21.100Z,0,-12.714278453131556,-2.6373772315935184,26.134252827432647,29.182320094428142,0.04357847086478017,0.043401626823369455,-0.06140950223709751,0.0022209101946468047
2026-05-04T23:17:21.100Z,0,-13.6681871554174,0.5863913531811704,24.26983729174026,27.86015429070968,0.08484363767014003,-0.022308691158601235,0.09388237362806251,0.0011718169652092819
2026-05-04T23:18:21.100Z,0,-13.669166837644298,0.8786783161554013,25.123998925664637,28.615267247318066,0.06265011344996907,-0.061714193929196526,0.0338583371100043,0.0035786770533450603
2026-05-04T23:19:21.100Z,0,-14.908319537425996,1.9090498752802887,23.26710206898497,27.699467531793278,-0.006138825626500477,0.008221448170919743,-0.061116384899584375,0.004873833806670174
2026-05-04T23:20:21.100Z,0,-15.07009414217464,1.7817516381910536,26.02935784489091,30.129882943210827,0.04533251844707209,0.02254594539752297,0.002084413637248872,0.0027528640583374575
2026-05-04T23:21:21.100Z,0,-9.76703896685649,0.7786039000166056,29.32049096079936,30.91427606132046,-0.0021063102879637086,-0.022606194465035756,-0.0374648675949274,0.00501958808285305
2026-05-04T23:22:21.100Z,0,-8.992669292638311,0.7152323817081196,32.8527143624342,34.06876134153242,-0.006655698280955136,0.041144743082810464,-0.04084968554263213,0.002303102074425309
2026-05-04T23:23:21.100Z,0,-6.13933865679428,-0.13342481474865053,35.042827793404285,35.57680509942099,0.0991601820119481,0.009234437479577196,0.015564810359691705,0.0002565591353727395
2026-05-04T23:24:22.100Z,0,-2.5868901229841867,-1.5567351701974985,35.43579058191426,35.5641769068793,-0.00021452265852595076,-0.06483898042164427,-0.0018211321384242751,0.004994273427063027
2026-05-04T23:25:21.100Z,0,-1.2476778156269575,-1.668624769536109,34.749490007698114,34.81189544319913,-0.08235427489799996,-0.007640879629899899,-0.033100505860694796,0.0011712705080516067
2026-05-04T23:26:22.100Z,0,0.20230120935593732,-0.38387274139495275,33.71683811377579,33.71963013515209,0.057548968650553145,-0.007473345881692239,0.03352630305020199,0.006021700032454381
2026-05-04T23:27:21.100Z,0,3.569483838873566,1.0069261288663256,36.4751365810605,36.663206402495554,-0.008363667348687542,0.011014345684845495,-0.019114700978484223,0.0004487908369658399
2026-05-04T23:28:21.100Z,0,7.38819638172572,0.7213209678411658,37.761496101325065,38.484234921899905,0.03668302928649947,0.009533715791487651,-0.003328751479791947,0.0025617495794294496
2026-05-04T23:29:21.100Z,0,10.22359116905136,0.27317912190483185,37.06287717386658,38.44805986821273,0.0030716303949240853,0.009657095151549555,0.04304264872168062,0.0009225014150429251
2026-05-04T23:30:21.100Z,0,11.275103921434493,0.22617536751567968,38.89019718030795,40.49230248404319,-0.02201039435623109,0.026223158137606006,-0.027342321501144795,0.002061879201596681
2026-05-04T23:31:21.100Z,0,14.080391526476888,-1.0486702722118935,39.224282202894756,41.68814518794317,0.1688307764271535,-0.05274553364897905,-0.05432534096261321,0.002194152379545946
2026-05-04T23:32:21.100Z,0,19.37130687656463,-0.5268332442938117,37.01161235812833,41.77779951986092,0.01589936210022458,0.03918946150716085,0.030821819784421223,0.0025021633762769818
2026-05-04T23:33:21.100Z,0,20.384626393934013,-2.3245624138326093,37.13827874207709,42.42862632186305,0.06922966235611838,0.012275206062284383,-0.0762359210071395,0.0013714419176077896
2026-05-04T23:34:21.100Z,0,22.06865013067727,-2.5365783410506992,36.02677562412282,42.324793090355676,0.14069966721086402,0.004062121799153218,-0.08236595515942469,0.0011892076603654623
2026-05-04T23:35:21.100Z,0,24.797138216854364,-1.4448026067839237,31.0704367393555,39.778858172308574,0.15273042308106,0.016691816559499806,-0.11318820422800968,0.0011433374038833225
2026-05-04T23:36:21.100Z,0,27.098315533294226,-2.4814877856442763,31.810262913040788,41.86131045451223,-0.007379702088528006,0.003529165410798285,-0.03421801724812212,0.0005472733651570022
2026-05-04T23:37:21.100Z,0,28.393415679602185,-2.4388753415678366,31.464923384191934,42.4520384723685,0.0020354110361608946,0.0017250911400253782,-0.06772728737569622,0.007930248848250823
2026-05-04T23:38:21.100Z,0,30.351024615811184,-3.0295901979116024,30.609515073592775,43.21233070591497,0.09078852902622003,-0.040412481251056454,-0.062350398780885996,0.0005188891845375724
2026-05-04T23:39:21.100Z,0,32.694912026272505,-3.791783319456954,28.82890729142673,43.75432308658297,0.048216154480584805,-0.046638729318149164,-0.06464682484441653,0.002740123049894786
2026-05-04T23:40:22.100Z,0,34.44760178354045,-4.43708636635165,27.047596729062207,44.021557138268285,0.05020563835334002,0.018860457204783465,-0.09364269438361106,0.0002835592746133838
2026-05-04T23:41:21.100Z,0,35.20348633537651,-4.607282966389903,25.42117022403545,43.666330302154016,0.04128246047230277,-0.003425892968977884,-0.10811727036763585,0.0018048747708960934
2026-05-04T23:42:21.100Z,0,37.557239849775215,-5.51138948389962,23.126374940147798,44.449419535569625,-0.029832591657452667,0.011862709997756404,0.039748927370908405,0.0006875097339436473
2026-05-04T23:43:21.100Z,0,37.557770772309595,-5.641211183046835,22.90224760872661,44.349998359960615,-0.009197267353044936,-0.0018443595657391398,0.0858164162282904,0.0011382932683670032
2026-05-04T23:44:21.100Z,0,39.07460069149238,-6.851648773135821,20.22577871593967,44.52922225658279,-0.011425993079683394,-0.04079006850554734,0.05054885222977035,0.0007726015080437311
2026-05-04T23:45:21.100Z,0,40.7693780266527,-6.696461059163994,18.103413993230788,45.10785268229154,0.020629181427089804,1.9819154095657154e-05,-0.03674430606004364,0.0062188140461982054
2026-05-04T23:46:22.100Z,0,41.10116555307286,-7.509410479997314,13.190920115448534,43.81435186180826,-0.037160449059214784,0.0401985324693932,-0.12891489136546141,0.0003276047522758099
2026-05-04T23:47:22.100Z,0,39.889856581112326,-6.675620608575628,13.908509733482788,42.769278829292126,0.03407046915793188,-0.054646034664651566,0.05933714411199276,0.001646139760079435
2026-05-04T23:48:21.100Z,0,41.33469124428757,-7.118752723044963,9.749057743647427,43.06132217525857,-0.006715766747156238,-0.01714070423819436,-0.013473461701885014,0.0006613132603160896
2026-05-04T23:49:22.100Z,0,40.743706468674645,-7.412084562474774,8.522911185536941,42.28035748954055,0.008593576497517574,0.016053165934781788,-0.03817381457404956,0.0009676883132716645
2026-05-04T23:50:21.100Z,1,41.0209015870322,-8.180314604260275,5.225232459451945,42.1537064597286,0.003295749280596283,-0.006299252502284247,0.0066755923653349925,0.004875937990994095
2026-05-04T23:51:21.100Z,1,41.23515521007448,-9.098430269887103,3.2561602083660546,42.35235575357618,0.011010521228982384,-0.031431817184568445,0.021514822402868283,0.004729666675147085
2026-05-04T23:52:21.100Z,1,41.22863853115177,-8.53036148623687,1.8419401385472156,42.14214571770447,0.013378870376001828,0.013731332712652033,0.012706183655675218,0.0027584420517656268
2026-05-04T23:53:22.100Z,1,39.88024934346868,-8.691238804658497,-0.8355707132068346,40.82487107234516,-0.04269976448334489,0.002450834565070892,-0.01712987769786345,0.0022323625269003405
2026-05-04T23:54:21.100Z,1,40.236831649735905,-8.944711989556708,-3.133455891656922,41.337985432411536,-0.013744667270998434,-0.005890807565300804,-0.08536103968781461,0.0016896687640493902
2026-05-04T23:55:22.100Z,1,37.87244281420499,-7.916538823451447,-5.681986375748238,39.105990344608706,-0.023364118769464426,0.025846283852715146,-0.09912021188673847,0.004196388813901659
2026-05-04T23:56:21.100Z,1,37.86069259240321,-7.176087824447563,-5.109806535983807,38.872077419091234,-0.06436610910043328,0.12880867639442073,-0.21065038616185916,0.0041141388451690075
2026-05-04T23:57:21.100Z,1,36.133762346707954,-8.336147016770212,-9.14946082230017,38.19493110024394,-0.010833541057131413,-0.03333685939610476,-0.028519674196925138,0.006162967162070154
2026-05-04T23:58:21.100Z,1,34.571160986160976,-6.367690188540109,-4.70117651639157,35.465669469313,-0.07244979912446325,0.022067448140372647,-0.037602240218870264,0.0011263416787252053
2026-05-04T23:59:21.100Z,1,33.42065886772616,-7.780138862074182,-9.763673487213964,35.67632716285416,-0.009610162589268612,0.03924767519380978,-0.1053912044186589,0.00010367353976726027
2026-05-05T00:00:21.100Z,0,34.32152733148541,-7.747984368165817,-13.599231081570906,37.72184494620069,-0.11749376941061485,0.04941132332803022,-0.21096735290537794,0.0017304198841439557
2026-05-05T00:01:21.100Z,0,32.0899240223298,-8.820500937986253,-15.799216667801375,36.8399200307499,-0.029184932398784724,0.030905114041690496,-0.08817441353237143,0.0022426350700818208
2026-05-05T00:02:22.100Z,0,29.834423849933955,-8.554333203392162,-17.56976419892453,35.66463342049061,-0.006159413219464227,0.07778482881493076,-0.08926461632530192,0.0010878516038242733
2026-05-05T00:03:21.100Z,0,29.30429213665775,-8.492544439604899,-16.88305709649285,34.86979302509097,-0.028162674334808457,-0.0198947937288807,0.01147546495516849,0.0036090157584892433
2026-05-05T00:04:21.100Z,0,27.74548106299335,-7.409824222804673,-17.940148823072377,33.860982771085816,0.03972486824821431,0.036092529186237954,-0.030002841704401817,0.0049120421251115055
2026-05-05T00:05:22.100Z,0,27.906443327083252,-6.20809088468377,-18.97862045916554,34.314690820889815,-0.022524725427963688,0.04808343462237019,-0.02035673407441152,0.0028640035001650088
2026-05-05T00:06:21.100Z,0,23.957217427778232,-5.514880771897879,-18.908825322341727,31.014607072812026,-0.06294573475651433,0.04445684753262569,-0.03145169799356751,0.0050357344553843735
2026-05-05T00:07:22.100Z,0,24.620963924462558,-5.4337770479833125,-18.09691934067814,31.03572598151826,-0.04044740637043631,0.005310125804403043,0.019905554636601153,0.0020445012631231754
2026-05-05T00:08:21.100Z,0,19.370712895579345,-4.43210279968298,-19.61929241542748,27.92462512178045,0.01346672455859732,0.039669491638694154,0.020525363505718985,0.0002112344310831923
2026-05-05T00:09:22.100Z,0,17.245724621716363,-5.433314049696492,-19.308421802634257,26.452808391532745,-0.06299495582107184,0.06305850645205169,-0.023786875470221958,0.0049331313585528735
2026-05-05T00:10:21.100Z,0,15.900470933956967,-6.739383767580875,-20.945829091033374,27.14722869464069,-0.0024912291680667664,-0.027029933444833176,0.037762953972730884,0.0010994026752678316
2026-05-05T00:11:22.100Z,0,14.820834598140209,-5.40084123304041,-22.18502083542262,27.22134040928321,0.0008592420936981426,0.02636969227864938,-0.036701078496292894,0.006035627981344771
2026-05-05T00:12:21.100Z,0,15.20434017675143,-4.122295383240271,-22.396169886633288,27.3816307956265,-0.050570670894201086,-0.043141032620930275,0.013842153137488822,0.00038152103939341606
2026-05-05T00:13:21.100Z,0,9.616123816158506,-3.988045542882901,-21.578831898636963,23.958721389286012,0.09248549217238944,0.01885066618867448,0.018818896563743692,0.002589326467442663
2026-05-05T00:14:21.100Z,0,10.044618992651522,-3.2925122100095905,-21.29289612452112,23.77230390034261,-0.007025948354166811,0.011760200524957298,0.010906260723864136,0.0009691269491921592
2026-05-05T00:15:21.100Z,0,7.874418645769765,-2.878741185668332,-22.27625232405117,23.80178643353698,0.0157208821925936,-0.0028000936813654675,0.035295092570386544,0.0020199664328608407
2026-05-05T00:16:21.100Z,0,7.464778758730972,-1.907519767883059,-20.935266536525887,22.30800167063483,-0.012356306258398675,0.008125994625629573,0.0050867985699198925,0.002175723182500583
2026-05-05T00:17:21.100Z,0,7.837946644031035,-2.5257466627408576,-20.193675693008117,21.808194372607073,0.03935789162579084,0.016228198523093873,0.005403696641259614,0.0025489603764615194
2026-05-05T00:18:21.100Z,0,5.978226386105234,-3.068119037834549,-19.046103369646517,20.19669771821889,-0.053305991619900794,-0.019265273947910444,0.03741789580669064,0.0013667532490354724
2026-05-05T00:19:21.100Z,0,7.768732423755864,-3.5264295779597887,-18.98259053541551,20.811719113890423,0.07921318012993339,-0.051158885525870446,0.021782007077142396,0.0011384158315708864
2026-05-05T00:20:21.100Z,0,3.9823151337259333,-1.5983745283847384,-18.73047056096766,19.215726954569476,-0.0015004487701197888,-0.07085836502540577,0.05139328809189436,0.0011353166653756534
2026-05-05T00:21:21.100Z,0,3.2909386900428217,-3.549493147602334,-19.347638160525094,19.943928435920128,-0.06053542257644651,-0.032766768764291854,0.06312323922763596,0.0004937646967723659
2026-05-05T00:22:21.100Z,0,2.3211496645672014,-1.9048834678869753,-19.582517008984723,19.81139291414729,-0.10026919026451253,0.009619581156306012,0.13803771051801306,0.007986180839110625
2026-05-05T00:23:21.100Z,0,0.700135432452953,-1.7530288582747744,-18.659589505659824,18.75482818693497,0.011336400869144114,-0.015462239597696659,0.07470619570781878,0.0005625215248453282
2026-05-05T00:24:21.100Z,0,-0.8140787440424901,-0.42258395387761993,-16.196332282106596,16.222283464173127,-0.02203875335915484,-0.024318524337707537,0.03668670301060217,0.0026760975899478246
2026-05-05T00:25:21.100Z,0,-1.3480249190251925,-0.2708315960262553,-16.103910925266973,16.162501911048672,-0.05661407029844412,0.007054187368571441,0.07811761638709669,0.00012217967544698863
2026-05-05T00:26:22.100Z,0,-2.4617676290290547,0.21384931096690707,-15.13080752647511,15.331254605881808,-0.09679549573071711,-0.0017343989824336603,0.057050807431124895,0.001930648356296749
2026-05-05T00:27:21.100Z,0,-3.9058896154529066,0.4443049315341341,-12.484332687563438,13.088618842874649,-0.053179057053931444,-0.023785294568812176,0.02950059184048115,0.0006479609725939323
2026-05-05T00:28:21.100Z,0,-4.10998498864501,0.8035651740101457,-12.640530279895756,13.31618186090633,-0.07498924195559198,0.028415163366712903,0.1662305656253693,0.001097101696460303
2026-05-05T00:29:21.100Z,0,-4.515162916959525,-1.0367112827225355,-13.829997460561572,14.585276692937647,0.5849095227592471,-0.41664674669972257,-0.6595163544718119,0.0008308589657461395
2026-05-05T00:43:50.100Z,0,-23.555041884264938,16.256050223290686,2.7384373743188917,28.750620972157996,0.036432845887723886,-0.05975621551090882,-0.018468973289387236,0.0014539812787614553
2026-05-05T00:44:21.100Z,0,-16.330529289007245,6.559246968777188,6.252536119973229,18.67629823032675,0.069200822915505,-0.014088933014910765,0.09863974551072019,7.359080227262174e-05
2026-05-05T00:56:07.100Z,1,-22.685028202431567,-11.614843937422847,11.020739778814459,27.766379121306894,0.3627405991513122,0.4084437638760541,0.4383337160867029,0.004562291350844324
2026-05-05T00:57:36.100Z,1,-5.425539255156764,4.522591047589231,28.021621535117447,28.898124151064533,0.08407164380330734,-0.10711424432452432,-0.007895501882515532,0.001333232323338189
2026-05-05T00:58:21.100Z,1,-1.8395433016848983,2.406212842288369,29.085727166602737,29.243004370468157,0.1269907959993155,-0.12133507449529901,0.03150902394022381,0.002568286100731788
2026-05-05T00:59:21.100Z,1,-6.4107681091627455,5.23649219167055,31.60040615125581,32.66656497318338,0.11746153374847523,-0.0932236550048593,0.03940747482111817,0.0009025900030132108
2026-05-05T01:00:21.100Z,0,1.256311922588793,-1.4706069619023765,31.99655256025835,32.0549587462628,-0.017253069489631123,-0.02747253892421142,-0.012995134913929007,0.0020719034109944207
2026-05-05T01:01:21.100Z,0,0.5562657761402079,3.208653932233574,33.10981484128206,33.26957665036519,0.005440718561663949,-0.025421305470008093,0.039941060801851336,0.002227060609719393
2026-05-05T01:02:21.100Z,0,2.9117740186848096,2.673058729214972,35.970675701605614,36.18719637296872,0.06370595869620299,-0.07368301276788891,0.055292602917589306,0.0024477262246963795
2026-05-05T01:03:21.100Z,0,5.974954210614669,0.6546187910316803,37.891380357450544,38.36515748662453,0.0772287958715756,-0.0490683508880263,-9.744424911417582e-05,0.0013575906681168445
2026-05-05T01:04:21.100Z,0,8.28946894762339,-0.9009353398141684,39.13184086025012,40.01034802438089,0.08808391800840809,-0.03143235682312451,0.005203906607853526,0.00125310264611416
2026-05-05T01:05:21.100Z,0,11.389725571461895,-2.3146952780734864,40.08259418344551,41.73365571452288,0.10197534393396879,-0.060247418319892,-0.0031886042606288356,0.0012186005922965003
2026-05-05T01:06:21.100Z,0,12.845856066633132,-4.7570885053573875,40.57941728319747,42.82913746710672,-0.059689419004804734,0.08948292183830198,-0.01860839338441167,0.0005577812744846084
2026-05-05T01:07:21.100Z,0,16.777097135673102,-7.678337821744208,39.42711815170696,43.5307420767588,0.08921802991368466,-0.026347217963823555,-0.016055138511106293,0.007851389868544065
2026-05-05T01:08:22.100Z,0,18.427604194585,-6.130532101451536,39.304595753037574,43.84074893873181,0.09743863503075545,-0.006535636766447084,-0.001410917631616826,0.0005575878307566463
2026-05-05T01:09:21.100Z,0,23.763086373037368,-10.738134059465665,38.26659929700327,46.30685066822081,0.007395299253865062,0.022809956144675958,-0.025089018579116384,0.0027688839426215565
2026-05-05T01:10:22.100Z,0,24.45440026167489,-11.362623271452321,37.00193819759079,45.78504483065931,0.1062897924959394,-0.016324658108968215,-0.0026314268444238564,0.0003565544002947879
2026-05-05T01:11:21.100Z,0,26.406182351820462,-11.899928631919465,36.513470841327944,46.60609746291656,0.006869928920405499,0.0042187684192729336,-0.07883434077537999,0.0018192689893782924
2026-05-05T01:12:21.100Z,0,26.44416654311499,-12.472971914576192,35.98008702419975,46.36200637171342,0.06065022666579267,-0.013924176710977676,-0.0484701293119727,0.0007505522282056322
2026-05-05T01:13:21.100Z,0,27.68733161428827,-13.587268800165475,35.61576027777846,47.11352868902624,0.02829292011963247,-0.03990815899790334,-0.03525004955218236,0.001105340022688619
2026-05-05T01:14:21.100Z,0,29.95335745799821,-16.202446116494684,34.882159661719925,48.749235335851694,0.052693491020328054,-0.04112706726067117,-0.03689878721058193,0.0007079114689284115
2026-05-05T01:15:21.100Z,0,32.774029162283114,-18.167128856930503,32.62105858175346,49.682139863623945,0.12053744413798029,-0.07383825131235255,-0.0954580468919275,0.0063161055354646455
2026-05-05T01:16:21.100Z,0,31.32180950433394,-19.811583122191223,32.00511521208682,48.96817309408456,0.20050767270696213,0.026061593998427668,-0.01619599519031567,0.0005334673161856216
2026-05-05T01:28:09.100Z,0,41.89010283937478,-29.511237739939133,-1.117668300139485,51.253712560806164,0.025850901239188318,0.06008812087987536,0.023062222661573983,0.0023143838417965554
2026-05-05T01:28:21.100Z,0,40.85227339942321,-30.11485627098409,0.5297845655150013,50.755231078275166,0.06318429455998142,0.02818144089911101,0.012769768783837954,0.0010940285889043902
2026-05-05T01:29:21.100Z,0,40.30779637128035,-29.785338060975164,-0.8832222738419659,50.12648893848628,0.033656383314983884,0.02771985726912618,0.03354816934619809,4.852228826720988e-05
2026-05-05T01:30:21.100Z,0,39.03029390858137,-28.541179835777086,-1.3601990649476647,48.37161285821155,-0.02793289772462515,0.020274850270673994,-0.07731479282591103,0.0018010270991811318
2026-05-05T01:31:21.100Z,0,36.61753683013558,-28.117486156361338,-1.4026824710526853,46.18879246499204,-0.002845121032102327,0.046706141643149124,-0.14602293909482533,0.0022295158027444842
2026-05-05T01:32:22.100Z,0,35.9726674837475,-29.14288064653192,-5.810116967950307,46.65938016578803,-0.0028877638911239956,0.007831884185627302,-0.03142154894275606,0.0010307616201377565
2026-05-05T01:33:21.100Z,0,34.71512582109426,-27.88610588879692,-6.011726722135791,44.93234603932051,-0.02438257890702289,0.030344498312295798,-0.023881354748400696,0.0035713337001918866
2026-05-05T01:34:21.100Z,0,33.57329696700617,-27.943989576215245,-9.595735353286727,44.722600099286815,-0.03611369624589855,0.023649829193672645,-0.004320844688709968,0.004888577286381142
2026-05-05T01:35:21.100Z,0,32.23138667044623,-28.580094267908862,-10.385557384324784,44.31189318056134,-0.017840936773261262,0.01914372209199655,-0.008531474509965165,0.0027173194095538376
2026-05-05T01:36:21.100Z,0,30.735947490029503,-28.06277159243109,-12.6939517667779,43.51268813824414,-0.12591639697312473,-0.0003934214864997898,-0.09852055812364924,0.005004715041462354
2026-05-05T01:37:21.100Z,0,29.17577875768984,-26.246793137488567,-17.040343294866034,42.78426715191775,0.0030269560458151545,0.0021894029966773587,-0.07987148751098516,0.0022667288714938944
2026-05-05T01:38:21.100Z,0,27.131766077218344,-26.162923453739495,-16.60539138265449,41.18701636543079,0.03777027439832992,-0.01358935550310747,-0.019201480242259095,0.0002022213912138258
2026-05-05T01:39:21.100Z,0,27.46247304003191,-24.279584026317025,-17.22570176298177,40.50198053419933,-0.04051284157213786,0.03835545075858704,0.03761434988280854,0.004952482358192596
2026-05-05T01:40:22.100Z,0,25.06190720532686,-23.40002936352903,-20.34033803283819,39.86715337558676,-0.057760421139363416,0.05888721205238312,0.016889823695187545,0.0012474049053754128
2026-05-05T01:41:21.100Z,0,23.335698943810712,-21.342454778732645,-20.31094303674763,37.58443332312493,-0.008989358579736262,0.018358663679052256,-0.014143512946596104,0.0059313556319204284
2026-05-05T01:42:21.100Z,0,22.099749508925015,-21.055406538835086,-20.57551470306862,36.81142320216707,0.023146804478901828,-0.007311792391995198,0.009038975758990375,0.00045760925478536304
2026-05-05T01:43:21.100Z,0,19.060405938944314,-20.207871534694277,-21.500568280316656,35.127362310549444,-0.04938380995511693,0.05275689349559798,-0.006648168756839823,0.0026037839563104663
2026-05-05T01:44:21.100Z,0,17.94842501203675,-17.984268170494033,-21.28409206670767,33.14502130252807,-0.05999160445879781,0.05379260734583724,0.003463490988231399,0.0008788160115243433
2026-05-05T01:45:22.100Z,0,17.555330699906335,-17.52244003728265,-22.388626992324134,33.41371214703126,-0.05955295533155436,0.06130007469096199,-0.036194799636568575,0.001961108415098192
2026-05-05T01:46:22.100Z,0,17.106618302932475,-17.34066733661166,-22.335414173085155,33.04853793626139,0.025242121697632847,0.016128759614986166,0.00022638267171970483,0.0024340428359719973
2026-05-05T01:47:21.100Z,0,14.27825555219897,-14.789563160775288,-24.11933329585736,31.691355268229152,-0.06692994165347077,0.0851318304295745,-0.04995715579436677,0.0024507900471074503
2026-05-05T01:48:22.100Z,0,11.156955230944732,-11.996821765023924,-23.393261044930114,28.559517587019943,-0.04156906491176171,0.03548512029816209,0.053376224613543855,0.001257417923142499
2026-05-05T01:49:21.100Z,0,11.600809789342748,-11.884759530403244,-22.014307456402094,27.57636723081962,-0.06373196842682227,0.12351541525301712,-0.017206336037745018,0.0012537882967872513
2026-05-05T01:50:21.100Z,1,9.979554447454575,-11.22594446860603,-22.341429691664416,26.921233568496096,-0.031344329352256395,0.019132651211561935,0.036788865568126994,0.001200037702226832
2026-05-05T01:51:22.100Z,1,9.98140209230769,-11.084414334618486,-22.52933766692422,27.019690682539476,-0.046512006822485574,0.07604446440323542,-0.0017682622779346957,0.0004731481263487854
2026-05-05T01:52:21.100Z,1,8.144112149238936,-10.284206458891276,-21.51543603494588,25.19931453358067,-0.011975446945422519,0.040340101466140865,0.01103821816972328,0.007867742365235549
2026-05-05T01:53:21.100Z,1,7.21435410923732,-10.176978867093567,-21.51716297839812,24.871793395605494,-0.04685022343053902,0.047309431600583984,0.04099939630730631,0.0005806519205680377
2026-05-05T01:54:21.100Z,1,8.204414664760407,-10.35215293541114,-21.855910903241238,25.537430015565317,-0.036842549667293056,0.04439176548098889,0.06521297521366876,0.002747630530919085
2026-05-05T01:55:21.100Z,1,5.689226448339468,-8.518728765920969,-21.098376442978406,23.453731598563177,-0.05262615207080046,0.05015749783807144,0.03766429399210125,0.00019898087426144692
2026-05-05T01:56:21.100Z,1,3.867242648084357,-5.2460638789852965,-21.073480571203618,22.058294025296995,-0.04185092830422121,0.04118229813143692,0.016189689491241666,0.0018687527219734884
2026-05-05T01:57:21.100Z,1,3.151731420075521,-4.686832146944653,-20.514691996140755,21.27797909140919,-0.038863375753983576,0.006992151935003577,-0.031693152489964405,0.0006934075979113492
2026-05-05T01:58:21.100Z,1,0.3938302652386483,-1.8213278217444895,-20.294802610806073,20.380170517531482,-0.11512297557825235,0.12805415627181738,0.026243733494801802,0.00108317590721936
2026-05-05T01:59:21.100Z,1,0.39294369707931764,2.8050730243194266,-16.438377083886735,16.680619909730318,-0.01880737112314179,-0.007002889844676119,-0.057505790769241116,0.0008047314446422415
2026-05-05T02:28:14.100Z,0,-7.668443401144032,17.322426936516422,4.298256208130624,19.42540876270645,-0.031555724609777513,0.04572631340948874,-0.05915041623261175,0.0024924448178940055
2026-05-05T02:28:21.100Z,0,-6.604508546843135,14.419806408568547,6.74992612675851,17.23693281075887,0.030736516369866962,0.0015652423730472265,-0.07170029374936604,0.0025797819340789407
2026-05-05T02:29:21.100Z,0,9.33718097030578,20.20142715309703,10.606969403852418,24.653365032554635,0.007358503799403948,0.045280825646365486,-0.03112296378215973,0.0009148817675949845
2026-05-05T02:30:21.100Z,0,-9.90771873102858,31.93968203231634,7.552123982350167,34.283243070389865,-0.08385563028912024,0.1193063537128225,-0.16437977247640845,0.0020602645083006433
2026-05-05T02:31:21.100Z,0,-10.574403843293112,14.487822499177128,19.233818351949594,26.29933052008184,0.03096359945131688,-0.08613810406821187,-0.014317946856579056,0.0022186851381649523
2026-05-05T02:32:21.100Z,0,-9.914632937125134,10.3308583748003,23.073147903232893,27.15504990241352,0.03238878147560076,-0.08809452349778368,0.000996328637370425,0.002456291190166831
2026-05-05T02:33:21.100Z,0,-7.470042379281949,9.414446913069696,24.593849647772004,27.37317636527575,0.09500661586103742,-0.11572717736729743,0.04683049176623655,0.00134575741478073
2026-05-05T02:34:22.100Z,0,-2.012264058521396,5.049109455285361,28.360480628634832,28.87662678395523,0.08155165501017025,-0.09306200796599384,0.045648576337598,0.0013478661832455523
2026-05-05T02:35:21.100Z,0,-1.6881905344234838,4.833712771869614,30.679542603138543,31.103843826434787,0.08995732983886617,-0.08842488383153935,-0.005551610878562485,0.0012389770811497452
2026-05-05T02:36:21.100Z,0,-2.9177349533711094,7.099986206412723,33.08343221215182,33.96228008136997,-0.029655525667998672,0.05115160991930878,0.07616417785794027,0.0005329829287842031
2026-05-05T02:37:21.100Z,0,-9.930704344242258,14.634061309152457,34.06174529936834,38.37938420574027,-0.014161099689879997,-0.10111891259256822,0.08468977098008423,0.00783457653863194
2026-05-05T02:38:21.100Z,0,-19.25003015276161,23.49947665243235,33.96239383266675,45.565702657433086,-0.06933063929381866,0.0561803269540917,0.025087655314059987,0.0006503163624246096
2026-05-05T02:40:09.100Z,0,-11.513439818372717,17.971921598473273,35.711246553049136,41.603394005364805,0.05496639228064204,0.09608860559995325,-0.3442475081376628,0.0013809159705232249
2026-05-05T02:40:21.100Z,0,-10.652300727997499,16.302901610288245,36.40745170392123,41.28872305227896,0.1280630903617297,0.026540946888808925,-0.20444521713702812,0.00026110461912678127
2026-05-05T02:41:21.100Z,0,2.0425029547368467,14.717844409460668,7.81077775701533,16.786751071922367,0.06897772785063871,0.09954488174040987,-0.2398901971565337,0.0019300013574564824
2026-05-05T02:42:21.100Z,0,0.27004550565834506,3.911812747901422,35.78664573956303,36.00082244669912,0.014309154396041635,-0.12129277602700161,-0.11721896154792688,0.0007267318815638341
2026-05-05T02:43:21.100Z,0,-17.743749846886203,1.3519917620214983,31.43481309575691,36.12223712228546,-0.06692138146835447,-0.008958564438610317,-0.13354203261162212,0.0009963965729512842
2026-05-05T02:44:21.100Z,0,0.8421090087722405,6.325483006548893,38.268557057335784,38.796950164920936,0.02297370136217225,-0.05055159445122026,-0.02330979752240836,0.000838125735018149
2026-05-05T02:45:21.100Z,0,9.337827430044854,-12.112349311792059,38.04744601757193,41.00624556606247,0.00023619565991950253,-0.02784930710575395,-0.001868098334689705,0.006309951612624958
2026-05-05T02:46:21.100Z,0,10.40250522964925,-14.633783183853666,37.153607212530915,41.26439450940663,0.02801076540048797,-0.008136968879135509,0.009567891344985924,0.00041491270094972304
2026-05-05T02:47:21.100Z,0,9.851113496097241,-16.48872152873082,37.38282636822987,42.0285388996839,0.06837412742832782,-0.08550561057729666,-0.06168795634753366,0.0018333432650174712
2026-05-05T02:48:22.100Z,0,2.950058328679006,-16.68505526140507,39.036145673435385,42.55484205418247,-0.048042470960130146,-0.07793729637928237,-0.0935416295977376,0.0007547669125378075
2026-05-05T02:49:21.100Z,0,8.728575680379436,-15.525638409599196,41.932568482934585,45.55846552518788,-0.044651599166556366,-0.026767851279529964,-0.052572218764979084,0.0010629794484133927
2026-05-05T02:50:21.100Z,1,12.740324844344286,-21.575016200586106,35.50402784912876,43.454955928025974,0.0076096306171891115,-0.010458660834711253,-0.01789088918968673,0.004975536321555622
2026-05-05T02:51:35.100Z,1,14.400972489056585,-23.140533372497885,38.241842838033335,46.960737185899184,-0.06207965175875074,0.009144160080243324,-0.21001015498267606,0.005805060099838449
2026-05-05T02:52:33.100Z,1,17.03457754365445,-22.705569618665322,36.77760166101507,46.457633471100664,0.07431483133224503,-0.007324119031260068,0.10862420386281713,0.003700919739353628
2026-05-05T02:53:21.100Z,1,16.820884529352043,-25.468372559771524,30.2949558608816,43.00423825398937,1.1943897669413062,-0.181022369406314,2.1676914600003983,0.0021199163844694328
2026-05-05T02:54:21.100Z,1,17.532524451780773,-24.827601841934666,28.396691467605706,41.595328021068894,0.009381913327111135,-0.0437608712262616,-0.008268553198576,0.001710595790481698
2026-05-05T02:55:21.100Z,1,18.31230574680376,-27.631564055809577,27.170259561899,42.86101817031058,0.0365784177929207,-0.15363373642518496,-0.06442050491095586,0.004344756884041812
2026-05-05T02:56:21.100Z,1,18.548783981941597,-29.580998260371416,25.47549605151289,43.22145004924614,-0.04358441567697824,0.005193389434943185,-0.08705781965545611,0.004017974509439592
2026-05-05T02:57:21.100Z,1,19.387424390743035,-30.742549115529982,23.336478726378118,43.19221909064466,-0.015128409086351269,0.003914789824754905,-0.1175217712598986,0.006126871090541225
2026-05-05T02:58:21.100Z,1,14.193494755886604,-27.864410516031057,21.09444576308306,37.72076760675657,-0.0515443421869044,-0.03104413676879858,-0.06769947391882525,0.001024076061166275
2026-05-05T03:00:22.100Z,0,20.061066448192832,-33.09519057120269,17.319922150818456,42.39950152175664,0.014801123244367886,-0.008088686334062345,-0.0550886271368789,0.0016179347320291813
2026-05-05T03:01:21.100Z,0,20.5108549055808,-32.41638586996487,14.41342776251986,40.97882552848024,-0.1388895909513188,-0.0004869596104128959,0.00023820008054897812,0.0021661897550713
2026-05-05T03:04:28.100Z,0,20.87836057057757,-32.06700763445269,9.382228729919007,39.39828847403924,-3538.4404824669678,-412.4825112232333,-4124.058210489,0.006046666696388807
2026-05-05T03:05:21.100Z,0,21.241388946009465,-32.198783615712046,9.617419030291785,39.75491189137914,-0.03219547314481375,0.00442349599971692,-0.10015170750554692,0.0027618457805868753
2026-05-05T03:06:21.100Z,0,20.53265578911123,-32.27726066950254,7.087669541760988,38.90561102995743,-0.04390391828801299,0.0498179087697892,-0.054533097601838776,0.005067577590093997
2026-05-05T03:07:21.100Z,0,19.361696359283087,-32.088796672155695,5.973361714495695,37.9505890329548,-0.060510335719410335,0.027252752222040044,-0.02329617617813362,0.0022723745040652012
2026-05-05T03:08:21.100Z,0,15.130034684261773,-29.848753822079743,5.145465533132665,33.85767076794771,0.10949657109193822,0.0328955625299443,-0.07468339051563966,0.000268222987072976
2026-05-05T03:09:21.100Z,0,11.592253117441942,-28.899990570835143,6.6969511990464525,31.850258126043695,-0.071268489015619,0.07967396104913149,-0.029324593253665654,0.004895979124411737
2026-05-05T03:10:22.100Z,0,21.336850363240956,-29.303357194976343,4.140898746300081,36.48417422317267,0.021107364367445314,0.05878147168658643,-0.10560449447138964,0.0012765778590118626
2026-05-05T03:11:21.100Z,0,22.106113407062367,-27.795365702331765,4.911970636385377,35.8523368837371,-0.015454379254098427,0.0002426232796892691,-0.010272006117251209,0.006006124439229847
2026-05-05T03:12:21.100Z,0,18.482128976984313,-25.969996593175892,-3.5199678586650407,32.06898795249837,0.003088526734362773,-0.01479371335033619,0.1053914435567016,0.00044195544807161644
2026-05-05T03:13:21.100Z,0,17.3243735239339,-24.58969069766681,-3.610707388361334,30.29561048152142,0.016338643061608593,0.02716196272345428,0.0842542359400511,0.0025338938733280264
2026-05-05T03:14:21.100Z,0,16.0822432153509,-24.731701398195582,-4.618497570845648,29.860109187662335,-0.045349522725501856,0.08784517299265104,-0.05922572760663769,0.0009589295917728945
2026-05-05T03:15:21.100Z,0,15.472388965008577,-24.4752160160715,-6.667257768640411,29.71335298264701,-0.04468338464147514,-0.013864664574647634,-0.10603718965729314,0.0020555241750731114
2026-05-05T03:16:21.100Z,0,14.93219380699884,-23.57886868321657,-7.625075929354352,28.932252646459535,-0.009056184306910353,0.05098451947649352,-0.07276384154675242,0.0021649261875185248
2026-05-05T03:17:22.100Z,0,15.137749517180055,-22.75298740096332,-7.174362590376404,28.254581481442493,-0.0065615092045279155,0.012985694576528317,-0.043539497053934895,0.0026241620327601043
2026-05-05T03:18:21.100Z,0,14.199123990692897,-24.089097948490235,-6.505188843220822,28.709183965431542,0.013839484897082421,0.10724059700617516,-0.0305817633439176,0.0013778758263664021
2026-05-05T03:19:26.100Z,0,-70.83132210755139,-89.04685324614547,29.137264814835362,117.45381418001763,-0.6445181977668968,-0.6232294626329349,0.31345016366479683,0.0017087336004440632
2026-05-05T03:20:56.100Z,0,48.271521919105,-35.071239456556214,-30.256901865413965,66.90001327278665,-0.21035281434001254,-0.013078987211034843,0.18674063541102015,0.0020011039723093218
2026-05-05T03:21:22.100Z,0,12.291810525766778,-19.69056849975459,71.75563840291943,75.41670064684217,-0.05283763395685925,0.0697003204552793,0.13078174590930303,0.00047802443045481607
2026-05-05T03:22:21.100Z,0,16.181094470539392,-35.92314387788065,-3.9369726455333875,39.59545223819413,0.027494305034680977,0.09255521302309333,-0.10066472162684192,0.007969350678826483
2026-05-05T03:23:21.100Z,0,15.978157536210347,-24.76557389854861,-4.036070833080885,29.747689600136578,-0.03809496682699587,0.06351928512549065,0.024640459349356547,0.0004605633312886758
2026-05-05T03:24:21.100Z,0,11.162878902723605,-15.200457165519765,-5.932243568395279,19.770060121113442,0.00420291075509116,0.027592486922856096,-0.0013453537315299968,0.0027732276429380314
2026-05-05T03:25:21.100Z,0,10.271149692471226,-13.647278668940999,-6.745066164967284,18.36411306441643,-0.029238609827841877,0.030854690087345205,0.02549894394565655,0.00015164293074281
2026-05-05T03:26:21.100Z,0,11.276821491719602,-16.127608205351862,-6.320506530073544,20.669186055046872,-0.003343517445797417,0.016362245131684716,0.01915301319943552,0.0017089378757893631
2026-05-05T03:27:22.100Z,0,10.287374174822617,-11.24124667057913,-6.500128502807456,16.56645299014317,-0.02672592561192566,0.08201860610990153,0.016446851054396916,0.0006414303686763277
2026-05-05T03:28:21.100Z,0,10.56296032265891,-11.983430662439787,-5.911628233207011,17.033088081355615,0.003838389543986409,0.05684567500940929,0.009188690499151164,0.0011937998858054621
2026-05-05T03:29:21.100Z,0,15.509448780903767,-27.122306776618643,-9.578782439575662,32.67897794297144,0.14869783787241353,-0.01643674758722291,-0.056878778369018335,0.0006804182732943055
2026-05-05T03:30:21.100Z,0,32.53815963944362,-46.3085865985704,-12.870992605826359,58.042049206919366,0.2290755746068296,-0.020439255350224173,-0.06544043941403288,0.006267115596095951
2026-05-05T03:34:02.100Z,0,10.434612885092065,-13.012519623771368,-2.4099739121083985,16.852738272393818,0.006185969504191036,0.035032216549879536,-0.2162337255864344,0.0034932204972029837
2026-05-05T03:34:32.100Z,0,6.663128740228785,-11.259657998380135,-5.320650382145686,14.12396910710214,-0.003982000765123672,-0.016227104732813302,-0.014548860491458981,0.0005819298175101872
2026-05-05T03:35:21.100Z,0,7.199889994581099,-11.463879306575109,-4.954771698976401,14.415571694482585,0.008191519284661553,-0.0004919844323048039,-0.009613866500224333,0.004897330812076671
2026-05-05T03:36:21.100Z,0,6.728948821319136,-8.431426785136864,-3.698969714150735,11.403950491792742,0.2459055375330088,-0.18727929678297173,0.025849362594421166,0.0048092759481461215
2026-05-05T03:37:21.100Z,0,3.8280137373476464,-9.066324126251857,-4.506739191128872,10.82416835015216,0.07330228021462659,-0.11381587506864577,0.06401935406330495,0.0026970512077121186
2026-05-05T03:38:21.100Z,0,5.319357377288725,-7.230983896079124,-2.7179722551409213,9.379235800020567,-0.02413226260600254,-0.04490109251964469,0.03675319354545792,0.0022762004054866763
2026-05-05T03:39:21.100Z,0,5.315509040883626,-6.596412657927431,-0.5613365256067482,8.490135158662731,0.11477049207053724,-0.053391569227123625,-0.04354837753695051,0.0015857628653177345
2026-05-05T03:45:21.100Z,0,7.27696912234066,-5.809197730286542,-8.908521496778121,12.88653611858608,0.12566015674142506,0.03902678474521082,-0.05752962905036796,0.0017978616452469442
2026-05-05T03:49:21.100Z,0,0.5427671419511171,-6.195949884840957,-5.635835003886314,8.393272742909806,-0.02518828724529243,-0.06765516266415972,-0.023492295923466244,0.004842581083504483
2026-05-05T03:55:03.100Z,1,69.59640644276988,-3.1806281776880496,-15.777840016198752,71.43330050423742,-0.020800416755450968,-0.010218346061741101,0.04391440464135421,6.63540023600953e-05
2026-05-05T03:55:21.100Z,1,-4.796860755959642,-1.642688356923827,4.951648192218272,7.0871092816138574,-0.07685988357120088,-0.04443560430633653,0.08626862182103956,0.0011547514627997324
2026-05-05T03:56:22.100Z,1,-4.721710994090245,-0.4341160379226494,4.853925232964684,6.78554357537446,0.05879421921251016,0.040874792169631746,0.00420321418626024,0.00595884323349737
2026-05-05T03:57:21.100Z,1,-5.577509590921181,1.6457084834655689,8.043670153710991,9.925603215476091,0.04389952901884264,-0.004522567497389218,0.09339256563656306,0.00048177861222836526
2026-05-05T03:58:21.100Z,1,-11.030961014512286,2.8023955451317306,18.377548386524722,21.616424459057086,0.08677039433879763,-0.11738081609635742,-0.19333530096332652,0.002591604273152578
2026-05-05T03:59:21.100Z,1,-18.902618264519333,12.54378929388622,-2.521237351174932,22.825693086618728,0.004741698357402235,0.029174693628952753,-0.13150527761895958,0.0008575154746754409
2026-05-05T04:00:21.100Z,0,-10.29471652987013,1.1714649572240887,13.219968093835632,16.796460191910004,0.05912823972298309,-0.06012349521000715,0.0712527906716609,0.002101988135946876
2026-05-05T04:02:28.100Z,0,-5.694942708714734,-3.372222538018832,0.2599221006676089,6.6235803610948025,0.2108431050764914,-0.04642875298799254,0.20520293842096748,0.0029755118809505474
2026-05-05T04:03:38.100Z,0,-8.308518392595943,1.1345243592586485,10.465812427355559,13.410885622002983,0.06387174703169352,-0.04580357516292821,-0.08480358600770899,0.0002016316531534833
2026-05-05T04:04:21.100Z,0,-5.262064362796082,-0.19131553563056514,16.825569015963993,17.630249450967778,0.07888139532778726,-0.07550645621101637,0.06836533580933946,0.0012032377096036378
2026-05-05T04:05:21.100Z,0,-4.908333083449179,-1.0092263219121378,17.698770990136836,18.394476507588664,0.020887838514560553,-0.06898352968853771,0.06567699774606695,0.0012039311766900707
2026-05-05T04:06:21.100Z,0,-5.787586666428979,3.380723102054617,19.08984098372457,20.23233740569988,-0.043822719196229265,0.04267822951486977,0.051805393125547994,0.0005082142363190332
2026-05-05T04:07:21.100Z,0,-7.267546944603964,7.598721976137313,19.05553129472537,21.763986013295277,-0.05044723990077493,0.07676524166910781,0.0314573133106677,0.007912243156982976
2026-05-05T04:08:21.100Z,0,-10.869427974512291,5.631340063700918,20.406913714850816,23.797028864367075,-0.030555813599120185,0.00554657709628259,0.04986246961635743,0.0005776670161672069
2026-05-05T04:09:21.100Z,0,-13.051904418261984,-12.766239259690337,8.365097287878598,20.082428299754476,-0.18373185913189705,-0.09165566684599114,-0.2174988758216756,0.002720189717989832
2026-05-05T04:10:22.100Z,0,-3.45587293418248,-4.1567797379684635,21.170372287997452,21.84963474156057,0.05347116684450981,-0.11711053974527985,-0.019889786837978818,0.00031991051460267326
2026-05-05T04:11:21.100Z,0,-38.12021806243138,98.5877702723883,-22.692024439493252,108.10933098290401,-0.052154584958330474,0.014943883402285252,0.008447573485170778,0.0018500925975812586
2026-05-05T04:12:21.100Z,0,-4.598202210218005,104.31812393017026,-33.05055725377315,109.52512852611198,-0.13331807173355692,0.14007746064148563,-0.38854930249865305,0.0007084753349565692
2026-05-05T04:13:21.100Z,0,-4.6466103781312995,5.793209648800257,24.472674962680685,25.57467665230839,0.00429825922410032,0.020892152385876273,-0.009505995296699155,0.0010669996609206317
2026-05-05T04:14:21.100Z,0,-3.1007415420845064,1.9084089071839117,26.609654548110484,26.857593671764498,0.04841672207178682,-0.045559894914504184,-0.04995221404069383,0.0008075157093329325
2026-05-05T04:15:21.100Z,0,-2.682169917875399,-5.84485305716953,30.02671339038443,30.707651485526394,0.01610779955507624,-0.07263331192852718,0.03396141537859165,0.0062683420845346585
2026-05-05T04:16:21.100Z,0,-3.9170493312212784,-5.297719245390908,29.507975139210885,30.234577911432698,0.06912676242065707,-0.16107348543059619,0.04939734946418639,0.00045518968612210173
2026-05-05T04:17:22.100Z,0,-3.5699951361038984,-5.790180230178521,31.376418138421514,32.10530590987761,0.01846399804383836,-0.12275544786065914,-0.02456627844171777,0.001649777117367376
2026-05-05T04:18:21.100Z,0,-6.956861953199223,-4.1876286841215915,32.078158450076444,33.08991404915038,0.042818696210256135,-0.2440014293524917,-0.03112233195690095,0.0007052018650923888
2026-05-05T04:19:21.100Z,0,-45.219314970040614,58.140746595199744,39.96496806485084,83.79935282227135,-0.2179770756141064,0.22394456957108844,-0.06534603094010549,0.001075491632147535
2026-05-05T04:20:21.100Z,0,-3.3053486344556404,14.1595661680185,42.307973760216555,44.736822499558066,-0.15705664460852198,0.08625992133426408,0.035435090064872554,0.00493137055487023
2026-05-05T04:24:22.100Z,0,50.597256510123145,70.05877422579943,2.286035606630321,86.44963950860361,-0.2891219937628531,-0.0012321210260957116,0.4140249433248755,0.0015240684440829965
2026-05-05T04:25:21.100Z,0,3.214312321325963,-19.254280266068236,34.65855652893879,39.777816090541954,-0.05412514935265733,-0.07820236179734152,-0.04150567525762483,0.004330430889408824
2026-05-05T04:26:22.100Z,0,3.7492900690665465,-27.219438010433805,31.17663698276374,41.556439635523176,-0.03475263684737939,-0.04331714228200667,-0.07702249681784679,0.004045120292418172
2026-05-05T04:27:21.100Z,0,-1.813445483776377,-22.331754381411884,32.47564402863645,39.45457252776981,0.040659870831127876,-0.014873011659588542,-0.08077630311387196,0.00615793959916622
2026-05-05T04:28:21.100Z,0,1.1927598396823669,-22.362786447047256,37.96146009790391,44.07481533116333,0.03754655340237889,-0.053352692132691004,-0.040628807071563244,0.0010323608862217773
2026-05-05T04:29:22.100Z,0,4.012664400022459,-32.930852342360595,24.566425347984477,41.28016189357375,0.017484971027714735,0.06451230464055158,-0.06137952008966607,6.577491484675704e-05
2026-05-05T04:30:21.100Z,0,8.457219489230283,-32.55440136308607,27.09694719123945,43.19210757398551,0.010849474350260735,0.010667702213140728,-0.010451006676959196,0.0017821918376141831
2026-05-05T04:31:22.100Z,0,8.251261310078917,-32.80593036561186,27.120827382532298,43.35725612021237,0.04736670361005224,-0.039538205514944025,-0.029977781460743813,0.0022005584979380636
2026-05-05T04:32:21.100Z,0,7.517477177088949,-32.757400914306345,26.45717752238852,42.773146017329985,0.01764800180414916,0.00032725292253843463,-0.0038756012932239514,0.001241414802810052
2026-05-05T04:33:21.100Z,0,7.746406902015224,-34.53541479211708,25.625190362006833,43.69613341983769,0.026892573248615825,-0.05385548079495095,-0.03426328176781013,0.003554057342657262
2026-05-05T04:34:25.100Z,0,10.112923405245056,-34.929535795527045,25.369720395246986,44.33921970021991,0.24216744651728295,0.005763196225139211,-0.06605467968467948,0.005675021639135502
2026-05-05T04:35:21.100Z,0,7.336122626497854,-35.30927338715628,21.707713136493112,42.09261564617044,-0.06829264682917113,-0.08828039627317708,-0.05579331179017544,0.0027071428426560904
2026-05-05T04:36:21.100Z,0,7.0868884894252915,-36.97863453271566,18.486818600649713,41.94527222869137,0.03895395231101606,-0.11542362546634877,-0.04643128481118808,0.005067850380495336
2026-05-05T04:37:21.100Z,0,5.513731325322624,-40.33856442583783,13.72693107896339,42.965447162946234,0.04317046468393926,0.10045268279412767,0.011499910863799201,0.002222407002655308
2026-05-05T04:38:21.100Z,0,1.9768972948668306,-33.53928291767261,14.29733571876568,36.5130857392419,0.051741858409171115,-0.18967975311490193,-0.24434337474832368,0.00023115021866090897
2026-05-05T04:39:21.100Z,0,7.440291865009385,-37.675048873438755,15.51711592492211,41.419175960899985,0.04275888630211888,0.16759595343085465,-0.22043855890652164,0.0048788107111707325
2026-05-05T04:40:21.100Z,0,11.61834661127159,-30.068779141743107,13.127662390616024,34.80593307033394,-0.06190135511095762,-0.022536098581049657,-0.08449783439273828,0.0011355280074037187
2026-05-05T04:41:21.100Z,0,8.261905223321264,-34.99084015466991,12.210770096316992,37.96999972338573,-0.034418292678544196,0.0035397551521043624,-0.1156435117636162,0.006010068064434676
2026-05-05T04:42:44.100Z,0,7.7299442845060184,-35.10252452838358,6.045718359928287,36.448456447357444,0.1921684594985984,-0.07506013578773008,0.3878170508545553,0.0016892000635252056
2026-05-05T04:43:21.100Z,0,8.47003911928823,-35.61126093200073,9.50564203230897,37.81878763651359,-0.1957897400801656,0.0665223425277972,-0.303628136956835,0.002548403838871802
2026-05-05T04:44:21.100Z,0,8.285880367907339,-34.984446209591624,8.157867963745957,36.866218951460084,-0.11587886666897251,0.04806097896548067,-0.04434018003540707,0.0009681181932403062
2026-05-05T04:45:21.100Z,0,8.010256425336593,-34.856066674819886,4.1199700463039335,36.00116310928825,-0.009888882430808543,-0.03576879188216253,-0.005330201432007797,0.002040750409077726
2026-05-05T04:46:21.100Z,0,7.454441605432294,-32.840831575867924,8.582117485275376,34.75257772848502,0.015537508122220878,-0.004786925045685564,0.09928133897307845,0.002171175586505728
2026-05-05T04:47:22.100Z,0,5.132478028826881,-32.17129558470333,3.100790006101306,32.72536461182183,-0.02010319585943332,0.015549942813386508,-0.12108551086376096,0.0026047899364876506
2026-05-05T04:48:21.100Z,0,8.656699699372439,-35.27318963278958,7.665138864467735,37.11995030125206,0.07981956165348247,-0.016118123213004765,0.15445469169117487,0.001354268532169259
2026-05-05T04:49:21.100Z,0,8.450435022041347,-32.44398720380559,4.648492351407185,33.84716589145293,0.09096787814000251,0.008058460950088886,0.09050016103184788,0.0011715095251278805
2026-05-05T04:50:21.100Z,1,9.161784161165087,-31.022546571421117,2.358744190132711,32.43301341143392,0.03073943908704635,0.02625518900956081,-0.06631942145585157,0.0011606309561296635
2026-05-05T04:51:21.100Z,1,9.286665650620307,-29.266821725286718,1.3907943830417935,30.736351797538145,0.0444581044680703,0.01094763184905645,0.004041985453895336,0.0005225978831308957
2026-05-05T04:52:22.100Z,1,8.79788860993358,-26.925949488941114,-0.7319801443372853,28.336291126495567,0.022181512993046937,-0.004554483369112461,0.006214129693482562,0.007925698352220394
2026-05-05T04:53:21.100Z,1,8.898227309998674,-24.912159042287385,-1.59552833338239,26.501694815072742,-0.028560689510070958,0.02189239887151473,-0.024461914285289765,0.000570236838965607
2026-05-05T04:54:21.100Z,1,8.415174504364131,-24.2704742213391,-1.9914887916456792,25.765036551009125,0.042907744612463716,0.005127658865511364,0.03357729370190299,0.0027192396888259846
2026-05-05T04:55:21.100Z,1,7.804325740437434,-26.04644919574639,1.1377639893908054,27.214325691903642,0.04049358796698321,-0.030627136172967084,0.06857821769035155,0.00016688130860950803
2026-05-05T04:56:21.100Z,1,9.117124156688305,-23.073940372341895,-1.6136323756654747,24.862270343608092,0.052078394463528355,0.010801950834249396,0.08138430583048972,0.0018430868022783153
2026-05-05T04:57:21.100Z,1,7.086628209421519,-24.987705092826218,1.3906073954785825,26.010372817646843,0.05123635774162416,0.022867487564859346,0.08440360827677296,0.0007064653351815244
2026-05-05T04:58:26.100Z,1,10.821433418158222,-50.8325578421136,7.306733566565526,52.482765870409615,0.017968306058602224,0.28361755707662084,-0.08868301581532734,0.0009777633340576548
2026-05-05T05:00:38.100Z,0,13.7257781332778,-140.70192364215472,74.83943440502117,159.9573982159943,0.1794866946098761,1.0928400508740665,-0.5563375166302009,0.003909862388998625
2026-05-05T05:01:21.100Z,0,-14.368013551973036,-118.05569051375642,36.51634869220288,124.40671042158483,0.09710948709140688,1.3199377631081255,-0.14045475407886698,0.0005117878814942991
2026-05-05T05:02:22.100Z,0,-36.649524448705506,-42.552384082227945,40.761827947335405,69.39322482062556,0.9567965337264894,-0.03669873815081992,-0.5558390151199077,0.001576655774652813
2026-05-05T05:03:21.100Z,0,-6.171550642079637,-46.60064399286057,22.25077007562959,52.0077381438149,-0.11784559265115568,-0.2602541110723333,0.1315746586287858,0.0007316661957387428
2026-05-05T05:04:21.100Z,0,6.145474987079069,-20.699927638816007,7.100529015019674,22.73040649355329,0.05218927460837186,0.02618209946519956,0.09887548528642043,0.0011329973475297152
2026-05-05T05:05:22.100Z,0,5.751993276703615,-20.383300098728796,6.570244593797625,22.175041456385326,0.0515785389638701,-0.03980494687613745,0.1255818430658806,0.00490334596181543
2026-05-05T05:06:22.100Z,0,7.127183134684856,-17.66107761523017,5.348666826819226,19.781775420594503,0.03723084316287206,0.01210635035653329,0.0751449341223065,0.004875350393287475
2026-05-05T05:07:22.100Z,0,6.587694183281201,-20.879496584711887,7.213631629383599,23.051845339752646,-0.03842523043928736,-0.11739586090309118,0.02443938030172177,0.002807818608243832
2026-05-05T05:08:21.100Z,0,4.865004562930153,-22.560539996447915,7.130135279567185,24.155435484246315,-0.025720575591137163,0.1558412706623713,0.08499230236491684,0.0021358693247187656
2026-05-05T05:09:21.100Z,0,3.3736356128883926,-29.922309990979556,7.561969908238098,31.046891009212537,-0.07795470867533183,0.04941846656869586,0.030560636169241207,0.0016542776742438513
2026-05-05T05:13:08.100Z,0,1.5820256564893498,-22.659527388896095,10.195118615229148,24.89773946053165,-0.04683859115894862,-0.221098939724218,-0.0539566262283131,0.0023936505533514165
2026-05-05T05:13:21.100Z,0,0.9476293589614215,-21.68691177485016,9.676242689693026,23.76656930063609,0.17208517617273156,-0.5406712681432779,-0.2605527760888293,0.00099358915926146
2026-05-05T05:14:21.100Z,0,2.047725765123687,-26.344525845161115,8.028787952298444,27.6168184047056,-0.3688430055496239,0.3395715124643317,-0.025846782897076537,8.234853098803312e-05
2026-05-05T05:15:21.100Z,0,5.141229778473644,-40.7201388534304,2.537560182645393,41.12178453761781,-0.028237824237442588,0.11185271446034761,0.0866660102243344,0.0019084594143886815
2026-05-05T05:16:21.100Z,0,11.67484845313993,-58.046987423040264,6.7783556532958755,59.59614870658126,0.027216946009767096,-0.07142912741819885,0.08552974288456028,0.002116893679363861
2026-05-05T05:17:21.100Z,0,-1.0768058766643662,-23.29599706172303,11.279922558060207,25.90559095854913,-0.06438004764158789,0.04228354285551461,0.04940064774761055,0.0011725031740141426
2026-05-05T05:18:21.100Z,0,0.7923066350485897,-30.49076143088314,9.078845447220374,31.82357172118628,-0.06638970090465379,0.19510551214629857,0.2579402172315781,0.0034804766081040564
2026-05-05T05:27:50.100Z,0,-10.94604182344483,-32.12052563094403,-1.6915089145186357,33.97653897642654,0.049503453517063534,-0.1063264626832705,-0.007928460072359478,0.0017369023927222465
2026-05-05T05:28:21.100Z,0,-15.933163651197901,-17.29550271483049,2.38178440304182,23.63626482837625,0.069611713142681,-0.13057906501146022,-0.09729605364094951,0.0025410995946158997
2026-05-05T05:29:22.100Z,0,-7.160196920949602,-21.63363010475905,-1.1582313645703834,22.81718368577042,0.2674452129252103,0.005735675103757387,-0.05814426030463504,0.0007590546609899341
2026-05-05T05:30:21.100Z,0,-12.744822860099703,-19.862798689814554,-3.6603214248316363,23.882194925519308,-0.7612020343221726,-0.45558389683098,-1.8675121080778956,0.0021133583098957645
2026-05-05T05:31:21.100Z,0,-11.518196473844,-24.8277489533848,2.609062370538595,27.49351149918345,0.06614803521665102,-0.016953533839014767,-0.04975389491979065,0.0022162891681287347
2026-05-05T05:32:21.100Z,0,-12.741968197133247,-24.17362795063127,3.2365546039727633,27.517218746392118,-0.01998042331896599,0.013976749402289101,-0.09030475158589013,0.002411371048983161
2026-05-05T05:33:21.100Z,0,-13.535203695880682,-23.230064799918182,0.3395011881366372,26.887783671290688,-0.02642479096603978,-0.011300526392865606,-0.0421615142984777,0.0013217641138187856
2026-05-05T05:34:21.100Z,0,-12.42524290688607,-21.409907658835436,-1.616252948224428,24.806915988240597,-0.07193119230830547,-0.02926154194593522,-6.549078257478413e-05,0.0012722907588109515
2026-05-05T05:35:21.100Z,0,-11.05670973663564,-19.249781198595883,-0.41889888689183863,22.20316154675879,0.10599255388710205,0.0890881768293994,-0.013482195786895801,0.0012797945388605104
2026-05-05T05:36:21.100Z,0,-13.67400853825984,-13.722085767767567,-17.242596853975556,25.93417231359235,0.015155047320192239,0.024171495229374784,-0.05959287232926158,0.0005266955187188462
2026-05-05T05:37:21.100Z,0,-17.93263511615706,-7.255892610828596,-17.786883020562527,26.27928057189317,-0.06549472630590358,0.1291254786135454,-0.09404224527687077,0.007829395799500915
2026-05-05T05:38:21.100Z,0,-20.071226605523407,-3.8571472573494248,-10.75457790739165,23.09529537332886,0.12554566454525684,-0.34845767946567463,0.3240140379316969,0.000654791677205857
2026-05-05T05:39:22.100Z,0,-11.80658965853354,0.37040475399408024,-20.94228726673464,24.04396296389612,-0.5323420170681992,0.22337131862926185,-0.15771039063761094,0.0028823980261679046
2026-05-05T05:40:21.100Z,0,-20.370627736099323,-13.976208265376044,-8.002086395208607,25.967869733890137,-0.03496606909747513,0.012222972483044714,-0.09000526320246394,0.00020396703168711942
2026-05-05T05:41:21.100Z,0,-33.034380344361125,-5.490597477546544,-8.647890375868883,34.586167080921214,0.06249536186775373,0.04290911739968095,-0.07203636322739015,0.001871887969192512
2026-05-05T05:42:21.100Z,0,-12.487855699191641,-16.24527748208493,1.0386375479356502,20.516684634456677,-0.07508482552331941,0.07822197108620088,-0.05626891716836724,0.0007029128708042864
2026-05-05T05:43:21.100Z,0,-12.967217111736318,-13.292351336531283,-0.09163477352558402,18.569968244679668,-0.052773051770316215,0.13942661162591463,-0.03643572533107431,0.0010980850703980695
2026-05-05T05:44:21.100Z,0,-11.80007285256579,-11.18887557186099,2.0933389278070536,16.39557024793954,-0.024738627194764717,-0.06670679431275417,0.06501839318140412,0.0007554753694971366
2026-05-05T05:45:22.100Z,0,-16.021813172073962,-5.1555529325924,-0.149981387949083,16.83153937637125,0.05911473083530794,-0.13806391897519532,-0.0943742194072783,0.006275434077613476
2026-05-05T05:46:21.100Z,0,-11.8344432264621,-2.7305636494929786,2.623465592478169,12.425481722621617,0.005699418215598939,0.04633567160983176,-0.04822546042326792,0.0005371270792859063
2026-05-05T05:48:39.100Z,0,-6.908028583666237,0.858731576045102,2.4094319173855183,7.366385884337225,0.11906814367135254,0.46823839631104924,0.0534951757931168,0.001009214572986751
2026-05-05T05:49:42.100Z,0,-10.700964944135194,0.8765011625655461,3.161623666755986,11.192621195849553,-0.0012808796678864809,-0.15314466493276946,0.02375821388689303,0.0019520919457214857
2026-05-05T05:50:21.100Z,1,-8.6535183684191,52.982886448262434,-2.5927484841758996,53.7474834875479,0.004794038422017977,-0.08066754680080557,0.055531345987347436,0.0049975005608962255
2026-05-05T05:51:21.100Z,1,-10.405756673662836,-3.048396262784081,7.1258066809605225,12.97496098571615,0.0029799200322866426,-0.002143393849185493,-0.04038599540212573,0.004708090906435734
2026-05-05T05:52:21.100Z,1,-10.940285922742987,-5.346069991901459,7.7353015620929,14.425852164991657,-0.0075085906323657525,-0.05198935177114228,-0.028805609969317914,0.002665889582111365
2026-05-05T05:53:21.100Z,1,-8.452254875010112,-9.187900354845624,9.453946824407922,15.65998837679764,-0.06835693286721956,-0.06703959008980132,0.0453568544935834,0.002145479651616964
2026-05-05T05:54:21.100Z,1,-9.214468655954988,-10.08363869277673,12.335200287054704,18.40498215211836,-0.01418702138122896,-0.020083269503756718,-0.027675399589810468,0.0016697682545355405
2026-05-05T05:55:21.100Z,1,-9.205714860399894,-4.027818765280244,14.940575281457313,18.005257560996576,-0.052522368483076676,-0.011382416609917456,-0.025688692453229578,0.00434190741996737
2026-05-05T05:56:22.100Z,1,-8.17477703685654,-5.672218663676176,14.688526123109114,17.7413033298045,-0.02210950798819944,0.06643077655543728,-0.06999542620000909,0.004098774559689937
2026-05-05T05:57:21.100Z,1,-19.98935695974069,15.364028996373236,12.048777882455397,27.942813514857043,0.01010511268773051,-0.0883432970497644,-0.0195935102542677,0.006108239604192126
2026-05-05T05:58:21.100Z,1,6.1023277548883925,26.16920587934146,39.27435066952967,47.5871869403585,0.18904262088415003,0.4135463633505587,0.37055550486719824,0.0010540806923993024
2026-05-05T06:00:44.100Z,0,-10.170389549784886,-2.283252281813475,26.952043806431902,28.89745196242403,-0.06731100070464513,0.115971786772473,-0.03675608230224725,0.0001688077576582582
2026-05-05T06:01:26.100Z,0,-10.409402145796776,0.5407286671470501,29.097693120547774,30.90831256251247,0.2352740007118964,0.33018646754667813,0.2678188215829991,0.0023318586965429275
2026-05-05T06:02:31.100Z,0,42.9576602623456,-9.835273665885325,26.229852780488727,51.284484595090504,18.060068536606966,8.476359932825694,-13.314741754723691,0.0004196205532321359
2026-05-05T06:03:21.100Z,0,8.94946249673012,13.486309282598086,19.296415322514804,25.18581071447283,0.5763245303291309,2.2191998466052354,0.19341929476990316,0.0035605210237965334
2026-05-05T06:04:21.100Z,0,-3.7421721854116186,-9.203162919220631,18.485598302504513,20.986171756290943,0.04249916654086583,-0.07491160251227313,-0.057874293389659215,0.004907997478690367
2026-05-05T06:05:21.100Z,0,-5.600365239843086,0.7913023700893973,25.624597473324684,26.241384222835304,0.1008744632959857,-0.10849096817455717,0.00602712810593431,0.002728747389250842
2026-05-05T06:06:21.100Z,0,-6.26533895956527,-12.94679357943096,22.581548895686865,26.77312620511355,-0.029689795467247038,0.005264559990614259,0.013101577041041423,0.005036594808339323
2026-05-05T06:07:22.100Z,0,-5.34785282707162,-14.43667030753204,24.172215646103723,28.65855873330229,0.044791924649123516,0.0014865733968250083,-0.04159795104019537,0.0020777209048311596
2026-05-05T06:08:21.100Z,0,-6.968769791455998,-20.004285725462978,19.18074584682472,28.576847464910387,0.033191245557118165,-0.028000470412514744,-0.015504093492602067,0.0002321894135764156
2026-05-05T06:09:22.100Z,0,-5.5585688451174065,-21.862528798465064,17.33095725739986,28.446967018074968,0.010252295779000775,0.02748791050954935,-0.07986089244749195,0.004968320282492599
2026-05-05T06:10:22.100Z,0,-4.333905915927971,-22.26960327288907,18.683640898416343,29.39041353300363,0.02267679387557564,-0.03859433789976663,-0.003986916061737844,0.001262537934103484
2026-05-05T06:11:22.100Z,0,-5.369731317841797,-22.939815054087376,16.298978113809426,28.64831263261387,0.04072551305789318,0.005366560380082319,-0.04068699095016726,0.006030357116306875
2026-05-05T06:12:21.100Z,0,-4.514792483405472,-23.82997937752407,15.46848597627104,28.76673993867798,0.061376656166789445,-0.04599876839517236,0.030916027822680547,0.0004189119820750944
2026-05-05T06:13:21.100Z,0,-6.468252745889913,-25.614053926574343,16.44015227611817,31.115858641537184,0.014848548799850647,-0.014254066846852709,-0.005990364742025633,0.002564049447235656
2026-05-05T06:14:21.100Z,0,-3.803653257591577,-25.259269276602936,23.97015763381205,35.02951497639843,0.008941278200058633,0.006439244894629326,-0.031887767920402155,0.0009503044350904403
2026-05-05T06:15:22.100Z,0,-7.197160805162639,-22.715943458592847,21.561211756306875,32.135635411014704,-0.024692088704814097,0.02952276951084798,0.0237355508099224,0.0019424060267972396
2026-05-05T06:16:21.100Z,0,-10.75286609284376,-23.48222041285908,14.310105635559012,29.526563092063093,-0.06587437194305323,-0.027153727412354556,-0.006515985149335712,0.0021810281313257756
2026-05-05T06:17:21.100Z,0,-3.2891294907813062,-24.8662219640039,13.128958753441111,28.311074255841923,-0.0016117271206539385,-0.04162791767559071,0.07315595498341709,0.002530909567866158
2026-05-05T06:18:21.100Z,0,-4.273300171348637,-23.754333710257924,9.170868940600485,25.819262218320937,0.03138025981286319,-0.03225936455830691,0.038610599842836546,0.001380038087418088
2026-05-05T06:19:21.100Z,0,-2.6924376882107026,-23.570036240244008,10.661525046998577,26.00892049661214,0.02046072863093329,-0.010298515192630475,0.13195827700618334,0.0011607346381631587
2026-05-05T06:20:21.100Z,0,-2.7547782300416657,-22.583038891525575,9.901809706207132,24.811857732358654,0.03811487781391065,0.0838328851129333,-0.024731094371066575,0.001112824636720419
2026-05-05T06:21:21.100Z,0,-1.5346056925693574,-22.65310532834519,13.634586986881914,26.48433797457692,0.05663409056966273,0.01585103967016721,0.06441027917247766,0.0005498512062365108
2026-05-05T06:22:21.100Z,0,-3.240508392735819,-21.74651603672828,10.832110785486293,24.510130118955306,0.08004586953047621,0.002496033816079546,-0.006790342957252449,0.007945729089012586
2026-05-05T06:23:21.100Z,0,-2.369535586836946,-22.314337121315475,15.921677852020366,27.51443558724257,0.038657105435380146,0.03984631832665286,0.011155869717338618,0.0005096524334434137
2026-05-05T06:24:21.100Z,0,-2.6609175271232743,-20.20697120906334,12.565365856971766,23.9434873535502,0.05084018438772375,0.016814660610542376,-0.057800306969557624,0.002734571432572255
2026-05-05T06:25:21.100Z,0,-2.7562511801306755,-20.611159432519344,8.9005920353884,22.619402120770616,0.051628364303724084,0.05075710568558378,-0.03565413074824164,0.00013458689006745988
2026-05-05T06:26:21.100Z,0,-1.417261108827006,-19.54363143431692,7.260503944053198,20.89681976312726,0.10898435211803559,0.05055990749092132,0.04030470824867294,0.0017929173463712483
2026-05-05T06:27:22.100Z,0,-1.5629074896423845,-21.89086956650499,18.32205965547473,28.589346271254428,-0.03565150930873173,0.015292731184501918,0.13154998264575113,0.0005836265671398869
2026-05-05T06:28:21.100Z,0,0.8870623937582423,-21.145250473637134,12.807199795133783,24.73727680800266,0.018169760188424533,0.01237779606899636,-0.006296680158612844,0.0011304736985614091
2026-05-05T06:29:21.100Z,0,0.9555171968713694,-18.73847676688456,12.085551054951793,22.318245203385406,0.002951563546904623,0.04297094120353506,-0.00551733249753994,0.0007587765369026133
2026-05-05T07:08:09.100Z,0,-25.658479977664683,-27.071018024798832,0.66616970616451,37.3047100744747,0.04058855927357996,-0.036031367145916704,0.02020157735038719,0.0006162434595243486
2026-05-05T07:08:21.100Z,0,-26.211516061465545,-27.072680789842707,0.5015999740862753,37.68587562898317,0.0349924589162498,-0.04334549425166756,0.009088079037544716,0.0005847997862249547
2026-05-05T07:09:22.100Z,0,-24.655003064296466,-27.45163206691359,2.2277112293522805,36.965172481121314,0.0256434374232839,0.03000334326053178,-0.008069752685413434,0.002923749307192478
2026-05-05T07:10:21.100Z,0,-24.401728358839136,-26.604635648482144,-0.1622105619389913,36.1009320815054,-0.01553290154276965,0.025517892408899456,-0.06770109816023329,0.00021407355762135597
2026-05-05T07:11:21.100Z,0,-23.645902925068185,-25.0089313767603,-1.440018549146771,34.4477724558663,0.024813204182017046,0.04775742561946572,-0.03138380276190844,0.0018678236031280258
2026-05-05T07:12:21.100Z,0,-23.229184159617944,-24.201525609896635,-1.9400786459300434,33.601677692048675,0.07319058534793754,0.014404951133251132,-0.08927713029160955,0.0007227747348991407
2026-05-05T07:13:21.100Z,0,-21.64714060540973,-20.098195729133295,-2.2594474830839317,29.625010901023224,-0.005002670198095416,0.07286616613200181,-0.03070862360443627,0.0010523549008551103
2026-05-05T07:14:21.100Z,0,-22.53325045762722,-20.119438409437862,-4.368112886368181,30.522444009046467,-0.06317348374640375,0.16850032176041196,-0.026269766148168117,0.0008057013804422538
2026-05-05T07:15:21.100Z,0,-23.099000295360383,-18.16778591955881,-7.678298970859032,30.37414253851248,-0.01922148507826904,0.08687731830914203,-0.0690366241542506,0.006263877974451615
2026-05-05T07:16:21.100Z,0,-21.42509627401523,-10.089219272686023,-18.008578893386584,29.75123543052438,-0.0634521857607595,0.09327608008113941,-0.12289674729171196,0.0004867989167275302
2026-05-05T07:19:21.100Z,0,-16.320525392984564,-16.640531772281975,-5.519719617950614,23.95274830636703,-0.035683835204913805,0.047822355939253214,-0.047601263448271425,0.0011164493728227308
2026-05-05T07:20:21.100Z,0,-18.538703212016117,-13.106442790558503,-5.728641783207422,23.41537307167472,0.007983350168494496,0.03605612329549146,0.014241709644480238,0.0049651166189794305
2026-05-05T07:21:21.100Z,0,-18.193304788383102,-11.43812764530594,-5.40515487864468,22.159485608096862,0.07899534090638483,0.043306605648218977,-0.004349225998012685,0.004710295412478994
2026-05-05T07:22:21.100Z,0,-17.013888832480006,-11.789516466706118,-4.351908443823049,21.151931798919478,-0.007980253764472423,-0.23729256486193506,0.08233677051006083,0.0026790519137436797
2026-05-05T07:23:22.100Z,0,-16.685124714513222,-0.11309897581668338,-8.312225464123912,18.641332309779276,-0.05738902124585721,0.16541388501534193,-0.038995046509171516,0.0021324585743129182
2026-05-05T07:24:22.100Z,0,-19.987849137123703,5.026769808864628,-9.225444885942125,22.580774149335213,-0.09517546395221288,-0.10013248577789291,-0.09658037694126875,0.001504070486371249
2026-05-05T07:25:21.100Z,0,-13.586248982392135,-2.582838941634691,-4.200514508283959,14.453426602168772,-0.1368867120188355,0.05761904702417109,-0.0899440359569681,0.004342033454290675
2026-05-05T07:26:21.100Z,0,-4.310542573875864,-6.326427990643424,-12.489848716768392,14.649259004118742,0.04059753760321527,0.05720605689063518,0.0010183011927011876,0.004047980787092823
2026-05-05T07:27:21.100Z,0,-0.5669714146279148,13.141013793756429,-2.633358324146684,13.414256452597533,0.015158626298639177,0.12166779482172818,-0.010894622848311997,0.006129769887565153
2026-05-05T07:28:21.100Z,0,29.816030614711053,53.141842999139044,-33.0215658545967,69.30710620457326,0.30181698776110544,0.5739056966161393,-0.2114138638695806,0.0010403972305007354
2026-05-05T07:29:21.100Z,0,14.435293579481367,29.155369610634807,-2.991596502113225,32.670520771637534,0.15697228530830998,0.016632369345570552,-0.14448795505384027,5.048031348277741e-05
2026-05-05T07:30:22.100Z,0,-2.0768940266862046,3.7480376677194727,-7.45077210452727,8.595073013670715,0.015620798569759842,-0.021961389610414273,-0.04540989208745572,0.0015899744122160441
2026-05-05T07:31:21.100Z,0,-7.9605844712205,0.9757801044543157,0.37950770342831674,8.029139308334816,-0.009024280269387397,-0.010296494215467078,-0.0024069909034807324,0.0021874932463043285
2026-05-05T07:32:21.100Z,0,-8.724797806280549,-1.1292460412732908,1.6651975971626598,8.953780007337993,0.016854948552025295,0.04838958942010585,-0.051629775705386294,0.0012080128127321238
2026-05-05T07:33:21.100Z,0,-7.52905771969381,5.8215696408296935,0.9814566367367661,9.567687304636662,0.0011181436456730864,0.011484200394207278,-0.018075008640039414,0.003571925756671206
2026-05-05T07:34:21.100Z,0,-3.53710966919607,8.513161516020773,2.131584948301679,9.461961646593359,-0.014512418512746539,0.0066902459834317085,-0.07805248101266926,0.004909847981669715
2026-05-05T07:35:21.100Z,0,20.58429916633031,22.290911377240263,18.99203290531659,35.79518705180341,0.032624364069921974,0.2797598496830922,0.06450494300835885,0.002732386634659644
2026-05-05T07:36:21.100Z,0,41.41919457924814,-13.58846606399311,23.170462724465324,49.366653040607765,0.36903283617428784,-0.15389689446587695,0.2089070565238771,0.005046803504597704
2026-05-05T07:37:21.100Z,0,-6.461366899202403,-12.814399463422887,46.61413444364371,48.77330853801464,0.017678596461623286,-0.04041385691966326,0.1290166674898785,0.002258207265775861
2026-05-05T08:45:03.100Z,0,-58.27511537626151,-39.57153447163364,4.10913779069233,70.56047353822943,0.03685122249041939,-0.13113038914314146,0.0932231624553026,0.004229844768204375
2026-05-05T08:45:21.100Z,0,-61.37808067603601,-31.445119214140504,-2.3448021902368055,69.0040752939769,0.039088991699465225,-0.08160050445749079,0.00188653954324991,0.006332228356606169
2026-05-05T08:46:21.100Z,0,-61.1576642553473,-29.100740091735133,-8.05015904825268,68.20497072617707,0.005740348099081416,0.027911001128533286,-0.06668515721552914,0.00046698397800553276
2026-05-05T08:47:21.100Z,0,-59.78606296093858,-28.014088068857745,-12.122241151701019,67.12757395615473,0.006199895846492609,0.042791108443296366,-0.12610186295258785,0.0017696964071039767
2026-05-05T08:48:21.100Z,0,-59.86403017595876,-26.128754544970434,-18.93566819580883,68.00715736598008,-0.07961207758899747,0.03575997776561479,-0.002286174749954739,0.0008138733756420225
2026-05-05T08:49:21.100Z,0,-54.39604800722009,-24.431268128864758,-23.05333259027975,63.93178430723117,-0.09024905908106007,0.09004551819868922,0.12020916495014689,0.0010474042104892983
2026-05-05T08:50:22.100Z,1,-45.266029753747716,-17.687982185179862,-43.84818589369388,65.45640969086487,0.07334334003417098,0.07706228894877043,-0.22146396252331613,0.004902572555669567
2026-05-05T08:51:22.100Z,1,-51.91742035503921,-16.714284569843585,-29.41762637146894,61.969206758961306,-0.017038355213827572,-0.022288731715836008,0.008416164371194412,0.0047894286411423875
2026-05-05T08:52:21.100Z,1,-43.83949689554356,-16.300166183100373,-31.826614541387244,56.57322952437048,-0.04119914010303205,0.15482743328609772,-0.061372989523356125,0.0027276277722699496
2026-05-05T08:53:21.100Z,1,-50.92662099150402,-14.209440420472674,-33.438114051932644,62.55826399465794,-0.12113720327455724,-0.13492707762807754,-0.13612450595612557,0.0021147650416061185
2026-05-05T08:54:21.100Z,1,-49.47057822073475,-11.878787207933783,-33.633166697654815,60.98879894814657,0.047774614936102466,-0.03716940123643653,0.008015480366552197,0.001731531756708379
2026-05-05T08:55:21.100Z,1,-46.475542289044824,-11.700058383667056,-34.597315569953935,59.10872729038402,0.042916539243265106,-0.000772315458252848,0.03740544670005619,0.0043469246902664285
2026-05-05T08:56:21.100Z,1,-42.75300115932623,-9.895525638967229,-37.143362801543844,57.49234676031166,0.06078024488065381,0.04287933736280003,-0.013821632379951154,0.004006505304583645
2026-05-05T08:57:21.100Z,1,-35.9548552232809,-6.270007698731206,-38.74948243583276,53.2314474696504,0.10377151760199155,0.025258834136288044,-0.03374238179532085,0.006139565775357651
2026-05-05T08:58:21.100Z,1,-36.197812048158085,-6.055474583263276,-38.829737075502635,53.42938190597932,0.02938529752150032,0.018274527895378867,-0.00557350026308967,0.0009933341871471522
2026-05-05T08:59:22.100Z,1,-31.84068810514873,-0.2853060063898738,-40.34150408824644,51.394044116304435,0.14799182319702453,0.09330385599914948,-0.08500699467983708,5.5339285886493955e-05
2026-05-05T09:00:22.100Z,0,-19.15955123695312,0.8981501496236888,-43.311890914992546,47.36892411618523,-0.04074248782082179,-0.003996912213269366,-0.08962899621423048,0.0016095867508854494
2026-05-05T09:03:26.100Z,0,22.968182972363138,11.823883842225769,-64.07684709643036,69.0882333830133,-0.30757314946550096,0.1358590445651453,0.22973186761010567,0.0027840704527481485
2026-05-05T09:04:21.100Z,0,-2.928396198512928,21.146346619389078,-46.152450893487185,50.850685375111304,-0.07152129527954187,0.17009178289717486,-0.1776296918833964,0.004970901767028108
2026-05-05T09:05:21.100Z,0,-2.3217963753268123,10.824440353189857,-38.46648421858845,40.02786099090432,-0.025492965874507334,0.029189995578438044,-0.09252174126217483,0.00270573913959143
2026-05-05T09:06:21.100Z,0,-16.475978425660287,4.569394816371641,-40.07835433105811,43.573061861160866,-0.05346089622315642,0.027741818005688756,0.05970979685709921,0.0050683264385156445
2026-05-05T09:07:21.100Z,0,-11.351679256222269,5.744542160755373,-38.136134633731444,40.202302811840696,-0.034591387246152294,-0.05177136977452257,0.08121024409746269,0.002223512553747273
2026-05-05T09:08:21.100Z,0,-4.361528958725103,10.042199369763694,-36.97815767418433,38.564917321533535,0.27387768821005365,0.1308203365741889,-0.033350880944027494,0.00021237480090250508
2026-05-05T09:09:21.100Z,0,-1.484965094277868,10.33669737398668,-35.23100648590116,36.74610526222087,-0.014800026123029664,-0.10316570844315365,0.007937233378108033,0.004907302118684816
2026-05-05T09:10:21.100Z,0,20.73502025268681,25.79253574322138,-31.975763016816927,46.01788114909596,-0.269547265490111,-0.0795250112677337,-0.04627099212051178,0.001130641167491275
2026-05-05T09:11:21.100Z,0,13.30777813836903,11.957267527122895,-19.13096925750324,26.1928843472187,-0.045616124322744867,-0.0011879643184720123,-0.13804772718106761,0.005977974677659937
2026-05-05T09:12:21.100Z,0,6.9844626832491485,8.00988299488381,-21.402593269613135,23.895856193698485,0.0008787182930181103,-0.0032228794855093668,0.08205548342665736,0.00042774317494116243
2026-05-05T09:13:21.100Z,0,12.044341837281536,10.454814541390078,-24.51156469669513,29.243565467781504,-0.024862742430631357,-0.03321737624872867,0.029196167056433353,0.002581332073833144
2026-05-05T09:14:21.100Z,0,34.65121353747236,26.805543807085996,-21.07761053048307,48.615938169368334,-0.0033844852271869286,0.04335515094133768,-0.00770003183347967,0.0009155821431411471
2026-05-05T09:15:21.100Z,0,26.813681818566693,15.411872135700833,-21.29289061349482,37.54845570822829,-0.2688495971292504,0.11530227511880042,-0.003778077337202035,0.0020520779902952853
2026-05-05T09:16:22.100Z,0,24.08784067392844,14.403513612933239,-17.201777234731708,32.91787375824642,0.005191386714731294,0.03704537275517339,0.0594869103824891,0.0023916356676889927
2026-05-05T09:17:21.100Z,0,18.050230856715643,14.73998617984762,-21.45081207072508,31.673575185892627,0.0010863727433196857,-0.02402434222092964,0.018394343282324144,0.0024771724382467012
2026-05-05T09:18:21.100Z,0,19.99929509292997,15.537727589844508,-19.346432667589397,31.869691555330093,0.03517660253571364,-0.06924169127486834,-0.011776062298629597,0.0013661071512496034
2026-05-05T09:19:21.100Z,0,22.85686294999323,6.084479111677865,-12.183852879388724,26.606452994749347,-0.00022709418434629924,-0.27394518779289,0.05449459785999977,0.0012233200305341698
2026-05-05T09:25:40.100Z,0,-124.63541996476124,-54.329559880027745,52.290077731413476,145.67066010596366,0.06282054380690738,0.20852535545534678,-0.2837360360339325,0.0011658505274962656
2026-05-05T09:26:41.100Z,0,-9.691624444258196,-5.611927377032089,9.77491188859858,14.865066958594271,0.027300743597358235,0.023554548618243132,-0.015800239635321844,0.0007694789791707347
2026-05-05T09:27:41.100Z,0,-10.032694207211534,-5.765607568264386,8.302806225401582,14.241972296813763,-0.00013780526408879723,-0.03268514489151997,-0.0763674199997233,0.0013814118284043338
2026-05-05T09:28:41.100Z,0,-10.12825188468014,-7.030624428239207,7.018849271844374,14.187156557652806,0.04025740094881769,-0.018929432715086847,0.08774413865175745,0.0015330509696903937
2026-05-05T09:29:41.100Z,0,-9.535784919535217,-7.744574170146734,7.683355848712381,14.489429947602563,0.01015206306576033,-0.018632060418077856,-0.0012432422785702002,0.0003344201267118576
2026-05-05T09:30:41.100Z,0,-9.51588450982399,-6.0502849969452654,5.174367975996574,12.406937192538216,0.02489470309630093,-0.016015737680064035,0.010076883916021462,0.003022232222605199
2026-05-05T09:31:42.100Z,0,-8.697942641063605,-6.751675918280853,7.290990976798639,13.205979074513381,0.005963830914446078,-0.030373002434913587,0.0641326192825642,0.003824330201470192
2026-05-05T09:32:40.100Z,0,-7.6855291202377884,-5.09508350910437,8.370689034563839,12.453741154212963,0.0009888326832907524,0.0065875926948955055,0.0022725384780653,0.00036970340847996435
2026-05-05T09:33:41.100Z,0,-7.628843941574814,-6.221539571015455,7.416342947180965,12.325135180955005,0.028078417738441885,-0.023341370720020294,0.008739512326494392,0.0013751780828323303
2026-05-05T09:34:41.100Z,0,-7.9418699940561055,-5.611859655573426,8.983874749901588,13.239194587219448,0.00039978780197458264,-0.011779100579145663,0.025950434698884806,0.0017288034933437741
2026-05-05T09:35:41.100Z,0,-7.405390599842576,-5.653925919887115,10.197786650678609,13.813093093748662,-0.001053896648173236,-0.0049957721639515285,-0.041379779980310616,0.0028928519220202064
2026-05-05T09:36:41.100Z,0,-6.950948209123453,-4.737727193059982,12.111230512346083,14.745970449073853,-0.04719680177167618,-0.004845777623829761,0.05687296904621775,0.0054096836935663035
2026-05-05T09:37:41.100Z,0,-6.610236860069563,-5.323813444420011,10.056957766209962,13.159810805955397,-0.011485959674928381,-0.022065817471217386,0.0711597718283663,0.0034072529962069754
2026-05-05T09:38:41.100Z,0,-5.85177264201775,-5.529595777943541,11.367201937900973,13.929571149835807,0.07633837936626975,0.08893322858205543,0.06188200371770591,0.0002953087953292695
2026-05-05T09:39:41.100Z,0,-5.45871547274146,-6.608144625033674,13.592732239885663,16.069459223724223,0.005094335325139809,-0.04713695837155196,-0.006123690786452585,0.0015917381097098524
2026-05-05T09:40:40.100Z,0,-3.7470337124432262,-6.1145281651988626,14.814998673500668,16.45940163010256,0.010096760687083872,0.03013984985078544,-0.0005456069613885006,0.0020184428330426644
2026-05-05T09:41:40.100Z,0,-3.7961930988785753,-6.422589796329703,14.540057994054223,16.342399707703635,0.02303464047237469,0.0333536711053517,0.016239157083042244,0.0034495678391135306
2026-05-05T09:42:40.100Z,0,-2.9968221360832104,-6.211675294935048,15.235368889989331,16.72370527422316,-0.006726818390312417,0.0060254495768963245,0.03365773838748254,0.007162717231313753
2026-05-05T09:43:40.100Z,0,-3.6634120069720666,-5.634330445218438,16.12119256060396,17.465941620044852,0.03505888575627836,-0.009763548896424279,-0.016329473721654608,0.0005974227110577692
2026-05-05T09:44:40.100Z,0,-4.610314558703976,-5.184249781677863,17.55918294293224,18.88005168828696,0.03245658608452828,-0.019627455924167703,0.017783107460367376,0.0033421156398932275
2026-05-05T09:45:40.100Z,0,-5.775876420557324,-5.740207302324052,18.557045540546824,20.265109609699458,-0.02695296455712537,-0.005487959581773616,0.01283232843984905,0.0002866002576228688
2026-05-05T09:46:40.100Z,0,-5.760631742305122,-5.900975613712944,19.745814995530964,21.398682228161242,0.0007848461196502399,0.00736958791380804,0.05102077371965663,0.0002511026399861761
2026-05-05T09:47:40.100Z,0,-5.501520144207461,-6.855166578816352,20.882061702195642,22.656578154142057,-0.04907775281859372,0.012511370789225484,0.02726613207748585,0.0017296727819871777
2026-05-05T09:48:41.100Z,0,-5.885092803509906,-6.733220066962531,21.53269899827137,23.31582501062804,0.07073926647072071,-0.002297406349605069,-0.014723832147289784,0.0016986404299948533
2026-05-05T09:49:40.100Z,0,-5.4990471708151745,-5.918558149005548,21.7080457218799,23.162644482296024,-0.04755884903451246,0.04589183135106367,-0.03332655840715404,0.005848395995103389
2026-05-05T09:50:40.100Z,1,-6.974931356126035,-5.404277073694175,22.233591364056338,23.920461179830276,-0.0515941755763194,0.04718864356378916,0.015051510791508349,0.004784031694123151
2026-05-05T09:51:40.100Z,1,-8.532048737833975,-6.020011723421703,25.199247174441552,27.27706829872869,0.01752216586625721,0.022315987909360402,0.027328350889810338,0.0012675196676164976
2026-05-05T09:52:40.100Z,1,-9.583599144207255,-6.187077638742267,25.426029344316703,27.867692234606164,0.027269903019710995,0.04319044233058733,0.003928266722574847,0.0018029059538873574
2026-05-05T09:53:40.100Z,1,-12.113054445762828,-7.065502107707289,27.23362966833065,30.63197664127815,0.08661137884913295,0.030956989687025427,0.03179614645265616,0.0013957648347555855
2026-05-05T09:54:40.100Z,1,-13.306618554452143,-7.8801419913361315,27.781580154965013,31.795894877547557,0.03146812008802957,-0.0009267122564882158,0.029257169220642254,0.0035107424538856594
2026-05-05T09:55:40.100Z,1,-19.34907890517934,-9.663258906812189,28.518424232998996,35.79198161477296,-0.05981345123726167,-0.052882007876897674,0.028949965134472677,0.0024796081546086474
2026-05-05T09:56:41.100Z,1,-15.193104236459476,-8.156580460763507,29.089270441431836,33.81635515497777,0.027670275289659596,-0.006423524607335196,0.011256208336973827,0.003108543915355811
2026-05-05T09:57:40.100Z,1,-16.45280754291889,-8.512514752055722,29.90812365351303,35.180301930513906,-0.12615609087873736,0.014290145293971435,0.004663003643656793,0.0015768485813969653
2026-05-05T09:58:40.100Z,1,-19.043665973185853,-7.620438972253396,29.57795491329307,35.99427344288134,-0.046488657007071055,0.012821226599957214,0.02223784845067911,0.0008806561607226642
2026-05-05T09:59:40.100Z,1,-19.848486519549624,-7.2158976821583565,29.700376378741566,36.443709381936294,0.016518640443941024,-0.008123148989458429,0.018914720032014998,0.001935892548419032
2026-05-05T10:00:40.100Z,0,-21.703637135033205,-7.398764043614392,28.280597163757193,36.40853952304301,-0.0776377894911029,-0.0014336969038630798,0.0299760381698988,0.001633743839566916
2026-05-05T10:01:40.100Z,0,-23.589105938299326,-8.312095156156829,30.452735948074405,39.40692796421027,-0.05520924024216001,0.013594679263873033,0.020115066222459177,0.003118673552558025
2026-05-05T10:02:40.100Z,0,-21.34225464760675,-9.632051455696455,29.567241118456877,37.7159117090578,0.010762915877648993,-0.01594221176848265,0.019156644651019406,0.00384442574053129
2026-05-05T10:03:41.100Z,0,-22.997023025709495,-9.56633964079856,29.290599612068036,38.44889007244041,0.026389486939670803,-0.050207074077768254,0.032306212665034195,0.00027271314701509704
2026-05-05T10:04:40.100Z,0,-22.89682580067165,-12.141212394851664,30.45110130960893,39.98678833228882,0.11610638204295753,-0.04130586381845269,0.02260465854053706,0.003947937801130895
2026-05-05T10:05:40.100Z,0,-31.237804273587244,-13.664397786158133,11.337361921505362,35.93121147460114,-0.192717608106463,0.04283086190937091,-0.03304346864752006,0.0019399950460584345
2026-05-05T10:06:40.100Z,0,-28.93288096129254,-7.650064790283295,28.012371724798868,40.99180481101274,-0.004217713545529023,-0.028699925286090888,-0.03515561877698303,0.0018799340148497182
2026-05-05T10:07:41.100Z,0,-30.31521443335805,-7.334519428717101,24.839949791385152,39.87267870396024,-0.030285885104675003,0.012509641058588983,-0.05793539558673899,0.005077157579867578
2026-05-05T10:08:40.100Z,0,-32.3671631704201,-6.666555895051829,22.087699038820574,39.74849265106747,-0.13099187922005484,-0.3230663235993525,-0.010512624467828857,0.0012757030946094006
2026-05-05T10:19:26.100Z,0,57.36071153583566,-0.7668416043316029,44.6501708283904,72.69440851226406,0.0017608685105585664,0.01844670280737315,-0.21631568903698883,0.0005639956003203658
2026-05-05T10:19:40.100Z,0,-34.68820496720326,-2.7999657046393622,3.921242766409705,35.021243790405016,0.0024825267823658237,0.041775077419869966,-0.014839037656311227,0.001540518495507368
2026-05-05T10:20:40.100Z,0,-34.46014041549006,-0.6759918035186274,5.871146418940043,34.96324645461785,0.0019205265777699765,0.029586509930568106,0.04184998677780882,0.0030407075960792594
2026-05-05T10:21:40.100Z,0,-35.407081334142276,-0.32105237562518596,2.8226625126990257,35.52086579591012,0.0029508621794960277,0.020391533700370168,-0.07649235340645433,0.0054918900149045135
2026-05-05T10:22:40.100Z,0,-35.008217342920034,-0.6186041937326081,7.722094737800944,35.85510702559962,0.011175321198209076,0.10600202289084981,-0.24027939935566955,0.003445288902023641
2026-05-05T10:23:40.100Z,0,-32.36914017270465,-0.4156806717219297,4.5504171275752014,32.69006457589178,-0.08690158152724337,-0.06839204895375817,0.16529314420798968,0.0001294741055494518
2026-05-05T10:24:40.100Z,0,-28.46298087570176,-1.214046985069217,0.05684737789124483,28.488917530100945,0.049850364813863735,0.045036144750099094,0.06063585746085565,0.0014660663603506875
2026-05-05T10:25:40.100Z,0,-28.010465792249306,1.8618049225551658,1.6025167351472192,28.117975946978227,0.05431233190567042,0.03202797664735024,0.04692585080867673,0.0020829258873119863
2026-05-05T10:26:40.100Z,0,-26.966764793996845,2.484569055468455,-1.461087945244799,27.120366237016025,0.01913854711332874,-0.05692486138392239,-0.029538067163770165,0.003422267981095054
2026-05-05T10:27:41.100Z,0,-26.68068607135865,3.683687320858553,-2.5532895770083996,27.05453472489049,0.04280263379730087,0.011238074722641489,0.004427008418961265,0.006994790158408334
2026-05-05T10:28:40.100Z,0,-26.320814530663483,3.7396754566998425,-3.2399753599747783,26.78185748622139,0.04474115257391276,-0.007477712261116931,-0.05921864645763719,0.000673359474729681
2026-05-05T10:29:40.100Z,0,-25.029931417520856,2.7791574360662707,-3.7742781059932895,25.465002612244525,0.01255712355519023,0.05574457201185101,-0.005862188791283529,0.003338969848983233
2026-05-05T10:30:40.100Z,0,-23.519519661931554,2.7807716220422662,-4.667081063416845,24.138809862842134,-0.058506854688999965,0.02882773488366297,0.20335677747684855,0.0002114977994159028
2026-05-05T10:31:40.100Z,0,-21.360789888603904,3.901914801986095,-3.9182340842671692,22.06492334285696,0.024720456874405272,-0.008858975169001582,-0.029063518788063902,0.00018312484911420435
2026-05-05T10:32:40.100Z,0,-19.732754190954438,3.92778959064799,-3.7764922381029464,20.471224014540127,0.008541551689056348,0.008945323561881935,0.004991530685671819,0.0017240675277420054
2026-05-05T10:33:41.100Z,0,-17.54752000215376,5.166182350535564,-6.6805986543840845,19.473964585721365,-0.03054280484526828,0.031072620231276105,-0.04181501084232764,0.001654051378058051
2026-05-05T10:34:40.100Z,0,-16.43216827778815,5.6711065257104565,-5.747470393544063,18.308768922572824,0.04961780688716999,0.055077035779893535,-0.002077673021183557,0.005866112638837997
2026-05-05T10:35:41.100Z,0,-17.26557925758243,4.753913891249795,-5.349979846869246,18.69016342216369,-0.011122500392257706,0.06304398592527072,0.0502607960646273,0.004856092167357828
2026-05-05T10:36:41.100Z,0,-13.435291367386526,4.336017651780821,-4.587469912166853,14.844291273016772,0.053414838125931396,-0.011026511544276474,-0.0037919723938628636,0.0009859109055545769
2026-05-05T10:37:40.100Z,0,-11.722924486093689,3.3612341272828417,-5.086188122731983,13.213408454478568,-0.009180043434309226,-0.030156351901844403,0.015656196866054017,0.0017794260484955777
2026-05-05T10:38:40.100Z,0,-7.874028041442216,4.45812467904716,-4.28536621893727,10.011970679229758,4.1198553901722335e-05,-0.005386817941266386,0.06503009010838667,0.0014146804263055648
2026-05-05T10:39:40.100Z,0,-8.527464708095067,4.36446587826822,-4.124085084413309,10.429491575999991,0.013967464723041445,0.05669828537135935,0.035729886211477435,0.003518074010826953
2026-05-05T10:40:40.100Z,0,-7.684202199925494,4.8736702785276975,-3.6743318064509367,9.813273646293629,-0.003884633103634627,0.021334768865344245,0.004344502939623851,0.0024967810151019063
2026-05-05T10:41:40.100Z,0,-7.24679066115641,4.811599413059753,-3.137759656851813,9.247323908166488,-0.020820069048355094,-0.012957998837714868,-0.017214766069528764,0.003393290699950018
2026-05-05T10:42:40.100Z,0,-7.184138953562069,4.623529274372373,-2.63659033487329,8.94094424817723,0.08765073185623695,0.02030149326159858,0.014150783767874486,0.001576540846398362
2026-05-05T10:43:40.100Z,0,-5.098494936646603,3.14776329160793,-0.9147912864655439,6.061345350398599,0.035635624468111776,-0.05800170261238691,-0.005943013029252597,0.0009064267488864101
2026-05-05T10:44:40.100Z,0,-3.5962586416644626,3.47301796841748,-0.2643527537316004,5.006477045298668,0.046793445477810724,0.02235938702943585,0.0007712321661301758,0.0019691719904924186
2026-05-05T10:45:40.100Z,0,-3.4672731499085785,3.4610797562777407,0.003583520651773142,4.8990885904434105,0.11668072472903468,0.01881441793205596,0.03230052079405965,0.0016240283547243875
2026-05-05T10:46:40.100Z,0,-3.2346664111173595,3.1394850896617754,0.13355131318348867,4.509686172304288,-0.054949761171041445,-0.030309798197958315,-0.013727603323410165,0.003189216751616469
2026-05-05T10:47:40.100Z,0,-3.128557981654012,3.6840314986079647,1.2348399986876757,4.988465991631661,0.0015318603352465487,0.03323367065521943,0.018226604168170013,0.003776917901515279
2026-05-05T10:48:41.100Z,0,-0.9160610070466646,4.617254385493652,3.8298386407404905,6.0684322393103045,-0.06188122619255054,-0.058102043092755906,-0.00642984330667673,0.00024587549987334253
2026-05-05T10:49:40.100Z,0,-3.5853125036737765,2.6924034361854865,3.7601538147100655,5.851688536009209,0.03739439858208016,0.00781744833355802,0.009298129977963754,0.004025053919612658
2026-05-05T10:50:41.100Z,1,-1.5518159207204008,1.870632532700256,4.740630929518375,5.327380250564449,-0.0045550648635206414,-0.04316300274620488,-0.05283724342231011,0.0019342265658627911
2026-05-05T10:51:40.100Z,1,-0.9843628668022575,1.7701430961096776,4.95725614928233,5.35506912783032,-0.006949994097560364,0.04570294215322512,0.008657977185855259,0.0018681216128691735
2026-05-05T10:52:40.100Z,1,-0.21547167852986604,1.815896391235583,4.1602345991123,4.544387710968549,0.004224315811818258,0.03208195760673327,0.0006293946404056783,0.005285265133197383
2026-05-05T10:53:40.100Z,1,1.2312797280173982,1.7005646107008943,5.267081542115193,5.670107383029482,-0.047987539456784134,0.01373787731206999,-0.02816122327420345,0.001314833928152847
2026-05-05T10:54:40.100Z,1,1.7753283527781605,1.9116977454132211,5.550357006541162,6.1329309412430675,0.036417834018642736,0.018875646210059216,-0.012866602093097868,0.0023030984648181735
2026-05-05T10:55:40.100Z,1,-0.2069845977530349,1.358777241421194,4.574204685923178,4.776239810167904,0.019300686076917373,0.015342555566233429,0.007630015391058009,0.0011777044147556676
2026-05-05T10:56:40.100Z,1,0.12909431461594068,-0.9214206418164395,6.660432572061836,6.725105455545945,0.0005131034006566892,0.009709738235441634,0.05057182162815366,0.0009229411165057193
2026-05-05T10:57:40.100Z,1,1.466650957809179,-0.17913703550220816,7.292613266145054,7.440790506329682,0.023020124519490537,0.013751947646412077,0.020753641216231244,0.001304155413719621
2026-05-05T10:58:40.100Z,1,2.023835038926336,-0.6164028347939166,6.434194887333433,6.77308825925926,-0.05891580196770718,-0.014041194914327093,-0.015550886816484422,0.001464055876054921
2026-05-05T10:59:40.100Z,1,3.0787029309067293,-0.488249712589095,6.243063685360539,6.978011442960275,-0.04656962394022912,-0.025144292028045356,-0.040338671953410454,0.00048443495926425923
2026-05-05T11:00:40.100Z,0,4.039255043153389,-0.6374665949806513,7.703751397457381,8.72179629188752,-0.05461091846115096,-0.04321191344204556,-0.04939242085155726,0.0033080196450925234
2026-05-05T11:01:41.100Z,0,4.272170829608513,-0.4344735725680948,8.514651338373369,9.536220335996928,-0.02658066910043999,-0.023097851607284392,-0.12281155610649463,0.003662765897771799
2026-05-05T11:02:40.100Z,0,3.8972043535068224,-1.2751983010730328,8.65345096008241,9.575831347648268,0.023635050028225635,-0.012239333061464519,0.07950401852507838,0.00033069676596355545
2026-05-05T11:03:41.100Z,0,5.176517310701456,-2.0461381604945927,10.668865764273505,12.0336075029856,0.0008185638433744202,0.04253728453496031,0.004093215663747429,0.0014155149493512318
2026-05-05T11:04:40.100Z,0,5.743688299162386,-2.55557374248383,9.275014984268637,11.204767529476703,0.019880901549029772,0.01023692865420589,0.004745660804550411,0.0015725691259455051
2026-05-05T11:05:40.100Z,0,6.668441791020996,-4.542234628843289,12.225275348100695,14.647776919402379,0.018912879392374293,0.003042071834991056,-0.0742918136373838,0.0029588936067365002
2026-05-05T11:06:40.100Z,0,8.247247658630386,-3.726366341652465,12.807181788048183,15.682053609368188,0.006948576957377384,0.061391575263192166,-0.02346697220045879,0.0055862467225763525
2026-05-05T11:07:40.100Z,0,9.126613936577321,-3.357380500006002,13.073629328573588,16.293767814415652,-0.014881748780837256,0.01686152968150001,-0.04290960652267306,0.0034283684952260466
2026-05-05T11:08:40.100Z,0,8.501811473536236,-4.029933432775579,15.951375526128686,18.51938289953885,0.0028788024000192536,-0.020864579612700496,0.012807582381924032,8.15559849482425e-05
2026-05-05T11:09:40.100Z,0,9.2913809194215,-5.142995496953517,17.30322886214708,20.30226320209926,-0.01027650636498123,-0.06611814516377379,0.06539926893067705,0.0015424965449144883
2026-05-05T11:10:40.100Z,0,9.986283259422635,-5.370099719584687,18.00064103463228,21.274089921625222,0.008398426857958441,-0.01777513045952972,0.0325743797353617,0.002069127091499124
2026-05-05T11:11:40.100Z,0,10.298150157495911,-6.088478446145018,19.47831493544072,22.858832410683593,0.02099789790843687,0.002829513679358797,0.009321007995666264,0.0034877555711383544
2026-05-05T11:12:40.100Z,0,11.260967816724587,-6.935095519565948,20.74659062691353,24.603373115805624,0.015339254186841345,-0.017679495925237987,0.014707947485703698,0.007080325549846722
2026-05-05T11:13:40.100Z,0,12.219373596963123,-6.91351673532381,23.3263579702907,27.225517091690037,0.017433120753196363,0.017758868566808417,-0.027428347369795603,0.000620430010138428
2026-05-05T11:14:40.100Z,0,11.752642517876666,-6.729315568748007,25.195935862029728,28.604955482229165,0.023001355891061337,0.0018438628039962879,0.04552468751040095,0.0034087290851470614
2026-05-05T11:15:40.100Z,0,10.796099053550279,-7.030514469477112,25.647281730016402,28.701340536958014,0.006256419513128719,0.010543015334762984,0.02889823714191664,0.0002380488123025464
2026-05-05T11:16:40.100Z,0,11.21270039539013,-7.093961683210637,26.637864701115177,29.75944855595548,0.025546179132085456,0.008151208746864924,-0.03135244028662498,0.0002750545765214231
2026-05-05T11:17:40.100Z,0,9.8998954945273,-8.757382056813867,30.49096127051598,33.23248998332314,0.010077725257851,0.02069861763387415,-0.05266547014493028,0.001636251713567923
2026-05-05T11:18:40.100Z,0,8.026898442039965,-10.915998960753015,34.5579001968872,37.11924834810103,0.013792251420952084,-0.02581585811056719,-0.029229019370191622,0.0017131547402583628
2026-05-05T11:19:40.100Z,0,9.990131617087172,-10.301526380430914,35.32287108100718,38.126492061280594,0.05948667558275389,0.019777393481579253,-0.04311903426845731,0.005770893961966287
2026-05-05T11:20:40.100Z,0,11.352038268341857,-8.921711913984609,35.039288527514145,37.89745976759415,-0.006386275400060981,0.02464126094303687,0.011526670532724381,0.00488002605180794
2026-05-05T11:21:40.100Z,0,7.810846921529446,-9.032314601540747,38.74288766019163,40.54137862657116,-0.029302449045864876,0.0035550750929758124,0.03385269653222167,0.0012563407416775506
2026-05-05T11:22:42.100Z,0,6.373260512191337,-9.462040304413222,41.636029770870664,43.17068022812967,-0.0025184452043802708,-0.0070676772776501195,0.02975775377933587,0.00207678650654431
2026-05-05T11:23:40.100Z,0,4.924204857161385,-10.04441145732926,42.9771874510152,44.409195401393134,-0.04958765057860859,-0.03994630100834229,0.03618819215489566,0.001483382079679075
2026-05-05T11:24:40.100Z,0,2.4599669668532442,-10.496000053308308,46.10174440949777,47.34541469029198,-0.03361288057979195,0.013228488107586145,0.046667917977138984,0.0035318891786877203
2026-05-05T11:25:40.100Z,0,0.43992016071570106,-10.671797778286418,49.179940395788435,50.32640792766503,-0.014375029116386884,-0.050877854203879025,0.058520634927283766,0.0025747298891508675
2026-05-05T11:26:40.100Z,0,-0.3080690412389231,-10.061374303177217,50.11691658046402,51.1178196614057,0.02195313423980494,0.010434412806459292,0.051007646475476065,0.0034461286371415757
2026-05-05T11:27:40.100Z,0,-1.908484864543425,-9.341673506241932,51.633681083330885,52.5066300631695,-0.02184708143904146,0.014195012158824127,-0.030031228598126347,0.0015400279573803003
2026-05-05T11:28:41.100Z,0,-4.541688029348734,-7.69637730559225,51.905240800806496,52.66892040260245,-0.004361026169297233,0.018245643277126078,0.07133169294704089,0.0006568947948960148
2026-05-05T11:29:40.100Z,0,-10.549210785029572,-7.185362429027009,52.517295349389315,54.04610617092082,-0.059664034336215366,-0.024287702320879845,0.015839656385630008,0.0019166500813789632
2026-05-05T11:30:40.100Z,0,-13.38471291546739,-7.4358835149723745,53.641727288436414,55.78420753192342,-0.04741046740286414,-0.01345368342842157,0.020688988921158113,0.0016598419567167818
2026-05-05T11:31:40.100Z,0,-16.861237305420218,-6.880593502046395,55.0754542708205,58.00818522887384,-0.12281722728493816,-0.00925350468183872,0.0070936204261684566,0.0031005272474484056
2026-05-05T11:32:41.100Z,0,-18.260623098285578,-6.534593368769492,55.12576670417957,58.43801349426963,-0.06692838874666762,-2.069258431269816e-05,0.02272681239290364,0.0038654930083879004
2026-05-05T11:33:40.100Z,0,-20.66995063523791,-5.124081410485815,55.917380404821415,59.835244638105756,-0.08517910809380247,0.012495519394528642,0.0409050612955042,0.0002610416011569505
2026-05-05T11:34:40.100Z,0,-25.543626249600493,-2.9552293017331976,55.30098071903922,60.98695508625307,-0.022084634603070086,0.02870359259499189,0.008421749429388115,0.003955628223395142
2026-05-05T11:35:40.100Z,0,-29.478591421138844,-1.8984445457590482,53.850946992497484,61.42081028329516,-0.037772127496005226,-5.554912330119066e-05,-0.017249371088823295,0.0019092271045165945
2026-05-05T11:36:41.100Z,0,-33.87685181587585,-1.7167814776257728,52.53983429611253,62.53816926853306,-0.06760479448741918,-0.010772110507373256,0.01604483622141828,0.0020564878254785246
2026-05-05T11:37:40.100Z,0,-35.310607168867136,0.19193668185835122,53.50475064551574,64.10642838251646,-0.17355947941677385,-0.0178481718052792,-0.08680437015851084,0.005330399972693778
2026-05-05T11:38:40.100Z,0,-37.663955858079134,0.19179753849130066,52.83592301111639,64.88640163864632,-0.07945170515499811,0.03872292864015581,-0.029073486465414078,0.0013027213331450493
2026-05-05T11:39:40.100Z,0,-39.29730549134547,0.7807213228261389,52.13296861484196,65.28961756098853,-0.17752218127098374,0.007918132348294638,-0.02130740123451602,0.002299736316638888
2026-05-05T11:40:40.100Z,0,-39.90766809965862,1.9736127549094817,50.796665503639815,64.628309174444,-0.04573752182501778,0.007181164702829701,-0.0066336636130870374,0.0011738329626471216
2026-05-05T11:41:40.100Z,0,-43.35287372941821,3.920035962437396,48.98880786686277,65.53427834928891,-0.04778900979474088,0.06319771173313171,0.02412142252961047,0.0009152375560100279
2026-05-05T11:42:40.100Z,0,-47.09000866387214,5.469205103736385,46.60298770068039,66.47721100542694,-0.07321890363165551,-0.00574630705041379,0.02685804052138252,0.0012781716785833274
2026-05-05T11:43:40.100Z,0,-49.02243758260738,7.03778188585602,45.16446905108751,67.02655462635806,-0.02108947215084811,0.014079624593377194,-0.0727728759333246,0.00143998876836936
2026-05-05T11:44:40.100Z,0,-53.27068467340723,7.155307563834867,42.17215586959355,68.31877489091816,-0.05842574386871746,0.02633476768443277,-0.028263796400196384,0.00045982956348903547
2026-05-05T11:45:40.100Z,0,-52.86010938425534,7.686910520078527,42.58046021095652,68.31087284785626,-0.05046718246415338,0.034586938100988895,0.0038061437255265673,0.0033774083298618186
2026-05-05T11:46:40.100Z,0,-53.202205288471305,10.98084793829912,37.795005684529315,66.17791265742895,0.01385696304101458,0.011223839900709187,-0.04801715002322737,0.0035238926302536434
2026-05-05T11:47:40.100Z,0,-54.20248349400936,12.212009676204616,34.78175008785911,65.5500765554424,-0.04644947714105285,0.027031195753091097,0.03547423252614479,0.00037780780849097845
2026-05-05T11:48:40.100Z,0,-57.320493997394806,14.791571669775294,29.67893526329135,66.22136228536915,-0.05352927149893105,0.05218658454730907,-0.091317691499615,0.0011509693806403055
2026-05-05T11:49:40.100Z,0,-58.51814447214565,16.330846626033235,25.951036370315705,66.06455988409655,-0.0012775814166587907,-0.03275265332658428,-0.06264289428781211,0.001519336095400906
2026-05-05T11:57:35.100Z,1,-58.93480740610357,19.922495073842583,1.799449080863269,62.23708983360663,-0.020315312169394417,0.010546503584674127,0.10779371999602994,0.006984019518262676
2026-05-05T11:58:34.100Z,1,-56.05514677381507,18.301450961871524,3.3165121558340616,59.06032373788289,0.04286152860366599,-0.021856227460759214,-0.006237978443124348,0.001550823926642894
2026-05-05T11:59:35.100Z,1,-50.96414420086148,20.39275176633737,-2.2891795006216853,54.94041009599151,-0.012138652432547303,-0.030875982274913838,0.0313033322294487,0.0033154091526370762
