epoch_utc,withheld,dx_m,dy_m,dz_m,position_norm_m,dvx_m_s,dvy_m_s,dvz_m_s,oem_interpolation_error_m
2026-05-03T12:46:02.100Z,0,6.340662920592877,4.63393115251165,4.426394381653154,9.015003683899966,0.11688132131010276,-0.12199435869231223,-0.05584614274489752,0.0001278093674726482
2026-05-03T12:47:02.100Z,0,7.230833152789273,3.562893641174014,2.2074026396694535,8.357738066930212,-0.014935373232161098,-0.03632871366487933,-0.013335587381924086,0.0034930129015405533
2026-05-03T12:48:02.100Z,0,7.347684447267966,2.563388840371772,1.9441814008303027,8.021176372758585,-0.024180636115089804,0.016209077266626792,0.030383705433401076,0.0016648366684659805
2026-05-03T12:49:02.100Z,0,7.182851718425809,1.7039500107784988,0.8992621136769685,7.436765210575053,0.0020241365279449752,0.00701989111351331,0.011432303899994167,0.0019242675231967673
2026-05-03T12:50:02.100Z,1,6.87124371779646,1.5781903739480185,0.8490563379837113,7.101096517499943,0.021233751942073553,-0.0366342114230811,-0.03638434945241187,0.0021607424431121175
2026-05-03T12:51:02.100Z,1,6.691992620289966,0.8872263661032775,-1.4891335872562195,6.912847075946261,-0.056824527602028496,0.030210989573009606,-0.012934220440463662,0.0032977157165601273
2026-05-03T12:52:03.100Z,1,7.204517034551827,-1.1208288960915525,-0.6301389012151049,7.318360345752718,0.0011606567866806472,0.09589976749929674,0.07568463464036057,0.00041726858794219335
2026-05-03T12:53:02.100Z,1,4.885117372396053,-0.6064366875762062,-2.116717796297962,5.358416876959894,0.00789743820073241,-0.06774827761384106,0.03066255095962589,0.0055176490613224
2026-05-03T12:54:02.100Z,1,1.425028933226713,-2.357021337502374,-3.9139991454248957,4.785984366497822,0.15950304726386477,-0.024670076964994347,0.05182814505211297,0.0016484189618921259
2026-05-03T12:55:02.100Z,1,4.685798257924034,-2.747625416759547,-3.895604736499081,6.684451137365061,-0.1544175547083526,0.02754615282107853,-0.01576072468179035,0.0051734856505006145
2026-05-03T12:56:03.100Z,1,5.47010085938382,-3.0569889640901238,-5.245274157914537,8.171908340778577,-0.03424858707612444,0.008592741558066663,-0.02491193756348764,0.0005574518765890093
2026-05-03T12:57:02.100Z,1,5.147233358002268,-6.16969332941153,-7.62967953187399,11.080213751539874,0.05714104063425651,-0.1228533349504346,0.07233352662705528,0.0029893370093546446
2026-05-03T12:58:03.100Z,1,5.206996213019011,-6.2968146462480945,-5.109752759381081,9.637025345696742,0.011576235769972243,-0.04630967296481714,-0.007743021379624793,0.004213932885485201
2026-05-03T12:59:02.100Z,1,4.031538921481115,-6.733071833878057,-5.476649658703536,9.56980950070359,-0.003569732412778137,-0.018436172936731055,-0.04533391352889993,0.004947762493704948
2026-05-03T13:00:02.100Z,0,3.6530503539324855,-8.768459668772266,-6.1211661177367205,11.300413111571634,0.08353977489150566,-0.03446747706581377,0.050146638525205844,0.003632156535100952
2026-05-03T13:01:02.100Z,0,5.17535137169034,-9.451242920022196,-6.483432328423078,12.575577494133947,0.0271694762083996,-0.014540914907712477,0.05362525241903171,0.0038311944378102277
2026-05-03T13:02:02.100Z,0,3.217015893824282,-10.262502650220995,-6.571750560397049,12.603811222602072,-0.008094243306722149,-0.02945902919471166,-0.006203236979196447,0.00010020593559337649
2026-05-03T13:03:02.100Z,0,3.400149785193207,-12.09047313523115,-9.524871293251636,15.762732388406036,0.035491510502083656,-0.006309372504453847,0.05490964026311218,0.0018868502950265627
2026-05-03T13:04:02.100Z,0,0.5426097873169056,-9.86289577167554,-7.435765419359086,12.363727017204955,-0.015046886336023135,0.017516846228637917,-0.026129937005681114,0.003949289422651825
2026-05-03T13:05:02.100Z,0,3.7077791730553145,-12.812728928111028,-4.117298456549179,13.959433926979209,0.029009335915652912,-0.06588238086013831,-0.018425135091870715,0.0013618458148588776
2026-05-03T13:06:04.100Z,0,2.6865311483561527,-13.55012643352893,-6.483579535597528,15.259756864712044,0.038338578697505454,-0.0018994863033583442,0.029650476175202556,0.0027746077503773324
2026-05-03T13:07:02.100Z,0,1.701137663985719,-14.765454386633792,-6.368118937643885,16.16989336388996,0.014029509866730905,0.013354799537790285,0.027522560079429326,0.006894656021512166
2026-05-03T13:08:03.100Z,0,1.045374987370451,-14.487894718968164,-6.274177869272535,15.822680246639463,-0.003927628952737905,-0.0396848153538798,0.0016501566895144038,0.0038180045098085303
2026-05-03T13:09:02.100Z,0,0.9787545125163888,-17.225265730303363,-7.655959304429416,18.87541927339401,-0.05701264638524606,0.03203234756110618,0.03487980164562643,0.005870604400058698
2026-05-03T13:10:02.100Z,0,1.9420336312805375,-16.733976879550028,-7.119380945368903,18.28887809231669,0.004738193755571274,-0.013484298494681468,0.0430157502506745,0.0011875519985375957
2026-05-03T13:11:02.100Z,0,1.346217670906924,-15.80677898527938,-8.069488480032305,17.798404654246568,-0.0175280060483729,-0.021932997256612907,0.03067415123803041,0.0003552460708287977
2026-05-03T13:12:02.100Z,0,0.9936495148963331,-17.357407818735737,-7.368042823145515,18.88266402253846,0.031514337925031555,0.05324736588452339,0.027608300348258563,0.0050332651137737685
2026-05-03T13:13:02.100Z,0,2.930165616362501,-18.625856056814882,-4.90632303080929,19.48282294923275,0.01078715478897152,0.01821596526063729,0.11274099365021772,0.003616192840831395
2026-05-03T13:14:02.100Z,0,-0.4505995927956974,-17.129768241147758,-5.079901843600965,17.872811830517392,-0.03049294872159436,-0.02732151161666252,0.05398757080810057,0.003830996754622004
2026-05-03T13:15:02.100Z,0,0.34464484042473487,-17.2728724358322,-4.756062053274945,17.91901304495214,-0.044641753823349006,-0.013116280292990723,0.01251367514565338,0.00011157447387170175
2026-05-03T13:16:02.100Z,0,-0.03783213514907402,-16.864730919877502,-5.717240474950813,17.807510183030587,-0.009525999517201456,0.02097718320559494,0.03012806656377265,0.001921234353389506
2026-05-03T13:17:02.100Z,0,-1.27396218249487,-17.39324954019139,-4.075353705047746,17.909679422899828,-0.024712762153988876,-0.0024898983088661453,-0.02289458300808178,0.004186337665275852
2026-05-03T13:18:02.100Z,0,-0.4219354268570896,-16.99860851988433,-6.166228476104152,18.087373903810327,0.006365914964945318,-0.097607369334618,0.07468661601883753,0.0004626571443837687
2026-05-03T13:19:02.100Z,0,0.22459180172518245,-17.947889385595772,-8.422416367466212,19.827109530689196,-0.06342954250726507,0.009262446266866675,0.1466489174597463,0.007662114222540106
2026-05-03T13:31:03.100Z,0,37.09820181484247,-18.90440674560523,-122.51062840095983,129.3928407737311,0.0269670655752563,0.17269470041458845,-0.1548541517140123,0.0001783468546801188
2026-05-03T13:32:02.100Z,0,3.6757296102223336,-11.100002696366573,-9.709020029731619,15.198227461271271,0.018197493591665115,0.008032162163384982,-0.05237354716669529,0.003478917378221371
2026-05-03T13:33:03.100Z,0,6.744298601915943,-12.507779831139487,-11.395311956221121,18.21491846030778,-0.004876158872679781,0.03528674341835014,-0.0455607998102181,0.0015852717316397556
2026-05-03T13:34:02.100Z,0,8.78168630606524,-12.489573549828492,-10.399199643416068,18.47297526275435,0.002186250482524854,0.0538998290529058,-0.021535722515508837,0.0019411671616282454
2026-05-03T13:35:02.100Z,0,7.116861640497518,-10.190749718276493,-13.034372275114947,18.010995531530806,0.03031399497410714,0.0391178450720453,0.005969098811675622,0.002172238442861139
2026-05-03T13:36:02.100Z,0,8.011775456907344,-10.639862616699247,-11.224296026171032,17.41780823632112,0.03358610348846991,0.010695318170217405,-0.0033067852989177027,0.003292366950520383
2026-05-03T13:37:03.100Z,0,11.737052146600035,-9.685965171229327,-12.962996815019778,19.990387710509495,0.07313245978135541,-0.02646126417127359,-0.04479065515372582,0.00043348896596293924
2026-05-03T13:38:02.100Z,0,7.990039741343935,-9.304577196417085,-12.464939763844995,17.48686979389463,0.010566898922315104,0.030002048323374275,-0.009845712810374607,0.005516723421188013
2026-05-03T13:39:02.100Z,0,9.998406671002158,-9.961614490748616,-13.437197652592658,19.48743646496057,0.07096958492081029,0.018438825206523735,-0.011571514668240468,0.0016562986862684642
2026-05-03T13:40:02.100Z,0,10.483399712029495,-8.498457797941228,-12.590791108777921,18.45680024301204,0.03442454372093451,0.0010576917187227197,-0.0036886014136428003,0.005174642448785835
2026-05-03T13:41:03.100Z,0,10.751564422207593,-9.276060187403345,-13.243578523770339,19.41735827141479,-0.004713999803396263,-0.009370340529113452,0.05156678494167011,0.0005473583530362855
2026-05-03T13:42:02.100Z,0,12.696282753495325,-9.037642596922524,-12.275916024918843,19.838666631537276,0.07886317536875964,-0.011761449674962954,0.06879442884066833,0.0029819756261716896
2026-05-03T13:43:02.100Z,0,14.088568233091792,-8.69346834224416,-12.518648038167157,20.75525705404756,0.01962042585468282,-0.02356708527262441,0.0029596638126960784,0.00402750087341711
2026-05-03T13:44:02.100Z,0,-4.092687613592716,3.770882139178866,-17.50175521192432,18.365213843245975,-0.16129710115597717,0.08797860900644494,-0.07541403638811062,0.004949154118628753
2026-05-03T13:45:02.100Z,0,19.699216487879312,-10.16736697692977,-11.994254589353659,25.205091244312715,0.06600807431977884,0.025198396024217473,-0.02267689718316035,0.0036267930862673996
2026-05-03T13:46:02.100Z,0,21.336605019769195,-12.49052217190183,-11.049509073018271,27.08053745129746,0.1562838348387885,-0.16116287531664497,-0.029378193569407074,0.0038206352445311633
2026-05-03T13:47:03.100Z,0,17.818818434989225,-9.66086584230652,-12.146102400947711,23.62986294451291,0.0302381194714485,0.032226320304307166,-0.018396273124388074,0.00016527936611067647
2026-05-03T13:48:02.100Z,0,19.281751176549733,-9.537582594020932,-12.606513237187755,24.93342307368842,0.02261953119386817,-0.012935534022595618,0.0025815810191787136,0.001876535803133621
2026-05-03T13:49:02.100Z,0,19.916518186619214,-8.76192205305415,-11.774510648137948,24.740211715845206,-0.032160678006931676,0.01483802264923284,-0.050416372689099376,0.003949046098586849
2026-05-03T13:50:02.100Z,1,22.832828353784862,-10.171766870826104,-10.07341372587689,26.949518659904157,0.031012693177956407,0.030449535024068553,0.030408418687954963,0.001355457839928933
2026-05-03T13:51:02.100Z,1,23.05282976158196,-9.929544458827877,-10.343071116039937,27.147890033808853,0.008454779158562076,0.008068636949243313,0.009624534205165958,0.0022851226890611654
2026-05-03T13:52:02.100Z,1,24.104849200512035,-9.764014359006978,-8.871511288816691,27.478781703887858,-0.012426749408156468,0.010621213546890829,0.025376678750355097,0.006882766941849725
2026-05-03T13:53:02.100Z,1,22.805404845712474,-10.382977548943018,-8.530395904017496,26.46998993649184,0.018395830970519,-0.02294440641126272,0.03996953333462727,0.0037454539615340834
2026-05-03T13:54:02.100Z,1,25.46887390781194,-9.941926147348568,-8.364661657651595,28.59148471657853,-0.1094806769783574,0.0252518893502085,-0.030196000007975954,0.005860315864664811
2026-05-03T13:55:02.100Z,1,25.187323911268322,-9.93052660351168,-6.308129599347012,27.799445021013643,0.04969176835789568,-0.07024229372110113,0.13993126059430594,0.0011798778339713078
2026-05-03T13:56:02.100Z,1,25.364182919133782,-11.002916858615208,-5.874403221241664,28.265076822089323,0.0112141509909236,0.006549106903008806,0.015001044164186794,0.0003520355223446488
2026-05-03T13:57:02.100Z,1,26.71336637172317,-10.695426955180665,-5.988017971503723,29.391367098019902,0.02746371073580889,0.011015075116027617,0.022932602870673335,0.0050283803982810625
2026-05-03T13:58:04.100Z,1,27.058259205105628,-10.42593824058713,-4.580884705319477,29.357010816679725,0.00500296771299702,-0.011565718953221449,0.05952990162527705,0.00358406571682646
2026-05-03T13:59:02.100Z,1,27.18213710701889,-11.280711859399162,-4.8262413156408,29.82307232657897,0.00765847569716982,0.00835027716394876,0.05172554361054793,0.003819300431020159
2026-05-03T14:00:03.100Z,0,27.051213916763572,-10.75853182476294,-3.101243854871427,29.27681497093422,-0.0037660645268999815,0.03676921144801781,0.05392151825278635,0.00017114597385956652
2026-05-03T14:01:03.100Z,0,26.788816873477117,-10.41017778686637,-0.16506159136042697,28.740907368484397,-0.011429007232166555,-0.014390232800920444,0.037983396662749636,0.0019589220661367875
2026-05-03T14:02:03.100Z,0,26.102723704980235,-10.131924874684728,0.1258227803191403,28.000427101329,0.005331637908945197,-0.003743970295566612,0.02988670276238281,0.0044696431423324
2026-05-03T14:03:02.100Z,0,27.331220876476436,-10.12151161927477,2.002000544962357,29.213843263765984,-0.010653359074019875,-0.005737685984108509,0.010764366331406094,0.00045880930148079586
2026-05-03T14:04:02.100Z,0,26.26724720198581,-9.125888382641278,0.3933288344342145,27.810156812119125,0.02062948522407737,-0.04732237530991057,-0.1921462627565429,0.007634711716100934
2026-05-03T14:05:02.100Z,0,25.62860321199878,-9.61108890419382,3.1589499267283827,27.553172179659622,-0.0063139790640320825,-0.01814094804064581,0.03936807137172593,0.001943909978546065
2026-05-03T14:06:02.100Z,0,25.489165721410245,-9.33766516641299,3.6505034177025664,27.39006635874064,-0.017970068836525854,-0.01612137661499702,0.03543733335398258,0.001936433953949594
2026-05-03T14:07:02.100Z,0,24.413503791038238,-8.818388609597605,2.777642749606457,26.10552516746906,-0.003817078355616843,0.010427309199201318,0.02710046286402701,0.002169965881697087
2026-05-03T14:08:02.100Z,0,21.53030497538566,-7.861934418997407,4.045658252834983,23.275123970463927,0.02553372153757394,-0.04608328869259992,-0.015770781257806732,0.003298518194775949
2026-05-03T14:09:02.100Z,0,23.681582623794384,-7.932142365916661,5.0387398132443195,25.47793431552769,-0.0447352323771355,0.03556595225706616,-0.0041545256901365235,0.0002760484150409111
2026-05-03T14:10:02.100Z,0,20.875146128219058,-7.185852570728457,8.314250579132931,23.590993318115203,0.010946384142229704,-0.005123489259517555,-0.035515389510187845,0.0054604958794104725
2026-05-03T14:11:02.100Z,0,20.461587444970064,-7.66631577971566,7.83084575778048,23.211443377882006,0.013498967142311358,0.01335461801588167,-0.07947018569076647,0.0017936484105512452
2026-05-03T14:12:03.100Z,0,19.86504886781404,-5.5138429615908535,9.923768036969705,22.880205479350625,0.011362567092554343,0.009471798450455537,0.054477243587314206,0.009127815630067251
2026-05-03T14:13:02.100Z,0,19.05106441972748,-6.742549839600542,8.982516960713838,22.115393842606906,-0.02100434623608649,-0.010978857615917548,-0.05481478702584752,0.0002589818444409917
2026-05-03T14:14:02.100Z,0,19.162422081535624,-6.838429565050319,8.676438094880723,22.118840768932166,-0.06646806428411978,0.14191050581935372,0.031031743144893653,0.0038443360254145765
2026-05-03T14:15:02.100Z,0,17.799911528527446,-6.538058668411395,8.112910052659572,20.625284751914055,-0.025831627819661307,0.022674162119429297,-0.022389798258970472,0.003418893232592579
2026-05-03T14:16:02.100Z,0,16.51974957303537,-5.809384796521044,7.508521594445483,19.05331924374612,-0.0008016598016524767,-0.03574704878239743,-0.023583334952448354,0.00011968223725276305
2026-05-03T14:17:02.100Z,0,12.116388003505563,-3.6489512749540154,7.070678208492609,14.495385265198518,-0.06197410417407845,0.03764999869204644,-0.01107482769224788,0.0034804941259885553
2026-05-03T14:18:02.100Z,0,14.91964874230689,-4.123213057027897,6.852396501471958,16.92785108396367,-0.0005262120634785816,0.023959392838168725,-0.004454159943989566,0.0016652599182028888
2026-05-03T14:19:02.100Z,0,10.876880194700789,-3.320368175081967,5.879204059510812,12.802203246368956,0.07587551190813002,-0.05717297189722359,0.014075237090516168,0.001930830113576376
2026-05-03T14:20:02.100Z,0,10.970163532419974,-5.5800061318223015,5.025784256758925,13.294339538115365,0.01947971164828477,-0.058821062141500846,-0.02608851829410952,0.002166594520467217
2026-05-03T14:21:02.100Z,0,10.430895140416396,-3.775832946303126,5.367087667536907,12.323397173660243,-0.015318960610605226,0.05401417620332083,-0.023526999576084506,0.003294892164869458
2026-05-03T14:22:02.100Z,0,8.554217515211349,-2.7982256269751815,3.068088608188191,9.50883124598935,0.015550223073312885,0.013411485908942922,-0.025184701686775668,0.0002856843777131086
2026-05-03T14:23:02.100Z,0,9.32740180496694,-4.590025298057299,2.741024090710198,10.75090553088251,0.08439734105070151,0.015123798858818205,-0.012706899598313726,0.005513801874248264
2026-05-03T14:24:02.100Z,0,5.867115072760498,-1.756677964294795,1.9869334562372387,6.438700280861595,0.017445063657195448,-0.007318868340711049,-0.008535837103806898,0.0016528642850399517
2026-05-03T14:25:02.100Z,0,4.436264480318641,-0.18466563597030472,0.5148018567764368,4.469850656138928,-0.01416513882812609,0.011916016974589105,-0.003239526994214259,0.005176616578343988
2026-05-03T14:26:02.100Z,0,6.308581301709637,-3.1816757918932126,-0.9858623276954859,7.133945851642618,0.028750522358400588,-0.0806467448623005,0.025360024546117188,0.00036961169660557205
2026-05-03T14:27:03.100Z,0,4.435189466221345,-2.110415716742864,-2.1287250273189784,5.353151440104256,-0.03605688032526366,0.03582585494659937,-0.031114000123899643,0.0026711146608392067
2026-05-03T14:28:03.100Z,0,3.738795943718287,-3.577838485398388,-3.487034478894202,6.240106793425823,-0.11986913179429237,0.05174262762264181,-0.07001007933560288,0.004207552014133245
2026-05-03T14:29:03.100Z,0,3.178747170295537,-6.49204976434703,-4.1653255123037525,8.34272619344952,-0.04142391620343133,-0.0035952735278899084,-0.0435440880943716,0.004722858147622469
2026-05-03T14:30:02.100Z,0,3.994492560195795,-6.658967324256082,-4.158331476901367,8.80849234039279,0.09807081925305994,-0.047060028903311846,0.031080311721609633,0.0036385701350383987
2026-05-03T14:31:02.100Z,0,3.1060287997206615,-8.748044082494744,-5.783122899629234,10.937102022299213,0.004049090187585591,-0.0640718323519085,0.016759404037003378,0.003833323091465888
2026-05-03T14:32:03.100Z,0,3.967293961522955,-9.654605139985506,-7.547635812898079,12.88090168234789,-0.03151541545598491,0.024920828106900217,0.03790534276948421,0.00016093924192313837
2026-05-03T14:33:02.100Z,0,3.423227089115244,-10.746821580141841,-6.5865822321029555,13.061229776682943,0.00796142983316983,-0.04133962006225289,0.022305457304305776,0.0018921826434576661
2026-05-03T14:34:03.100Z,0,4.073554785918532,-11.211728031412349,-8.315315354138875,14.541016590424993,-0.013125868625341042,-0.012686962484576014,0.04163623511388437,0.004114135541547368
2026-05-03T14:35:02.100Z,0,2.6686483515732107,-12.871925884610391,-8.61683176299266,15.718077160867248,0.06352151614041901,-0.007924642166479146,0.027574379704020657,0.0013659874852187262
2026-05-03T14:36:03.100Z,0,2.7740231148527528,-13.11077043555997,-8.143660214955162,15.681412798352524,0.05447518303736132,-0.042154138288452714,0.028955279977260773,0.0025421318582858044
2026-05-03T14:37:02.100Z,0,1.4610574778544105,-15.185166772425873,-7.848243654734688,17.155725205425284,0.0036989988716484845,-0.04568499258450487,0.04473857267939252,0.0068964361487331375
2026-05-03T14:38:03.100Z,0,0.30701638593200187,-16.86119263194996,-9.059096769306052,19.143179211108215,0.07646814967099402,-0.06451908552929098,0.09804508658461941,0.003822623659401407
2026-05-03T14:39:02.100Z,0,0.3188130435773928,-16.478295093293127,-5.823138306368492,17.479839549420916,-0.11061735777184722,0.15176962512519765,-0.2643348033224413,0.00586524837721051
2026-05-03T14:40:02.100Z,0,2.5009920748289005,-18.88553965227402,-7.121274046767212,20.33792303469387,0.011787717793421137,-0.04358011890026603,0.04107818589993428,0.001183982423743545
2026-05-03T14:41:02.100Z,0,1.9870187161359354,-19.78901336724448,-6.519632960589661,20.929856840601236,0.012133260519409106,-0.0228482437076849,0.013794716972270749,0.00035582991133962
2026-05-03T14:42:02.100Z,0,1.7205718129389425,-19.795714411884546,-5.299338722579705,20.56486487524307,-0.012605477338389903,-0.04199790518732982,0.06670660577112741,0.005036943729694945
2026-05-03T14:43:03.100Z,0,2.7886336850997395,-21.16400758131931,-6.4815986834219075,22.309254049043208,-0.047188381743001884,0.027785836081761772,0.015024938552876677,0.0036077341485241353
2026-05-03T14:44:02.100Z,0,0.7449574144970939,-22.519726040172827,-6.315694085060386,23.400449018126107,-0.02074076220326404,-0.0561715125106943,0.05724363243775343,0.003830040306960077
2026-05-03T14:45:02.100Z,0,2.288130187238835,-21.98299262272485,-5.385738450968347,22.748487489650113,0.008286602478424498,0.014508223324938285,-0.030533811376631803,0.00010913210711348647
2026-05-03T14:46:03.100Z,0,1.578020272916092,-24.519436660739302,-1.0160642550545163,24.591163224055506,-0.030625435426312464,-0.02782799125533586,0.1173598303010337,0.0019637291576609585
2026-05-03T14:47:02.100Z,0,0.9273600771848578,-23.480339921661653,-3.8111962803668575,23.80570470784296,-0.022443480118372605,-0.04497000402725604,0.10371669204412015,0.004188344499286677
2026-05-03T14:48:02.100Z,0,0.17518611355171743,-22.826039789038077,-4.675319970374403,23.300587963622558,-0.002138484249236683,-0.018561686997209392,0.12145301458255098,0.00046155559565620854
2026-05-03T14:49:02.100Z,0,1.6719255878570038,-24.239147876642164,-3.8671110532959574,24.602564355277703,0.010235424444005048,-0.007769584149386333,0.034540246339420655,0.007657825467888859
2026-05-03T14:50:02.100Z,1,1.5040116834370565,-24.876678061062307,-2.793476600345457,25.078171265352097,-0.04304944832700386,0.02598963085720385,0.026262655106301658,0.0019416112500476783
2026-05-03T14:51:02.100Z,1,0.43290177541166486,-24.508093745623682,-0.2809889065247262,24.513527240220313,-0.01058639472395484,-0.014197640412660917,0.10376216887431067,0.001936571184777571
2026-05-03T14:52:02.100Z,1,-0.49898387510438624,-24.88748655252948,1.2627125779545167,24.92449427499933,0.010632262226195621,-0.006403493276074812,-0.08250438600088117,0.0021625485902281596
2026-05-03T14:53:02.100Z,1,0.7907097592578793,-24.83939846524663,1.7080110683309613,24.910604967527853,-0.0032163292336129246,0.0386885384990876,-0.02680304044688775,0.0032983028935403276
2026-05-03T14:54:02.100Z,1,-0.4982157079211902,-23.88682536138731,2.057593223071308,23.980457347779346,0.05577036513004785,0.003032638239197638,-0.12296343745576976,0.00027142369531663594
2026-05-03T14:55:04.100Z,1,-0.37044181635792484,-25.050890229977085,2.9025791645835852,25.221207232413413,0.018088621213774303,0.01981199218015206,0.03671590145826187,0.005486328517017091
2026-05-03T15:07:46.100Z,0,-2.199915061282809,-14.111872053945262,6.59256504241057,15.73043143026262,-0.14002938731588754,0.17180918020809344,0.258138183085066,0.00196972261420918
2026-05-03T15:08:02.100Z,0,-1.5551550882264564,-14.516414767967944,6.4879846581789025,15.976193225824458,-0.133955104419603,0.1661352600299537,0.18726072222108314,0.005525290798015591
2026-05-03T15:09:20.100Z,0,-0.7735383769613691,-28.530033288916457,-4.85744830780277,28.950923390287382,0.061838592227525524,0.435827283798762,0.3256647755511821,0.0008171130012771904
2026-05-03T15:10:51.100Z,0,2.3276151009667956,-19.26687494142243,5.267326625016722,20.109077349328345,-0.03891424931667942,-0.054755933672767654,-0.036539551370395884,0.00172199174166664
2026-05-03T15:11:02.100Z,0,2.746325022144447,-20.135542205935053,5.419427806600652,21.032179126405445,0.0031294206608301067,-0.1485159076728415,-0.005653926097970441,0.00036767050980070426
2026-05-03T15:12:46.100Z,0,87.12688289506332,-20.961415970305097,-7.159262888308149,89.89844118556309,0.048852068270210935,0.020917287459898404,-0.16050099616116142,0.0008761492646921925
2026-05-03T15:13:02.100Z,0,0.011946482572966488,-11.295188850453997,-3.537186994236663,11.83609419183808,0.025839249185199975,-0.02802223328313147,0.00946003503266013,0.004043217323629614
2026-05-03T15:14:02.100Z,0,6.215642167717306,-12.576995503877697,-0.09736519456282622,14.029415648656846,0.07042918840527435,0.12783254523118792,0.09871988370147022,0.00494699985184984
2026-05-03T15:15:03.100Z,0,4.851013310144481,-10.403768911601219,-1.899587149864601,11.635255435147508,-0.0956738181703276,0.06815049456715405,-0.01917474915202888,0.0035988247130553062
2026-05-03T15:16:02.100Z,0,3.532689749590645,-12.635866929485928,-1.1122839878225932,13.167467698692315,0.027032643082014474,-0.013867863274952263,0.067851385776585,0.003814652282884627
2026-05-03T15:17:02.100Z,0,5.379742960030853,-11.36083278015576,4.396888978135394,13.317011243545291,0.009015379708543492,0.06160339489769129,0.05374820181014428,0.00010680484551596211
2026-05-03T15:18:02.100Z,0,3.540212098414486,-8.446599881608563,6.334117949791107,11.135492870260212,0.002780804858826258,-0.07169126155925909,0.05086715013380427,0.0018672685806054678
2026-05-03T15:19:02.100Z,0,4.497472292314342,-7.09448154339043,8.489948218084464,11.943121289487026,0.035098043913883714,0.025560522683321096,0.01975715548585555,0.003953427074550285
2026-05-03T15:20:02.100Z,0,4.6277333342459315,-5.81113942189404,9.588639517005504,12.129602836888829,0.0034900919945179965,-0.010917474369431801,-0.03234780845584595,0.001348807086970721
2026-05-03T15:21:02.100Z,0,1.6839485972468538,-4.686022943133139,8.6413446433653,9.97333099556803,-0.006941886407041409,-0.004616098722820539,-0.10364932140571881,0.0022809273400812152
2026-05-03T15:22:02.100Z,0,7.876455833638829,-9.783246278857405,9.892364186271152,15.987787009022247,0.0030034219378194393,0.022772745516430604,-0.11472486350605493,0.006890487952225754
2026-05-03T15:23:02.100Z,0,6.780581690009058,-6.670635017144377,5.916449696087511,11.201697933490836,-0.03506857031032595,0.1226815267090231,-0.15818391250910224,0.0037410899742052303
2026-05-03T15:24:04.100Z,0,7.7785946930362115,-8.996042656690406,2.238933843727864,12.101576080664639,0.14572745455554426,-0.04476361435479248,-0.1187680318244233,0.006283392578408532
2026-05-03T15:25:02.100Z,0,10.789827620101278,-11.582934411308088,-2.078800037452311,15.965780884249828,0.10059510621651668,0.13006910516732972,0.0065331558918302335,0.0011799222419141971
2026-05-03T15:26:02.100Z,0,12.507305416647796,-13.127991958754137,-0.5298898677210673,18.139946111450662,-0.07149122652894135,0.05143502159121738,-0.049510624418047655,0.0003492057919279761
2026-05-03T15:27:02.100Z,0,12.268174100654505,-14.787891201194725,-3.090286052611191,19.461235567900246,-0.029691991408675733,-0.1337166892199093,0.03281013451417181,0.005027894210656575
2026-05-03T15:28:02.100Z,0,13.851837680363133,-13.925347304393654,-3.545732454767858,19.95898101887733,0.03566991419834409,0.024355761892635996,0.049180912677471156,0.0036128378677121754
2026-05-03T15:29:02.100Z,0,13.373849129720838,-14.802658693042758,0.8494686244375771,19.967477103308596,0.018560088231200922,0.02415733252014718,0.002611631737092779,0.003819333217178445
2026-05-03T15:30:02.100Z,0,12.88260281910425,-15.187374736342463,4.486086962060654,20.414278900026243,-0.25948381055185266,0.19060802195181026,-0.2783884500252576,0.00010464310045125001
2026-05-03T15:31:02.100Z,0,11.856049314850736,-9.79576647750946,2.4489659190294333,15.573065860986986,-0.059293439083063504,0.05052509298852925,-0.0665209645700493,0.0019143599115243953
2026-05-03T15:32:02.100Z,0,11.381837180906018,-8.00654521526667,2.525558154047758,14.143176018357453,0.010542005135949495,0.0212922278892691,-0.07002717589710272,0.004187755742967987
2026-05-03T15:33:02.100Z,0,10.030412098274155,-6.802370362038346,5.656878678564681,13.37466581965852,-0.003458814529899712,-0.0006514348234176737,0.033348809812316915,0.00045888137932737676
2026-05-03T15:34:02.100Z,0,13.621265982067143,-10.912022404909294,4.3082231750304345,17.976982695806637,0.08305835743538381,0.3002193563563793,-0.17206089178434247,0.007636026354211615
2026-05-03T15:35:02.100Z,0,13.064711486890701,-9.158310203702058,2.7342698876964278,16.187574365595683,-0.11648594284929814,0.04775799287148885,-0.2728823708477712,0.0019415625465380875
2026-05-03T15:36:02.100Z,0,13.452479686520746,-11.155502327937938,1.2488577303884085,17.520676001103183,0.00927968481256869,-0.06338399915151172,-0.030932941636030442,0.0019362096339227122
2026-05-03T15:37:03.100Z,0,14.314324379597565,-14.7458429663061,2.4563680426581413,20.697186069422397,-0.025061261178294103,-0.03609015262640014,0.03235984877367204,0.002353453452672787
2026-05-03T15:38:02.100Z,0,14.006156254254165,-15.351344531084443,7.799747252647649,22.196221505828955,-0.010609118877180634,0.03841588995712186,-0.004786115007759939,0.003287078582436878
2026-05-03T15:39:02.100Z,0,13.108233108823697,-15.775245271015592,9.510040563327493,22.60807400271186,-0.008562639312703624,0.09282823627909664,0.14698288470949006,0.00028001980273796774
2026-05-03T15:40:02.100Z,0,13.071678012238408,-13.947614051744495,7.8779146633678465,20.675256787652327,0.02140041333476006,0.0427954859647528,0.07916049428957628,0.005467051973431533
2026-05-03T15:41:02.100Z,0,13.017620561640797,-11.259829541813815,5.45222767686937,18.054611406451727,0.013214398204342004,0.030842556797416876,-0.011176679711732973,0.0018075438314830183
2026-05-03T15:42:02.100Z,0,10.372469236017423,-8.860518639949078,5.962521911897056,14.887866743454733,0.019447614715728534,0.046083040031064115,0.02818521510405958,0.009103839596968205
2026-05-03T15:43:02.100Z,0,13.179059272260929,-11.935767169688916,12.183712949081382,21.55441955739945,0.16887908996898737,-0.021809260765337513,-0.04110434680271169,0.0002640220336954166
2026-05-03T15:44:04.100Z,0,9.579003043427292,-8.135136084547412,7.109363857125572,14.438863974464823,0.14282383765062967,-0.023436007195343223,0.025774807915990294,0.004030458791430396
2026-05-03T15:45:02.100Z,0,12.069060793464814,-11.285439880339254,6.89398315444123,17.90392095220543,-0.03942847567439678,-0.028269530772284668,0.05587672933460297,0.0034094624891672564
2026-05-03T15:46:02.100Z,0,11.002865137470508,-12.019607873753557,9.124246108513034,18.675810068665765,-0.009586048098197963,-0.004690320730915687,0.0008326709926009812,0.0001212861464011775
2026-05-03T15:47:02.100Z,0,11.667709151197414,-10.305314303877822,10.460634244736866,18.755260823054588,0.04666582995938029,0.10144078566032277,-0.027133256591760357,0.0034833642507292144
2026-05-03T15:49:03.100Z,0,5.85156288343569,-6.593281873392698,6.390631198883057,10.888173453841945,-9.931964217724243e-05,0.023152007022630983,-0.05569331709409653,0.0019936466969501967
2026-05-03T15:50:03.100Z,1,9.990592680196642,-8.176514631486498,7.408820766613644,14.884823101814716,0.01511681310903401,-0.01643819324304019,-0.011870564088134472,0.002356319358220726
2026-05-03T15:51:02.100Z,1,10.003583585330489,-7.044837563626061,6.631893392295751,13.917019465867913,-0.026051352006312145,0.029685206569318723,0.04100772000725783,0.00329276518231277
2026-05-03T15:52:02.100Z,1,10.729546529319123,-5.722450088796904,7.394926591132389,14.232165788516962,-0.00900874805970231,0.06829981402933782,0.006464153408991535,0.0002861665323145472
2026-05-03T15:53:02.100Z,1,8.828883417436373,-6.839258111540403,7.003631125371612,13.182392910819651,0.003916081310229025,-0.009301688375096262,0.050354821183873355,0.005508649027890273
2026-05-03T15:54:02.100Z,1,8.705692094508777,-8.422489333497651,6.82585389859014,13.903944866913582,0.0053769406702652844,-0.062059777101719504,0.06457041689600374,0.0016509375404551673
2026-05-03T15:55:02.100Z,1,9.415623971563036,-10.140189656340226,5.087782059035817,14.743233950550623,-0.014124135275017657,0.006530323231501711,-0.030972268826978677,0.005174722404355053
2026-05-03T15:56:02.100Z,1,7.908763823706977,-6.2179885171644855,4.996038591343677,11.232645637825529,0.002764955932987867,0.07309682274270202,-0.003509015417790806,0.0003717092728141303
2026-05-03T15:57:02.100Z,1,7.650243974012483,-7.842852941394085,4.8888110252391925,11.997376728383102,-0.07234847196901928,-0.160199735439015,-0.031430144359134715,0.002981533021070562
2026-05-03T15:58:03.100Z,1,7.2049622087888565,-5.558642994401453,5.221779247449376,10.49175728266609,-0.039402257802523266,0.020335821516948016,0.030396320592984694,0.004204920162982557
2026-05-03T15:59:02.100Z,1,5.351303317638667,-3.802439548962866,3.6204829825692286,7.496858725356969,-0.022726321031063534,-0.04491099019188205,-0.021145882041828656,0.004946994688355496
2026-05-03T16:00:03.100Z,0,4.894048568530707,-2.92619804986316,1.3028394398588716,5.849080015200014,-0.021288395749996525,-0.07249422166411001,-0.01736464239066038,0.0036335108477598506
2026-05-03T16:01:02.100Z,0,3.0950877601299,-2.909278535298654,1.6358573832349066,4.551867662524863,-0.044601029152158134,0.03906111933049683,-0.008026243479619666,0.0038328292250431944
2026-05-03T16:02:03.100Z,0,3.2312010891928367,-2.2511174156534253,0.11303457219469237,3.939665837653032,-0.020821656392833177,-0.026650962573607218,0.014368990624014089,0.00016541463544058178
2026-05-03T16:03:02.100Z,0,4.041092715169725,-5.7843256699925405,-1.174421354335209,7.153189449934276,-0.016642491115215208,-0.04196026455915991,0.00017031234467168588,0.0018876232813490317
2026-05-03T16:04:02.100Z,0,3.5628409540322536,-5.531324374715041,-1.6196898939142557,6.77589701474972,-0.005223603833703905,-0.027825281837645655,-0.012684872033652539,0.003948636643207112
2026-05-03T16:05:03.100Z,0,1.913935410357226,-4.3248613246760215,-3.6181487321300665,5.954710276790309,-0.023190025576935724,0.016575507487237573,-0.013414476175199752,0.001153505574822715
2026-05-03T16:06:02.100Z,0,2.4081783625433673,-7.26517940620397,-2.6516981261011097,8.100225785872913,-0.02258445439040635,0.010336761613993772,-0.006289063772868531,0.0022933354697933926
2026-05-03T16:07:02.100Z,0,2.0132024487793387,-5.153348051862849,-4.802068329809117,7.325970276186321,-0.018536214874576018,-0.10544213402408076,0.029271055766777465,0.006891808226329641
2026-05-03T16:08:02.100Z,0,0.7413484762537337,-7.346909274929203,-5.780964218956797,9.377964638350011,-0.018156440912742156,-0.012074751122526095,0.021398944446637813,0.003755936666670491
2026-05-03T16:09:02.100Z,0,0.4324659706753664,-9.350849696602381,-6.637244585363078,11.47512233268877,-0.013780657369233396,-0.0996448435377495,0.06589811150981006,0.005874544722833662
2026-05-03T16:10:02.100Z,0,-0.4229128122688053,-10.322951138732606,-4.941016345128446,11.452328059493771,-0.0016507292892598002,-0.026483801297771947,0.026503767335483985,0.0011890513146017862
2026-05-03T16:11:02.100Z,0,0.5346931449707881,-11.08929717065621,-6.378758821028896,12.804177935160714,0.05795498886462802,-0.07880889106104405,0.046627980080593545,0.0003520862543918401
2026-05-03T16:12:02.100Z,0,-0.7466396563557964,-11.563964628294343,-6.848773784440709,13.460625953176477,0.057566217827931254,-0.09284919874019693,0.0839030272388186,0.005029657064048863
2026-05-03T16:13:02.100Z,0,-2.5861036670491444,-11.168451450430439,-8.18628113847808,14.086782416703567,0.05768304032605087,-0.08365366863394286,0.013299280292145,0.003617794950037333
2026-05-03T16:14:02.100Z,0,-3.4939574253911587,-12.686330142969382,-8.942901477894338,15.909940220823719,-0.02333916680474779,0.013986966804324652,-0.033528155061191,0.0038365611040010704
2026-05-03T16:15:02.100Z,0,-4.289220504830382,-11.66208523682144,-9.091998588701244,15.39695044308747,0.005769289483037454,-0.14434567141208277,0.10293237607861272,0.00011437530629339145
2026-05-03T16:16:02.100Z,0,-4.238796568358794,-13.85383586421085,-6.102711595303845,15.72066325941374,0.029366121125473654,-0.07632126373646742,0.09525876533089672,0.0019270887534159943
2026-05-03T16:17:02.100Z,0,-4.971915706164509,-15.522797671110311,-6.666684452284244,17.610277536534213,-0.015696495597516957,0.017004036395817934,0.01964211574456698,0.004177473122322204
2026-05-03T16:18:04.100Z,0,-5.114799751027022,-16.958461678314052,-5.951247302618867,18.6860360548962,-0.0021821696913892907,0.03346412310190061,0.008391843933530652,0.0008483440623390481
2026-05-03T16:19:02.100Z,0,-5.616734163595538,-16.13046741249491,-5.967861376120709,18.092955839625954,0.03271498379930904,0.000627565877486802,-0.013369124654438735,0.0076672480277131146
2026-05-03T16:20:02.100Z,0,-6.129752987021675,-18.535424195306405,-3.9129164169935393,19.91097025933766,0.053697318183498766,-0.05083872911093579,0.09846982313987951,0.001930387301710487
2026-05-03T16:21:02.100Z,0,-6.7906300266713515,-19.332890825353388,-5.149130470272212,21.127869471956927,-0.01912451520924563,-0.04839101914555499,0.029536208638880623,0.0019362955566004966
2026-05-03T16:22:02.100Z,0,-6.6517840097048975,-17.810930553650905,-5.9794757962663425,19.93061987236915,-0.027971677548310758,-0.0360299311443768,0.030940876133644934,0.0021518660796039195
2026-05-03T16:23:02.100Z,0,-7.6786004391351526,-18.856711935313797,-6.527660945721436,21.380992660248243,0.01663462751178013,0.030341007245304752,-0.04063409581878119,0.0032917094525111486
2026-05-03T16:24:02.100Z,0,-8.153601032972801,-18.366132481787645,-6.149215058030677,21.014492094109283,-0.039881549130371674,-0.09019287741907078,-0.021527146940814035,0.000265634117817516
2026-05-03T16:25:02.100Z,0,-6.2989746875246055,-19.22363455270215,-3.406004270800622,20.514045739995606,-0.02614838005521314,0.009273414839583438,0.12051254449374493,0.0054896664619455355
2026-05-03T16:26:02.100Z,0,-8.191494260927357,-19.779112302614976,-3.0012152710696682,21.617612144026516,-0.028456549856836766,-0.017838835599803815,0.0031133280735395896,0.0018004176580995242
2026-05-03T16:27:03.100Z,0,-8.194651353505833,-20.390756165966195,-1.7785483178158756,22.047641187759954,-0.00036016960397455833,0.013063038101890356,0.03477666976514637,0.009124545441202909
2026-05-03T16:28:02.100Z,0,-8.70395085189557,-18.835482737017628,-1.9823531438305508,20.84379750322761,-0.012480978219986394,-0.0069514301799245,0.09915855424336151,0.0002684633221201272
2026-05-03T16:29:02.100Z,0,-10.063427231671085,-19.0254449000804,-5.845981670063338,22.302816480880864,-0.030263589160764437,-0.03212065733393388,-0.07925323955015884,0.003854947677514822
2026-05-03T16:30:02.100Z,0,-8.271085921819576,-18.714095040650136,-0.2817178292389144,20.46234542890719,0.044411853640159704,0.0023424146062822615,0.0011946300944032373,0.003429851152840802
2026-05-03T16:31:03.100Z,0,-8.427418557289457,-19.718738200026564,-1.0760114764707396,21.47109266987664,-0.015611550875621605,0.005546658200294985,-0.02578091043536901,0.00017726381281966204
2026-05-03T16:32:02.100Z,0,-8.944895289459964,-18.127655151602085,2.367093011343968,20.352546827342323,-0.016806393913326723,0.09155154832640733,0.13877519129712468,0.003474397225309647
2026-05-03T16:44:02.100Z,0,-6.912627725853326,-13.014113563258434,5.075018021216238,15.585486255785952,-0.0016863524883170555,-0.07420216257525425,0.010516521411041424,0.004954147928123137
2026-05-03T16:45:05.100Z,0,-4.898649219228446,-14.584110731448163,-1.4857198543722916,15.456403640105448,-0.09515303573182088,-0.4852953437746166,0.3927520943252105,0.003617223084976876
2026-05-03T16:46:02.100Z,0,-3.791152242769158,-10.69379289947392,-0.9038844395945489,11.381873702727226,0.02928480809560874,-0.14246219390168235,-0.02194155596679792,0.0038373850429186825
2026-05-03T16:57:08.100Z,1,4.490690939519482,-27.410031209910812,-13.60536540096291,30.92866120180901,0.05968118679144929,0.14953188810418183,-0.2251371295747262,0.003806712974818336
2026-05-03T16:58:03.100Z,1,4.224502307238254,-19.938417945922993,-18.87628750046133,27.779509710040564,-0.09412682051568311,-0.0633483551131242,0.055581112433422675,0.003601193850388338
2026-05-03T16:59:02.100Z,1,6.300824682284656,-19.931086117139785,-15.99104594288292,26.318475180624013,0.0318603679158036,0.023538241724629927,0.05367172032233469,0.003822242335996882
2026-05-03T17:00:02.100Z,0,5.4552755411805265,-19.411681903875433,-14.409372778573015,24.783128322294754,-0.021532495957155007,0.049530749380188865,2.6030475552829557e-06,0.00010626779116571335
2026-05-03T17:01:02.100Z,0,4.584454180758257,-18.20761924409453,-10.535824371800118,21.529937618739417,-0.0051957855125017716,0.003683242236540707,0.08240930814107372,0.0019156775205015567
2026-05-03T17:02:02.100Z,0,4.554074363795735,-16.50671305196738,-5.988376112327387,18.140336754141725,0.029938981781829632,0.10609453951282433,0.05833129444354768,0.004189125654567899
2026-05-03T17:03:03.100Z,0,4.671978711940028,-11.610219030444568,-0.6379460273819859,12.531222851484626,0.00414289123795708,0.13769684907405377,0.03393544357166434,0.000655753122558337
2026-05-03T17:04:02.100Z,0,4.429188617677937,-7.583953122775711,1.8718518658715766,8.97986003160373,-0.02718136990620401,0.10169472094467835,0.07333192946834544,0.0076396341782646775
2026-05-03T17:05:03.100Z,0,4.478006687122615,0.0009633004083298147,6.690235645692155,8.0505774831842,0.00643441118908239,0.10424222931604277,0.08686276243974334,0.0019844133932610582
2026-05-03T17:06:02.100Z,0,5.02709830357162,8.620764035185857,13.79334775811003,17.02485630718467,-0.02057486589201324,0.11553689066001738,0.08857133957285157,0.0019329851412972477
2026-05-03T17:07:02.100Z,0,5.891881614616068,17.210358804732095,15.33031440249033,23.78926772364952,-0.023771393516572314,0.13114059483321228,-0.029609865332069774,0.0021639009267319692
2026-05-03T17:08:02.100Z,0,6.507662179728868,21.32042178664051,16.550543736229884,27.763835292887528,0.03709291678166693,0.20444965056576336,-0.007343036822149429,0.0032946335059803058
2026-05-03T17:09:07.100Z,0,15.710909703784637,32.3010479878576,27.297300451209594,45.11466498554501,-0.04691535712048056,0.010428156941522104,0.18317453504534953,0.0009494497535324047
2026-05-03T17:10:02.100Z,0,9.691422578043785,45.752620337452754,16.82037239879719,49.70061233992526,0.019147738462677033,0.13919036495391168,-0.025685998776836527,0.005467568124211697
2026-05-03T17:11:02.100Z,0,11.853035204467233,54.18373425209211,16.605156923105824,57.897346549739645,0.13747495322213865,0.2006649405466021,-0.07420723505746629,0.0018010689481195816
2026-05-03T17:12:02.100Z,0,14.322799038609446,65.26647088639947,7.056860819830035,67.19117560287269,0.01948175230992444,0.2730706034004271,-0.19080274187022184,0.009095723683559515
2026-05-03T17:28:02.100Z,0,17.99298615560474,25.16207353437494,-39.62200711339392,50.26709602751003,-0.05557684071888502,0.008773467119915779,-0.09703857099374602,0.004029817929094269
2026-05-03T17:32:02.100Z,0,19.572933264043968,17.162421526336402,-54.782573515240074,60.652937193173564,0.024488229203978307,-0.04071032938934849,-0.14011932092916624,0.0001035911771826144
2026-05-03T17:33:02.100Z,0,18.40551436566784,14.423269933104166,-59.96676092809139,64.36463385147825,0.04503106021158665,-0.01600309909344233,-0.08984937918921077,0.0018827333756220618
2026-05-03T17:34:02.100Z,0,5.158414952802559,2.6611039183990215,-3.8338123861194617,6.9562084717019985,-0.04719869141522892,-0.04985835528614757,-0.041087067115697096,0.003942776959133944
2026-05-03T17:35:02.100Z,0,4.660243621628979,0.3505785443849163,-5.673562182437308,7.3505158843920215,-0.008390388470891352,-0.036179331951435856,-0.0046312930574998745,0.001355752323773478
2026-05-03T17:36:02.100Z,0,3.5422066121100215,1.2145137561674346,-7.429140793533406,8.319519473920236,-0.0006006613291198448,-0.007753851441583137,0.017030246016958017,0.0022965728300386244
2026-05-03T17:37:03.100Z,0,4.494882306516956,3.397923217562493,-8.87330070486314,10.511199481544155,0.03809615723460169,0.1185151707555343,0.017918986759291045,0.006743376982350138
2026-05-03T17:38:02.100Z,0,2.0977527203740465,0.4197698390271398,-8.571818693312139,8.834752339743826,0.010196617594493418,-0.021985215167052985,0.0004855889290666937,0.0037525078130497434
2026-05-03T17:39:02.100Z,0,1.7873624515232223,-2.1657818579114974,-9.48872852330851,9.895516387648609,-0.044731666906328016,-0.02980319278278465,-0.010737978278996252,0.005863873772478314
2026-05-03T17:40:02.100Z,0,3.1650810265091422,-5.269673290968058,-9.548924188266028,11.356458411457433,-0.07248042959839829,0.024493989223328683,0.004070797393396219,0.0011812290018112476
2026-05-03T17:41:02.100Z,0,-0.4828930964322353,-3.523678561577981,-12.618913794540276,13.110548489744625,-0.0385796336963562,0.007350399024774745,-0.019185186872050508,0.0003572360112169933
2026-05-03T17:42:02.100Z,0,0.12661159621529805,-2.7150182977493387,-12.82745573075772,13.112245245493197,-0.003601720968582356,-0.119000223188781,-0.022770842500463573,0.005040043755945612
2026-05-03T17:43:02.100Z,0,-1.1788926688041101,-3.9802069704819587,-12.581314148064848,13.248445234997575,0.017150299019275117,-0.11718618812883719,-0.035173040816793844,0.0036170562325051007
2026-05-03T17:44:02.100Z,0,-1.7671480213721225,-4.39679697228712,-11.291567338957975,12.245575883361921,0.01954703810358449,-0.06987339683783844,0.0105928858120663,0.0038226575181381475
2026-05-03T17:45:02.100Z,0,-2.1920647509432456,-5.987497425849142,-13.932759848557907,15.322436826251408,-0.013323843489898568,-0.07021594998146696,0.03540292138648482,0.00010391868267174601
2026-05-03T17:46:03.100Z,0,-11.346892126312014,-10.827505538145488,-12.43261142690244,20.013911761499248,-0.010057997639811855,-0.006977554878773162,0.055889066611136684,0.0019589674368656945
2026-05-03T17:47:02.100Z,0,-2.3706509814473975,-8.395533466682537,-14.404035696770734,16.839869732865203,0.04622773183565049,-0.040336242200567085,-0.014003924302841142,0.004195411518025573
2026-05-03T17:48:02.100Z,0,-4.8685669444239466,-5.999048582452815,-14.836118602033821,16.727281403760163,-0.012524231436272792,-0.03791727308932735,0.024125142632058783,0.0004586118601886272
2026-05-03T17:49:02.100Z,0,-5.104688726078166,-11.230835805690731,-13.975628731714096,18.641558902925663,0.011788758911890351,0.008353164310470618,-0.06839173069383975,0.007656677618706292
2026-05-03T17:50:02.100Z,1,-5.369381478431023,-9.467424645663414,-12.695925534899288,16.722706481605808,-0.03583788393979326,-0.02483213288506647,0.0589438542561993,0.0019441909681351965
2026-05-03T17:51:02.100Z,1,-6.205355211022834,-8.346954403350537,-13.038376067925128,16.678648973919437,0.02161081601759207,0.022547584517695896,-0.04137817500815544,0.0019340549558458148
2026-05-03T17:52:02.100Z,1,-6.71989614602353,-13.137134600583522,-10.435520800456288,18.07322340104129,-0.06944469343772575,0.05431570325242774,-0.06485055503357984,0.002158392646615727
2026-05-03T17:53:02.100Z,1,-7.567704929215324,-11.9213239322562,-12.044284299008723,18.559442515032675,-0.07305315191707962,0.04147833100631715,-0.05874601345023933,0.00329570920969834
2026-05-03T17:54:02.100Z,1,-8.948805840418572,-11.397705049603246,-14.178227013871947,20.273404440896183,-0.004660190553451571,-0.050190270378891455,-0.04079919846988744,0.0002667146308328049
2026-05-03T17:55:02.100Z,1,-8.78344764942085,-11.312043032830843,-10.758842239738442,17.912675861699547,-0.024501325078363223,0.1092638680777469,-0.09727386410718353,0.0054903478872174285
2026-05-03T17:56:02.100Z,1,-10.943418686338191,-11.439129389600566,-10.151896885872702,18.806198555739837,-0.013999771780515147,0.00036103752432126157,0.07614290395574486,0.0018039211483006359
2026-05-03T17:57:02.100Z,1,-9.941626504087253,-13.56344524197084,-9.435065225261496,19.28272387873794,-0.009829663371263564,-0.03363341256878982,0.03946777338681429,0.009101662934130696
2026-05-03T17:58:03.100Z,1,-11.031218280095345,-13.290737636680205,-6.213151214979007,18.35578196891575,0.06957621440006889,-0.026873084828515914,-0.014933125859428742,0.0003963646931856587
2026-05-03T17:59:02.100Z,1,-9.361704318052944,-12.661487321111053,-6.203082799402182,16.924331748625892,-0.007174310585611465,0.015646416080095094,0.03917262992625403,0.0038486409389976352
2026-05-03T18:00:02.100Z,0,-10.846777867755009,-12.430649693897067,-6.822889330578619,17.85288382144819,0.006719459145543283,0.011234714745178564,-0.0035787559664601787,0.003436852632896911
2026-05-03T18:01:02.100Z,0,-10.801457942307024,-13.735870107637993,-8.085089911219256,19.253942457736542,0.03173759287866673,-0.008265655429440244,0.01519719088960425,0.00012869947878688868
2026-05-03T18:02:05.100Z,0,-11.468435031588342,-11.958209667994879,-7.165031397562416,18.051633041515775,-0.005149723043995635,0.01788615917863723,0.0462478791433546,0.003245998747941859
2026-05-03T18:03:04.100Z,0,-11.50801696974213,-12.213187934094094,-6.243300243113481,17.90461426602191,0.02344307138191226,0.07723145388638386,-0.05592700824735841,0.001522807139647015
2026-05-03T18:18:03.100Z,0,-8.693309206364574,-11.378475573110336,1.319833515026403,14.380031009449132,0.06209672497625718,0.04825363039451247,-0.0512842197730734,0.0019248814449071428
2026-05-03T18:19:03.100Z,0,11.485305213227548,-2.5366399759150227,88.11978343055671,88.90131050809441,0.0012187671010188694,-0.11005364519967031,0.09213311532363377,0.004111696890020745
2026-05-03T18:20:02.100Z,0,-8.717059360151325,-7.960932791320374,-6.25731717036615,13.361047599903266,0.01703088555693455,0.1310263285909663,-0.11578734129180646,0.0013638877472935051
2026-05-03T18:21:04.100Z,0,-7.2820105356186104,-9.505649156380969,-7.016246146577032,13.878499678078452,0.024408479033510844,-0.022777646382143857,0.00911534590475327,0.0027794378199837775
2026-05-03T18:22:02.100Z,0,-4.839187419747759,-9.830677741774707,-6.1255140415141796,12.553162231838519,0.03370544511005491,0.06688932304443895,0.025156844706053505,0.006896284001820885
2026-05-03T18:23:02.100Z,0,-5.153050231456291,-7.888479419307259,-6.632271178659721,11.522545518418502,0.05437188294532547,0.04711403800994329,0.011156055564676137,0.003756973984629233
2026-05-03T18:24:02.100Z,0,-5.393071312937536,-10.270898163071251,-7.230138813156373,13.669362623038445,-0.030410561869143038,-0.0347503792630377,-0.00720366293460728,0.0058712201502620345
2026-05-03T18:25:02.100Z,0,-4.251375395597279,-11.133672600408318,-6.716630576192983,13.68013101634715,0.006200292992142309,-0.03622258366716563,-0.041874008691600295,0.0011868683346101018
2026-05-03T18:26:02.100Z,0,-4.855004330693191,-11.366260504473757,-7.086500315949706,14.247155211991092,-0.0385584842106379,-0.0689250120555207,0.02083196486513117,0.00035386751435943575
2026-05-03T18:27:02.100Z,0,-3.2266687940136762,-7.815660486812703,-5.965163415339703,10.34790389031007,-0.026825931462193253,0.03376112275688126,0.01328631100339095,0.005032080304347228
2026-05-03T18:28:03.100Z,0,-3.248911633363605,-8.98070951916452,-5.791748159026611,11.169284534230727,-0.08947164346562175,-0.23359326386862556,-0.029231443539501356,0.0036043954537305013
2026-05-03T18:29:02.100Z,0,-1.7430655652788118,-5.569356322666863,-6.437707349505217,8.689078393682703,-0.04382220359322453,-0.18805012794587128,0.008100224058615879,0.0038306007589636957
2026-05-03T18:30:02.100Z,0,-1.6501144300491433,-12.215881056363287,-7.791790113742536,14.582956517527155,-0.005824436390744481,-0.038044965981143264,-0.0007794893228663113,0.00011197640913025329
2026-05-03T18:31:02.100Z,0,-0.8256643595814239,-9.308020134085382,-8.430501661678136,12.585480472305365,-0.011650322984724237,-0.0546235678871021,0.005495146211842439,0.00191981180175478
2026-05-03T18:32:02.100Z,0,-2.4497267022525193,-11.435285576226306,-8.561325269965891,14.493557448181413,-0.007558407503018699,-0.02914419604449492,-0.004236387034062261,0.004182986524309974
2026-05-03T18:33:02.100Z,0,-0.8794648642833636,-12.635284900170518,-9.040335726695048,15.561219521854479,-0.00020344691470386422,-0.04620087882090118,-0.011912573569361484,0.0004650434876267616
2026-05-03T18:34:02.100Z,0,-1.3693785581381235,-13.00940719738719,-7.452523497249786,15.055230975975702,0.01695109138777351,0.2194169192581974,-0.11783627338957103,0.007650121571360199
2026-05-03T18:35:02.100Z,0,-3.4396102314531163,-14.845824121039186,-8.503895998273947,17.451236618836088,0.01569032438919482,0.01592706595676674,0.007934580345647646,0.0019367950242120478
2026-05-03T18:36:02.100Z,0,-1.8636902937032573,-15.03819628032943,-8.306004808218859,17.28034735619375,-0.00647226222105779,0.05282855874177983,0.026277299461696657,0.0019381655569286
2026-05-03T18:37:02.100Z,0,-0.29515558753701043,-15.471859023818979,-7.806780377904943,17.332378900272886,-0.00953437513140365,-0.038995101919958586,-0.010078803090785016,0.0021598162028911867
2026-05-03T18:38:02.100Z,0,-1.4935090907783888,-17.370794639646192,-8.455740170575154,19.37716743100696,-0.03655391779489037,-0.03544871284599793,0.01545477952547003,0.003289809586211787
2026-05-03T18:39:02.100Z,0,-1.4526464274240425,-16.80901138252011,-7.404358901112573,18.424917259984735,-0.019038901740930925,0.02434240664417331,0.009898660829676942,0.0002737561066721324
2026-05-03T18:40:03.100Z,0,-0.9473526793044584,-18.092856297698745,-6.885002500894188,19.381748774181386,-0.0020566345915185025,0.018536338883379244,-0.03018513694641456,0.005485326045531823
2026-05-03T18:41:02.100Z,0,-3.655131962204905,-20.015312759369408,-7.773126366373617,21.780592921776037,0.03751066467039266,-0.013946304937562104,0.01318811027850586,0.001802225046355629
2026-05-03T18:42:02.100Z,0,-1.6254910087809549,-20.224918376243295,-5.523224765966006,21.028446356321993,0.03061813978755268,0.02421097139038153,-0.026067111126959475,0.009095024355284951
2026-05-03T18:43:02.100Z,0,-1.873750135928276,-18.854272671433137,-6.11804779873637,19.910425570747215,0.006829626534976541,-0.015706977503526787,0.024964126159154887,0.00027040788844117503
2026-05-03T18:44:02.100Z,0,-2.0159978489573405,-20.22824878395113,-5.563671950767457,21.076070358778402,-0.00304416385876749,0.022530778774232374,-0.022431373443154712,0.003835167004400708
2026-05-03T18:45:02.100Z,0,-1.6301452453717502,-21.304173293174244,-5.1077787966278265,21.96849055947831,0.004508565774052897,0.025937601045633585,0.005932354220750113,0.0034198352648209
2026-05-03T18:46:02.100Z,0,-0.8903550544800964,-20.978972971988696,-4.809582776033494,21.541637021405514,-0.008981858975243284,0.03212561761056776,0.02999352619870166,0.0001287175439082076
2026-05-03T18:47:02.100Z,0,-2.30310871711481,-20.766815161209706,-3.7603035525535233,21.229809337581113,0.01700780944613456,0.008631697137495564,-0.029630361830346175,0.0034820137074931955
2026-05-03T18:48:02.100Z,0,-2.1233914517324592,-21.746067529079482,-2.373552089011355,21.97803434695254,0.004859820028624284,-0.020115778996299127,-0.022580476673805805,0.001668005624483209
2026-05-03T18:49:02.100Z,0,-1.274808685593598,-21.178070040605235,-2.2130625202407828,21.331512687761744,-0.04583329262652924,0.006000858601140635,0.012342967638079294,0.0019175071740109818
2026-05-03T18:50:02.100Z,1,-2.1619591483386102,-21.792465124690352,-1.8777067352857557,21.979794952493705,0.02400223031395754,-0.017734501240873612,-0.1080158893335681,0.0021569276546441344
2026-05-03T18:51:02.100Z,1,-2.2567260061805428,-21.255186049756958,1.1537199352460448,21.405765951391192,0.036205431047875436,0.008106064298907256,0.014595353014790202,0.003294989604282785
2026-05-03T18:52:02.100Z,1,-1.8227203169658424,-20.959896024805857,-0.38127180050651077,21.042455154054956,-0.007747464534801907,-0.015736755222484078,-0.013346362512933752,0.00027252533843208186
2026-05-03T18:53:02.100Z,1,-1.716734589194857,-20.970671830582432,-1.0220590302196797,21.065632184602844,-0.03792007394132213,-0.006088897680278649,0.09221078667831506,0.0055117486906142155
2026-05-03T18:54:02.100Z,1,0.10403243523171568,-19.584914467259296,-0.703888739735703,19.59783551301953,0.08235208017559614,0.03769864002034495,0.06853189410382932,0.0016429674485761417
2026-05-03T18:55:02.100Z,1,-2.021869541238175,-19.38172280370054,2.030808080235147,19.592430087664486,0.019591373063398976,-0.0012274795073707878,0.060795897536269905,0.0051528282173761075
2026-05-03T18:56:02.100Z,1,-2.7301386724047916,-18.698194808621338,3.325361390125181,19.18682294301611,0.0006297310086722518,-0.01961771576830529,-0.028593298867729544,0.00036291412459995946
2026-05-03T18:57:02.100Z,1,-1.520026420848808,-18.81520957704197,3.7667306078219553,19.248658426498015,0.017810590692945993,-0.03307981326461373,-0.05770023418838477,0.002985463896814719
2026-05-03T18:58:02.100Z,1,-1.680673453165582,-16.769861560078425,4.665773213673674,17.487777436878773,-0.0009963899323395253,0.007076928310922881,-0.04293180532410901,0.0040303040782249284
2026-05-03T18:59:02.100Z,1,-2.6392333822968794,-17.481572627275455,4.177950724624679,18.166623423914764,0.005316148108391872,0.020153749345830363,0.020766611146694203,0.004946842038200905
2026-05-03T19:00:04.100Z,0,-1.68730557697927,-16.797428145309823,4.012931121906149,17.352354554818053,-0.026527890780059238,-0.003029750246241747,0.039410657767469104,0.003601387641730862
2026-05-03T19:01:02.100Z,0,-2.2270350914368464,-15.7630758922096,5.153031957888743,16.73284151724008,-0.03233069184549464,0.046109863347965074,0.025785689525825717,0.003817497878237153
2026-05-03T19:02:02.100Z,0,-1.7903183897942654,-14.88222703756037,6.2902815707275295,16.255877822294398,0.0034956847683176306,-0.09739877177050715,-0.028093410191054602,9.674334623336905e-05
2026-05-03T19:03:03.100Z,0,-2.2442767744905723,-14.062331400964467,6.214700363671,15.537324199529388,-0.020395175376553,-0.014112969556112631,-0.007300027526468966,0.0019048923991506097
2026-05-03T19:04:02.100Z,0,-2.5040486520993,-13.14196735893347,5.6725617141637485,14.53132898658445,-0.0129203809140499,0.04555601805567022,0.014342048658022577,0.003947127096196744
2026-05-03T19:05:03.100Z,0,-2.184616025260766,-11.466664578620112,7.075565142713458,13.649929150921958,0.02780417956804726,0.058867791341565834,0.02408751687976718,0.0011514244041974477
2026-05-03T19:06:03.100Z,0,-2.4486319816787727,-12.21498737231741,5.394751422500121,13.575899896439314,-0.03488855628575038,0.03444443398414876,-0.015312206417483765,0.002529116263933896
2026-05-03T19:07:02.100Z,0,-3.8436610793723958,-10.370885019256093,5.684137863227079,12.435369307900926,-0.039303921664846087,0.04599393448234679,0.012014365394996673,0.006889553697014342
2026-05-03T19:08:02.100Z,0,-2.4870923411981494,-6.277920940192416,4.943372341585928,8.368682677250325,-0.03175460174853484,0.013760742338275733,-0.00234205705940127,0.003749747514738549
2026-05-03T19:09:02.100Z,0,0.1132957213485497,-8.096578683762345,4.905485711333313,9.467376213446151,-0.015692654679710927,0.018195918132679623,-0.04708118917129411,0.005866465186076199
2026-05-03T19:10:02.100Z,0,-3.645604981102224,-7.955557909554045,1.7536578629915311,8.925057603788186,0.04651071001759988,0.09719980069200496,-0.008634129838647198,0.0011831024020530173
2026-05-03T19:11:02.100Z,0,-3.2205464171966014,-7.178782285336638,2.354139507815489,8.212722273877203,-0.029942396523541248,-0.028217433991395424,-0.015267365279569844,0.00035230445610255254
2026-05-03T19:12:03.100Z,0,-0.9291332944485475,-5.5101092666518525,2.8743819661940506,6.283841539765067,0.011590029838970395,0.029369593787881287,0.0010054345960242017,0.004841827984169721
2026-05-03T19:13:02.100Z,0,-0.7232037951325765,-3.321163974760566,2.2170238195258207,4.058121300908392,-0.00483189686928398,0.0066180521298975226,0.03920960182934863,0.003618079177592407
2026-05-03T19:14:02.100Z,0,2.9049145441604196,-2.4443447482553893,3.57957955850452,5.217924833960513,0.03231623740451717,0.033866497010537344,0.032758730950099846,0.0038302399027867616
2026-05-03T19:15:02.100Z,0,-1.0801524440466892,-2.0831395941058872,1.8577474484828826,2.9928958306724174,-0.029920027885710354,0.012192904137009464,0.021618714296067765,0.00010974542766307048
2026-05-03T19:16:03.100Z,0,-1.606327084118675,-3.1716744670120534,-0.08462822586352559,3.5562575219579085,-0.030010328222807026,-0.008760193664913984,0.009304972374835074,0.0019647676908262327
2026-05-03T19:17:03.100Z,0,-1.6927859924180666,-1.4667109044239623,-0.7602521469607382,2.3653220965106185,0.07358363789272682,0.07407754016375279,-0.04883385787035621,0.004467373817776378
2026-05-03T19:18:03.100Z,0,-3.404525150472182,-1.7094982804337633,-1.1973760560977098,3.9933551420728572,-0.0444284630395364,-0.06503332233931403,-0.0023547879290930496,0.0006616910255630284
2026-05-03T19:19:02.100Z,0,-4.263308413101186,0.24643198867124738,-2.1610423261790856,4.786087262660109,0.0255336769476866,0.028887666538413015,0.008356990440994139,0.007658495658003474
2026-05-03T19:20:03.100Z,0,-4.322504571973695,-0.43222582553426037,-2.8603828927771247,5.201216706914288,-0.03899996749090473,0.05970910059449608,0.006360345380151955,0.001971413300777588
2026-05-03T19:21:02.100Z,0,-3.4814321206795285,-0.8802201464277459,-3.972476482431375,5.3549721306974885,0.01801497108211425,0.032403247392842616,-0.02187026904643119,0.001939639990675698
2026-05-03T19:22:02.100Z,0,-7.77377604481444,-1.2905577659694245,-4.224367395636364,8.941052132470226,0.07089926598591312,0.05844688584488722,-0.013419019348148709,0.002160395961354248
2026-05-03T19:23:02.100Z,0,-7.108502817573026,-2.461397025399492,-3.2903282508414122,8.210697145941642,-0.0019927043795053834,-0.039943856775082054,0.0386077838339105,0.0032927661848562114
2026-05-03T19:24:02.100Z,0,-7.54363466421637,-2.9085566147841746,-3.942210809327662,8.994840276166746,-0.04357494803608475,-0.017479525221020253,-0.0005275836567619763,0.0002739210609501188
2026-05-03T19:25:02.100Z,0,-9.048985384652042,-2.312423686362308,-4.242494399477437,10.258177154177691,0.018764666770199057,0.04363162516529684,-0.0053634471628427605,0.005483822835577339
2026-05-03T19:26:03.100Z,0,-10.385052164110675,-2.245690171548631,-4.0940333374237525,11.386550916139049,-0.0009275786303497568,0.005460686423042205,0.008258845684672167,0.0018072393917610242
2026-05-03T19:27:02.100Z,0,-9.08170700949995,-2.019125645801978,-4.616751791218121,10.385984194174933,-0.015302835314923158,0.019412602426882586,-0.04545781026177309,0.00911021472547885
2026-05-03T19:28:02.100Z,0,-10.13414595172435,-1.8460103142388107,-4.626947000360815,11.29235612240754,-0.012037100888040442,0.04172744045582988,-0.01586647538420749,0.00026849978053176157
2026-05-03T19:29:02.100Z,0,-6.079306690480735,-2.164932228424732,-5.8736197106554755,8.726070701982445,-0.03579625437399869,0.013555566922285323,0.03984291500991333,0.0038498677443618164
2026-05-03T19:30:02.100Z,0,-9.51062892590926,-0.27135277014167514,-4.839513392653316,10.674576561619494,-0.022650225849574213,-0.042557062783110666,0.06354804998220942,0.003431395941958217
2026-05-03T19:31:02.100Z,0,-11.817351707122725,-0.5572982845478691,-5.761230378993787,13.15872935460097,-0.04013153892312715,0.06737819176727555,-0.02366475742832108,0.00012358142083953707
2026-05-03T19:32:02.100Z,0,-10.380724112110329,-1.6655005274515133,-5.0896782595373224,11.68067420504043,-0.019475891779308085,-0.02527997275780791,0.07705547608161112,0.003476716629894426
2026-05-03T19:33:03.100Z,0,-11.218839115372248,-0.8123413176690519,-5.239753917521739,12.408757819749045,-0.015388993163334419,0.0007436140636585264,-0.0073939591853644515,0.0016057529760046213
2026-05-03T19:34:02.100Z,0,-11.628233041847125,-0.7321128379089714,-7.506184289013618,13.85981945999194,-0.025936588592401222,0.029788790505413942,0.047106221837012185,0.0019291205089571575
2026-05-03T19:35:02.100Z,0,-11.42297656883784,0.7189565644694085,-6.238363319425844,13.035277869649338,0.009462495382805969,0.05107368586720895,0.00838471679553976,0.0021766459302169994
2026-05-03T19:36:02.100Z,0,-13.923629504688506,-3.534834479978599,-5.226517415394483,15.286562650841415,-0.04231951093736086,0.011690930517005427,-0.0012387276298042593,0.0033079635929602427
2026-05-03T19:37:02.100Z,0,-12.165223501824585,-0.7862294052003449,-5.721183018067677,13.466356398565013,-0.00966377044875344,-0.0012496128771743997,0.008419291952055374,0.0002837206565544386
2026-05-03T19:38:02.100Z,0,-12.039018485438646,-0.0159983514436135,-2.953788403829094,12.39609164110114,-0.03411356542315502,-0.006475115267079445,0.05760143978578158,0.005509377441049369
2026-05-03T19:39:03.100Z,0,-11.807145396574015,0.24103919645313,-0.09931372096616542,11.810023095880798,-0.06815612863686482,-0.01931042217417911,-0.04984667746939231,0.0015719258100787377
2026-05-03T19:40:02.100Z,0,-11.662211318366644,-0.695556885489168,1.3445374970615376,11.76004903459994,-0.011136903371955498,0.0006326381711829754,-0.008039396652392838,0.005178350661575286
2026-05-03T20:24:02.100Z,0,-13.277021006615541,-15.58896923985742,-4.48898525974073,20.962973010369993,0.010239952596968749,-0.00174180341971919,-0.042560662947499495,0.0016394278909645577
2026-05-03T20:25:02.100Z,0,-12.788603472245086,-15.927527005999309,-3.725214392943599,20.763229940704083,0.012149974411457265,0.009925214498274215,-0.0843906793672744,0.005154860509373681
2026-05-03T20:26:02.100Z,0,-13.03949021473727,-15.063562482851012,-2.9134969072401873,20.135234887219063,-0.061701696671079276,0.07568351146947094,-0.014209707892454126,0.0003677926026611686
2026-05-03T20:27:02.100Z,0,-12.477781055622472,-15.06761756013475,-4.903728558929288,20.16865570111679,-0.031979029662565495,0.0038048493538056505,-0.051669404750667725,0.002987885760338893
2026-05-03T20:28:02.100Z,0,-13.15876063446808,-14.405478303956443,-2.1369714913817006,19.627466310147234,-0.0011760133444838061,-0.0010891693786874157,-0.0025491417827705476,0.004028660071139965
2026-05-03T20:29:03.100Z,0,-13.174025902202402,-14.302192925924828,-2.011621524616203,19.54876727879723,0.020556183783604354,0.011284796085586635,-0.020473678742249923,0.004714772174394072
2026-05-03T20:30:02.100Z,0,-13.496367813900179,-14.364045156526117,-1.7850100302894134,19.790502728203645,0.01547995883832698,-0.014678350263253037,-0.11670324802137699,0.0036176050562661544
2026-05-03T20:31:02.100Z,0,-13.760060719505418,-12.204771030155825,-0.4652713250834495,18.398700614688845,-0.06603288977569122,0.04857951768366675,-0.009412699670363622,0.0038123242582516702
2026-05-03T20:32:02.100Z,0,-13.004763278104292,-11.261567563906283,2.2064809727453394,17.344028661157225,-0.015226816856284131,0.01738980292964598,0.0657389513980533,9.78969969188308e-05
2026-05-03T20:33:02.100Z,0,-12.945633579420246,-12.113618288822181,0.8221256775868824,17.748382107945726,0.011903647958000363,0.050247722836349595,0.03216202244082922,0.0018737835769027254
2026-05-03T20:34:02.100Z,0,-10.635168978751608,-12.234696519044519,0.8819693903205916,16.23491571044282,0.0030149307992388685,0.02805912394032717,-0.05007233591225457,0.003950444383531712
2026-05-03T20:35:02.100Z,0,-12.095657793906867,-10.830395395259984,3.152401286570239,16.539045793410764,0.011221172235842403,-0.017277876004584414,-0.010748148401962254,0.0013586886594625157
2026-05-03T20:36:02.100Z,0,-11.318990900690551,-9.916285649069323,2.924091120803496,15.329794028838597,-0.004938843887636324,0.028324067675278286,0.02058340680299864,0.0022849491029890826
2026-05-03T20:37:02.100Z,0,-9.980700880532822,-9.485007735747786,1.7190148182635312,13.875690028221069,0.050203695487027744,0.056072287537123344,0.037482502522223626,0.006879829988534779
2026-05-03T20:38:02.100Z,0,-10.922156248398096,-8.61963406759969,1.5275887226380291,13.997325311618562,-0.09965016237956092,0.007161360832341757,-0.07333750795002203,0.0037471463813343207
2026-05-03T20:39:02.100Z,0,-9.68546963395056,-8.459704667529877,2.4532098632334964,13.091721190319907,0.012748598607892347,0.05120200473607284,-0.02309828266877645,0.005865906429299016
2026-05-03T20:40:02.100Z,0,-8.775257144407078,-7.354160930390208,1.8827612166205654,11.60317244288629,-0.03586718013348644,0.02632955032333406,-0.012879654638808802,0.001184894936543236
2026-05-03T20:41:02.100Z,0,-8.380770645999291,-6.360357307130471,1.433562589227222,10.618218466034838,-0.036214937424006166,-0.012062041491178732,0.004542386765393758,0.0003520257992308169
2026-05-03T20:42:02.100Z,0,-7.543077219452243,-6.431850945773476,1.656077007737622,10.050338879004217,-0.1067967969525796,0.0480840755257006,-0.1268908942186897,0.0050278796109544275
2026-05-03T20:43:02.100Z,0,-8.045527320064139,-6.959530096537492,1.0801426574289508,10.692627234824343,-0.039592663462428845,-0.05274992970527581,-0.0262813416691543,0.003614986413037869
2026-05-03T20:44:03.100Z,0,-8.322169811435742,-5.206778344927443,-0.16734907103455043,9.818200283919346,-0.04749825428751464,-0.004348053428970822,0.0027825172423945332,0.003930100440861663
2026-05-03T20:45:02.100Z,0,-7.540091728515108,-6.984038112022972,0.5387610890466021,10.291745971198571,-0.10708663486580505,-0.05497822791833418,0.0036422525022672403,0.00010856090048091117
2026-05-03T20:46:02.100Z,0,-6.837932854978135,-4.97572184258388,-1.1826179797935765,8.538953031261315,-0.10142477663732663,-0.0025400566779328407,0.000635537125148744,0.0019198815636472465
2026-05-03T20:47:02.100Z,0,-8.711881948329392,-4.555218341465661,-0.8158119976542366,9.864707316264852,-0.05659268882496349,-0.030237743083916246,-0.03191364307131295,0.0041868043782597245
2026-05-03T20:48:02.100Z,0,-7.7123399159972905,-5.242498853476718,-0.9140525112343312,9.370137309660066,-0.14707990340090404,-0.11975779906403528,-0.015769874295301634,0.00046060281774040355
2026-05-03T20:49:03.100Z,0,-6.124554523012193,-3.9107613342821423,-3.3305771569303033,7.993557813472753,-0.000450015162023476,-0.021785464950019318,-0.022559880588524095,0.007849694795038012
2026-05-03T20:53:02.100Z,1,-6.196286569320364,-2.8860310558229685,-6.832335138710732,9.66457169004276,-0.08172392207930756,-0.021828703469228827,-0.03877549371456013,0.003291256458693225
2026-05-03T20:54:04.100Z,1,-6.262121097279305,-2.3119237871469522,-8.19186780677228,10.567206366783918,-0.021009739817889894,0.02008857188129376,-0.007356738665365015,0.0005538130930680239
2026-05-03T20:55:02.100Z,1,-5.5174017488752725,-1.317060837209283,-9.636139793656184,11.181751268485925,-0.09154308210057582,-0.1454424182085745,0.0275543136805112,0.005481340627772596
2026-05-03T20:56:02.100Z,1,-6.645557797128276,-1.9202567023057782,-11.571866207304993,13.481799277451431,-0.027031903460095208,-0.04746646227138385,0.03734616169914773,0.0018129160364627874
2026-05-03T20:57:02.100Z,1,-6.379832663697016,-1.4872708543407498,-11.461806884653924,13.201789896527172,-0.07621344719077605,-0.008002969816622851,-0.010462994114668334,0.009122141378428749
2026-05-03T20:58:02.100Z,1,-7.752705216262257,-0.6749212138856819,-14.05320464664328,16.06401312423671,0.0008457517832738404,-0.050132941353808746,-0.034388753782366166,0.00026836308821818734
2026-05-03T20:59:02.100Z,1,-10.392013832642988,-2.672078093382879,-12.039927435580466,16.127424019012555,-0.05197573161463964,-0.06192824075812453,0.03471434613633306,0.003831920748086612
2026-05-03T21:00:02.100Z,0,-12.789533061550173,-3.1503279701610154,-11.90001337636204,17.751254620720736,0.0375429693102447,-0.03630634938955879,0.006055904668400558,0.003412188632562151
2026-05-03T21:01:02.100Z,0,-12.99796249531937,-2.7537193529951765,-12.478948390253208,18.227840031978342,-0.02893455452568361,-0.004141279612568383,0.05497372633644915,0.00012568521617839197
2026-05-03T21:02:02.100Z,0,-14.20649982719624,-3.1932847182361,-11.950455595069798,18.837067010593287,-0.04871863820188338,-0.008182818012958393,0.012992964071756319,0.0034984432713192517
2026-05-03T21:06:02.100Z,0,-16.145373739163915,-2.9117846934241243,-11.322489118356316,19.933648514846446,-0.03881671732397507,0.02983725851413155,0.019172068180139945,0.003294996388935973
2026-05-03T21:07:02.100Z,0,-17.857004092547868,-3.151488491312193,-11.510559242196905,21.477836225753027,-0.045828537726499974,-0.05062470461725255,0.02365438272633469,0.00028052183151650387
2026-05-03T21:08:02.100Z,0,-19.115539985250507,-5.156555036592181,-10.392625526037591,22.36069305941932,-0.032384141872121575,-0.02973774431502818,0.05362586534740643,0.005519719515258525
2026-05-03T21:09:02.100Z,0,-18.83639095012768,-3.6305779416920814,-9.807914438169973,21.544974027443526,-0.02303480295662297,-0.04718569334638545,0.03886819987508616,0.0016479985075198854
2026-05-03T21:10:02.100Z,0,-19.720638587841677,-2.323104579261326,-9.835871831455734,22.159530136789442,-0.069444142037689,-0.0847427520427324,0.21684554055578786,0.005171255457154381
2026-05-03T21:11:02.100Z,0,-20.755072350766568,-4.973239123600592,-9.470258889450633,23.3493455818206,0.05816857434748357,0.020176787512315997,-0.012109719170094735,0.0003709754412489067
2026-05-03T21:12:03.100Z,0,-20.37333601128921,-3.8614334462749866,-9.57425587967009,22.83965551706729,-0.008912322400078665,0.01521787986336065,0.04503736188898877,0.0026839627206039344
2026-05-03T21:13:02.100Z,0,-21.330465846403968,-3.600989448841574,-9.713623816423933,23.713084697741724,0.004247615266628202,-0.0012285390980082411,0.01799695646043098,0.004028381829677188
2026-05-03T21:14:02.100Z,0,-22.35044006647513,-5.2059611026606945,-6.29433071026142,23.796277046161087,0.008440017322364213,0.031728158778498994,0.02468665681776283,0.004947957596805391
2026-05-03T21:15:02.100Z,0,-21.215337848047966,-3.913345772730281,-9.093155349546578,23.411328654195387,0.00011684156397961942,0.0061280535841312656,-0.058768454432311934,0.0036332714499027344
2026-05-03T21:16:02.100Z,0,-22.89200998012575,-3.8555358664780215,-6.085577588237356,23.998823561381755,-0.06500022247024617,-0.01994213066858208,0.05370992168646227,0.003833331735493661
2026-05-03T21:35:20.100Z,0,-59.91742100832198,-5.086884466436459,36.31503294150207,70.24781385499308,0.45303154980835814,0.1022427599357556,-0.26972912394906956,0.0003161581191192708
2026-05-03T21:36:51.100Z,0,-29.17351033374871,-23.965396719631826,-8.747545488631658,38.755044796753396,-0.12436272107163582,-0.049439563914122076,-0.03110363703928698,0.0016126871444423364
2026-05-03T21:37:02.100Z,0,-15.460879979400488,-10.378730294632987,0.39680926556684426,18.6256358242987,-0.30998393971337634,0.09708883751757824,-0.17246315185204253,0.0021662408019209926
2026-05-03T21:38:02.100Z,0,187.02212579864863,-77.81686852467828,-25.46917631184442,204.1602789654159,0.044428092990100865,0.04734202417466804,0.3835406639289829,0.0032859688396074827
2026-05-03T21:39:02.100Z,0,-10.431340748255025,-3.6461154786593397,2.624200026076551,11.357528501693714,-0.054466205365866216,0.0029101696428224244,-0.014096866504331729,0.00028284401886192535
2026-05-03T21:40:02.100Z,0,-7.792899315973045,-4.467551206062126,2.0682070808391018,9.217688108029764,0.032865796569719885,0.01636585166453486,-0.04247908403609557,0.005486168425678958
2026-05-03T21:41:02.100Z,0,-14.079174573453201,-12.255923875727603,9.072147662664065,20.754148740205707,-0.10055900614563962,-0.06319450141112348,-0.014289203853046217,0.0018173355410401517
2026-05-03T21:42:02.100Z,0,-8.402568815654377,-3.82441319584359,3.012880151572972,9.711166037201318,0.014805627561287338,-0.019886405523639183,0.006881844575090668,0.009113685811909533
2026-05-03T21:43:02.100Z,0,-8.083600613645103,-4.344041954027489,1.6385823182645254,9.322030432958455,0.06605237869927727,0.0043583250941559015,-0.029018798146651648,0.0002769704676266944
2026-05-03T21:44:02.100Z,0,-6.355241979690618,-5.473017454960427,1.2862361998031702,8.485129595027264,0.07865169949416995,-0.010326064987298267,-0.06228093233495713,0.0038325889793547493
2026-05-03T21:45:02.100Z,0,-10.776922965305857,-6.2838819180797145,2.879777905945957,12.803216835939336,0.015311899560277453,-0.01811811799212748,0.017342446433588066,0.003424758527125752
2026-05-03T21:46:02.100Z,0,-7.798169453053561,-5.711514207860091,4.478945567825576,10.653346646226703,0.0059843546202920095,-0.043532260267209466,-0.05902065659224576,0.00013354482511133986
2026-05-03T21:47:02.100Z,0,-5.452886835882964,-5.878140236518448,0.3760412851079309,8.026700102360152,-0.008572185821620337,0.02396822955130773,-0.028830415199188053,0.003486150500225995
2026-05-03T21:48:05.100Z,0,-4.902890039375052,-6.241816675469636,-0.8938971454881539,7.98734362946066,-0.0017051283012214924,-0.019249625642814294,0.03630584875580212,0.0014291385809116347
2026-05-03T21:49:02.100Z,0,-6.766080134184449,-6.423388381449513,0.03966653093812056,9.329594423919119,0.03364277515194303,-0.013853537707664287,-0.05691055862033778,0.001918147501699755
2026-05-03T21:50:02.100Z,1,-3.9406845116900513,-7.047904806654515,-1.1466672012829804,8.155783362426678,-0.08486065857926661,0.07493945584524653,0.032722019661868273,0.002165247105142741
2026-05-03T21:51:02.100Z,1,-6.1011677998976666,-7.065161045886725,-1.648924131586682,9.479435632913608,0.17546406232060718,0.05818955303737994,-0.17017647359551802,0.0033039062385544554
2026-05-03T21:52:02.100Z,1,-6.527811552587082,-7.327424564948615,-1.0796741480589844,9.872647602699523,0.03215934887812466,0.014772112653993474,-0.02572826013214069,0.0002755884088592179
2026-05-03T21:53:02.100Z,1,-6.538964005812886,-7.131554441059507,-0.972108844507602,9.724305354146484,-0.059664204299814116,-0.05603247159902125,0.04790696091028224,0.005506580170333462
2026-05-03T21:54:02.100Z,1,-6.651641066127922,-7.541576748835155,-0.7170441358539392,10.081362061940487,0.014182217552338727,0.008299902267250303,0.009561745125452603,0.0016393023036018878
2026-05-03T21:55:03.100Z,1,-6.5483122743899,-8.085344840488062,-0.7318656562347314,10.430188021857912,0.007311486236893927,-0.006709337274202198,-0.01528694207220127,0.0050166185090427745
2026-05-03T21:56:02.100Z,1,-10.32256821054034,-8.050268133786176,3.2139715767698362,13.479311732555024,0.004742617837116825,-0.0041778777073453455,0.027159187983016864,0.0003697210833590925
2026-05-03T21:57:04.100Z,1,-7.36245201278507,-7.31494737635785,-0.09683171538199531,10.37899470760783,0.019005293713014737,-0.007945325387836988,0.05834330413501121,0.0023707490117421516
2026-05-03T21:58:02.100Z,1,-6.975520818741643,-7.710981382160753,1.1000445465469966,10.455965884274661,-0.0010801705316865196,0.04219513688341614,0.05328784273350706,0.0040261090331069746
2026-05-03T21:59:03.100Z,1,-3.299198461263586,-7.633954086543326,8.55895256245276,11.933885974340974,-0.03318943146357611,0.08329951317942452,-0.1509950809417404,0.004713192823812767
2026-05-03T22:00:02.100Z,0,-7.216353137209808,-8.474258818523595,0.7490132475140854,11.155708671760586,-0.01119527186688174,0.020680912075299318,0.08337272953817809,0.0036198488767085974
2026-05-03T22:01:03.100Z,0,-7.198227928256529,-8.066025379321218,1.2001719569525449,10.877300375242084,0.01386199697250845,0.05210194683069602,0.07718814247770212,0.003915045831480994
2026-05-03T22:02:02.100Z,0,-6.102167540802839,-7.101637103119174,1.0050270748251933,9.41699408843174,-0.02019648532947116,0.012641150187064909,0.04673671704069626,9.888912266551267e-05
2026-05-03T22:03:02.100Z,0,-8.392818134097979,-9.205762324654643,-2.4129786406774656,12.688889712281386,-0.033517736685695354,-0.004067239647298493,0.10091948943763418,0.0018745107875212702
2026-05-03T22:04:02.100Z,0,-4.980030631898558,-6.7738879135959,0.7237284580696723,8.438604472401137,-0.0318039690538896,0.07232148763391955,-0.06726744402169027,0.003948063247763173
2026-05-03T22:05:02.100Z,0,-5.843725146974066,-6.315892709949367,1.7446082338210545,8.779708549062711,0.002033876725704431,0.017438711687356445,-0.0040113978084788116,0.0013564469852443157
2026-05-03T22:06:02.100Z,0,-6.876795537891667,-7.127659901925654,2.55178000406886,10.227679782660935,0.012230019448722373,0.020977242743747126,0.027991224945900228,0.0022810681512863192
2026-05-03T22:07:02.100Z,0,-5.326800546072263,-7.278028700739014,0.4460674335859949,9.030142965741051,0.03135593761260935,0.016561697381289875,0.0382939850291919,0.006873914329632942
2026-05-03T22:08:02.100Z,0,-5.5293004202212614,-6.19654892602739,3.963869774452178,9.202317388491107,0.014776484384526611,-0.043146286405226775,0.0703901851699662,0.0037446436578949965
2026-05-03T22:09:02.100Z,0,-5.580472065048525,-6.962506617355757,1.6723880953577464,9.07827344856961,-0.013683189654223327,-0.04321377814464622,-0.03743767460751002,0.005868021689861965
2026-05-03T22:10:02.100Z,0,-4.852371098877484,-6.084830794634399,-1.5848939410716412,7.942453014339977,0.023779498324216775,0.02026426633655598,0.003992820162945776,0.0011897957493662058
2026-05-03T22:11:02.100Z,0,-3.1344985623036337,-4.4405160592759785,-0.12600332956935745,5.436831885283375,0.04873313730779927,0.01427868973497004,0.07825680893214226,0.00035198913807330245
2026-05-03T22:12:02.100Z,0,-5.393120976805221,-5.086857036531001,-0.9232188895111904,7.4708902748274735,-0.0230559594829316,0.012681770523256808,0.0006075519336512514,0.005018181493797086
2026-05-03T22:13:02.100Z,0,-3.6245004994270857,-5.165187957572925,1.343938186437299,6.451537828794615,0.011551271207110858,-0.010164642952045777,-0.020512083300339157,0.0036063271507290073
2026-05-03T22:14:02.100Z,0,-3.4785869502229616,-4.272306904795187,-3.2320122672899743,6.387415498848888,-0.07514443328826559,0.014890610710471819,-0.02793546239310274,0.003824832400198601
2026-05-03T22:15:03.100Z,0,-3.1865265054875636,-4.581432008990305,-0.7647075299246353,5.632783328825916,0.02215040132380608,-0.0020254293919830246,-0.0015461782831849291,0.00018791218293125737
2026-05-03T22:16:02.100Z,0,-2.768232023299788,-4.134160472176518,-2.187504946050467,5.435031668125261,-0.018337093308673502,0.027596455092648853,0.013532705140484325,0.0019125446699279976
2026-05-03T22:17:04.100Z,0,-1.9974557299065054,-3.2660046297223744,-2.7834614556923043,4.733315255677466,0.0009383672212592842,0.055402488619682444,-0.07711833392143319,0.0047510593765118375
2026-05-03T22:18:02.100Z,0,-2.7234107910771854,-3.7799511337652802,-3.480882927760831,5.815629189295506,0.0019362684895440907,0.03713878532141113,-0.08503979984109122,0.0004662609579403482
2026-05-03T22:19:02.100Z,0,-3.4924550009236555,-3.0563825075660134,-4.54827885459963,6.498119459138181,0.08081534781378963,0.07269468967185944,0.0010113432820091361,0.007643335269730094
2026-05-03T22:20:02.100Z,0,-2.9699967926717363,-1.4135722581158916,-5.132252156727191,6.095824774189802,0.04297034882316808,0.01777923192891606,-0.06207528697643738,0.0019389560727270227
2026-05-03T22:21:02.100Z,0,-4.551144140350516,-2.7491736968840996,-5.704243601940107,7.798029499313327,0.1755257733546678,0.05056095413191741,0.003962436315951834,0.0019422951694543856
2026-05-03T22:22:02.100Z,0,-2.386037576798117,-1.5159068771026796,-6.800526371534943,7.36466617762693,-0.07617276190607924,-0.0054201380603746685,-0.03081121816794763,0.0021676987448254604
2026-05-03T22:23:03.100Z,0,-3.7589504954667063,0.1681201092651463,-6.322606065623404,7.357534958093408,-0.09162899434622673,0.028183276563176207,0.011823652367404236,0.0031554246958100628
2026-05-03T22:24:03.100Z,0,-1.466634718781279,-1.4086291924968464,-4.9876454040713725,5.386265893644988,0.09641392614279098,-0.001904130584540198,0.040389805652907285,0.00041532319630442453
2026-05-03T22:25:02.100Z,0,-1.9331559487909544,-0.28728118365961564,-7.90706910447625,8.14502082402455,-0.026437414715196894,0.004723481319413025,0.013678052354748615,0.005472475186890227
2026-05-03T22:26:02.100Z,0,-2.994175076310057,-1.026373984473139,-8.726418451942664,9.282720880324097,-0.09588403829385861,0.006091748200987013,-0.0035092271337688885,0.0018031723109112876
2026-05-03T22:27:04.100Z,0,-1.133709186433407,-0.027784663245711272,-8.395116019471516,8.471365975290079,-0.059358744632920235,-0.025856823345105084,-0.011737693029978402,0.009160485008162073
2026-05-03T22:28:02.100Z,0,-0.6013580386934336,0.8682928548182645,-10.57722783720294,10.629831263596355,-0.04133668173306182,0.013517497991388794,-0.008398478653859343,0.0002620932653535894
2026-05-03T22:29:03.100Z,0,1.8778826888592448,0.7399264229093205,-12.726544447332344,12.88560701225838,0.032041814374383915,-0.015628011603929792,0.0049107239359358346,0.003947992539175916
2026-05-03T22:30:02.100Z,0,-2.1664061887349817,0.9569520772458873,-12.332190231632012,12.557547091764954,0.0016711717496509237,0.013063701286952778,-0.02266222004365659,0.0034185083017958125
2026-05-03T22:31:02.100Z,0,-4.946019847011485,0.5207534825331095,-14.314975466049873,15.154300350402576,0.05379862985233075,0.028696429610564067,-0.00418807673430166,0.00012118911318397044
2026-05-03T22:32:03.100Z,0,-3.614054731770011,0.7048385355616915,-16.000301863186905,16.418521513173598,0.0601499144015083,0.049375963182551885,-0.04512546276913554,0.003423203593638959
2026-05-03T22:33:02.100Z,0,-5.389189062043442,1.668359652725826,-15.034059183562931,16.057699655061587,-0.024226177528952064,-0.015590423627198646,-0.028073825697916277,0.0016641456440434606
2026-05-03T22:34:02.100Z,0,-6.602932659916405,1.9909170094365436,-15.410840263029968,16.8836153670498,0.12940628006985477,0.03625919561134339,0.030857945879425586,0.0019291770492779973
2026-05-03T22:35:02.100Z,0,-8.624320887975045,1.5458622351331996,-14.985889174568001,17.35930514684295,0.14338142712011503,0.044430648529880656,-0.02928444260330565,0.002162455084497509
2026-05-03T22:36:03.100Z,0,-8.1403588737885,2.2194973227556147,-17.06223784321992,19.03448373816302,-0.023302775085110028,-0.008062766442273883,0.03619719789060838,0.0031565788540956524
2026-05-03T22:37:02.100Z,0,-10.320488466277311,2.7695097571722727,-17.981380601668207,20.9168046034686,-0.050243159365415124,-0.09369501541867109,0.1502110015492164,0.0002809349814959435
2026-05-03T22:38:02.100Z,0,-14.444684855334344,4.062359383851799,-13.466782732393767,20.161992002155767,0.016600487927398433,-0.041978593715574775,-0.05842334662986559,0.0055202832706929645
2026-05-03T22:39:02.100Z,0,-12.003019855001185,2.658713711184646,-17.216110450135602,21.155039665972318,0.02300569197988267,-0.010466567194944432,0.048636120021150475,0.0016488612682895975
2026-05-03T22:40:02.100Z,0,-13.589636991127918,3.973538240416019,-15.909058383840602,21.29707440845173,-0.019596391191534224,0.0026136922182118383,0.04497593863739269,0.005170555339421127
2026-05-03T22:41:02.100Z,0,-12.772249354384257,3.3744582827921477,-15.792092982337635,20.589014620318068,-0.008078384918341897,0.012358701406478545,-0.08035661546657025,0.00036943581357484014
2026-05-03T22:42:02.100Z,0,-13.898943512685946,3.416962963228798,-14.96990064970305,20.711209335113484,0.12132344849202781,0.0009433156619165217,-0.027041712120201566,0.0029920237805055316
2026-05-03T22:43:02.100Z,0,-16.625645633666863,4.977105216084965,-14.954050918277062,22.908673203279786,-0.0119748801559183,0.0071385731803541574,0.037293861852916166,0.0040323667504766686
2026-05-03T22:44:02.100Z,0,-19.235564815971884,7.787284292703589,-13.245788159110816,24.619091258632675,-0.11437577067763272,0.15176700565766588,0.08191031407944749,0.004948888000876816
2026-05-03T22:45:02.100Z,0,-16.758046044742514,4.446366515367117,-15.252122792844602,23.091763295917833,-0.05621171792924429,-0.05092130981620979,0.0758984549222852,0.003628015420012803
2026-05-03T22:46:03.100Z,0,-18.03330818484028,5.456648395465891,-13.29641404299764,23.06013534661045,-0.017043347074086057,-0.03123981154473654,0.026375574144754665,0.003929321792946253
2026-05-03T22:47:02.100Z,0,-17.4766559625823,6.214319088371667,-13.096660753944889,22.70624998255952,0.05132765409854301,0.13483553226401046,-0.006500908846351905,0.00010113368148412467
2026-05-03T22:48:03.100Z,0,-18.067244742724142,5.106893466177098,-10.649530617229175,21.5851383093942,-0.06485301662806364,0.04068146101410264,0.057302674662640385,0.0019084356356641177
2026-05-03T22:49:02.100Z,0,-18.143280165531905,6.914507281749138,-9.728068494951003,21.71691374843128,0.01715905407984053,-0.02081378639143261,-0.00875726515148223,0.0039487835433293355
2026-05-03T22:50:02.100Z,1,-19.52626215336295,5.087964118615673,-10.682159553653037,22.83135618582207,0.034070809476816066,0.003467032275564219,0.0005874440638375944,0.0013592963016288687
2026-05-03T22:51:02.100Z,1,-17.850373417843457,6.740053835301296,-10.654398116457742,21.85361196880713,-0.02818244293312233,-0.0028986016275267534,0.018797066045128652,0.002296198475756573
2026-05-03T22:52:02.100Z,1,-17.43316577826448,7.308157804118309,-4.370610914520512,19.40171846276698,-0.08544204847815706,-0.00968287604902196,0.11285769825598521,0.006897892312967579
2026-05-03T23:06:02.100Z,0,-14.267699871197692,8.543996751161131,-0.3211552166249021,16.63340857345818,0.04794684223519141,-0.018451048907186518,0.03861933308257903,0.001945043950115673
2026-05-03T23:07:02.100Z,0,-10.847832673789526,4.829453068850853,3.269842325607897,12.316288381533838,-0.061239220878306355,0.04679030252163763,-0.006346101193877018,0.002166030510182584
2026-05-03T23:08:02.100Z,0,-8.958040768447972,4.198268663856197,2.2410489482354023,10.143680523926207,0.08104337974534914,0.003735799864568179,0.00496005731065452,0.0032913345283072655
2026-05-03T23:09:02.100Z,0,-10.419605098832108,4.452388865217927,1.8442478553879482,11.480121391990055,0.0537241722251558,-0.009880698761621787,0.026966941156558732,0.0002795331432634351
2026-05-03T23:10:02.100Z,0,-10.947149944513512,3.9139513471013743,2.5062362169592234,11.89286874687251,0.004518399067787726,0.05266570161133188,-0.0033409975763731836,0.005484762874657999
2026-05-03T23:11:02.100Z,0,-11.611805807660858,3.6788619939898126,1.3359575232243515,12.253686881486276,0.12342482870275617,0.009449078886891726,-0.04938884779370767,0.001812783414956895
2026-05-03T23:12:02.100Z,0,-9.39497213857976,2.878259545923356,2.062009067458348,10.040008012579936,0.009830599521309935,-0.021992662371239646,0.04801417946698194,0.009118259184320732
2026-05-03T23:13:02.100Z,0,-10.261319360324705,5.09192978597639,2.641844697336637,11.755924777095757,-0.1493140791029024,-0.03581027784860247,0.016910632755440247,0.00027083082459326504
2026-05-03T23:14:02.100Z,0,-8.355295015462616,2.216012376038634,4.106924181996874,9.570187661840363,0.08627876728417583,-0.03377829349759942,-0.00011801008437117844,0.003838315684552245
2026-05-03T23:15:02.100Z,0,-12.286706771192257,2.1169040409176887,-1.0557962710890934,12.512359959886101,0.12405876225185519,-0.06711440710049921,0.0538723016090259,0.003422179001141819
2026-05-03T23:16:02.100Z,0,-9.144159644165484,1.7994566139805102,3.5923474469967687,9.987925704746058,-0.008420757815430502,-0.020024431686582744,-0.02670930213177769,0.0001263112286207912
2026-05-03T23:17:02.100Z,0,-7.15648414552561,-0.21001533673370432,3.3738128411187063,7.914668966780624,-0.031087615827374293,-0.02356352584786947,0.006269682889303851,0.0034882074951229575
2026-05-03T23:18:02.100Z,0,-7.016830795691931,-0.8340447182035859,1.9498141582516837,7.330301512151644,0.052872031807371656,-0.10017556833874508,-0.032074439844542724,0.00166748885627552
2026-05-03T23:19:02.100Z,0,-6.330347778202849,-0.23469147413379687,2.561131776019465,6.8328456045168675,-0.003392976943406012,-0.03338462086266425,0.014707011695591632,0.0019284748255569354
2026-05-03T23:20:02.100Z,0,-4.227814296427823,-2.332477236905106,3.2645289556967327,5.828551542908612,0.03960181290185716,-0.023628458497571003,0.025038335545346513,0.0021652862594872886
2026-05-03T23:21:02.100Z,0,-7.091034360200865,-0.8919244769458601,2.8719882802761276,7.702377181894423,0.040736807096486416,-0.002142487567358131,-0.011316544287431896,0.003295041066347384
2026-05-03T23:22:02.100Z,0,-6.424374579182768,-1.7124823878020834,2.4233518975051993,7.0765683124890515,0.04254345450682706,0.009800109300628357,-0.0513544861640014,0.0002852970459479438
2026-05-03T23:23:02.100Z,0,-4.796884986717487,-0.9844980572779605,1.790674961739569,5.214006024083662,-0.011575470534541665,0.06396388371721073,-0.026996424370651084,0.0055132422112789915
2026-05-03T23:24:03.100Z,0,-4.776848216351937,-1.102369052659924,2.5020964244504285,5.503996995600073,-0.0025561588921085843,0.008342173082431792,-0.010724815767915175,0.0015825214910419353
2026-05-03T23:25:02.100Z,0,-5.366654366298462,-2.007340675845626,2.3044042204674042,6.175813670078033,0.042186423511836324,-0.011692880791669413,-0.032712571134574375,0.00517223315564169
2026-05-03T23:26:02.100Z,0,-4.693218545980926,-2.1241426134110952,1.514805983788392,5.369629347633722,0.03132456601218081,0.00544491816151238,-0.07378863354379206,0.00036687545452197525
2026-05-03T23:27:03.100Z,0,-4.367311545138364,-2.2687093012336845,1.9071223096034373,5.278026859498749,-0.0010358141864230674,0.011373581580764736,-0.002517135511581614,0.0026671083284355392
2026-05-03T23:28:02.100Z,0,-3.9918465045047924,-2.912283174282493,1.0649673340594745,5.054739085783734,-0.0189371670549221,-0.0014197480657372925,0.0228956533421254,0.004020243862532081
2026-05-03T23:29:04.100Z,0,-3.4260797747265315,-3.4304362452530768,0.6168149084260222,4.887369035257398,0.0014513801067650434,0.004767600460503507,-0.04390668334153247,0.004489469060161215
2026-05-03T23:30:02.100Z,0,-5.412166187852563,-3.5522777536698413,1.0510151096241316,6.558570945321124,0.07124596433882857,-0.0003123050870135202,-0.06237791769514445,0.0036321254305688626
2026-05-03T23:31:02.100Z,0,-3.640598095898895,-3.753846242943837,1.4086366336414358,5.415678468775901,0.011632509132830648,-0.012273814140040251,0.028365554644693702,0.0038229828770824717
2026-05-03T23:32:02.100Z,0,-3.3079715180974745,-3.867618382173532,-0.4142083853366785,5.106144935384613,0.002823477720070855,-0.024775771907514788,0.024850337631665553,9.4722138529027e-05
2026-05-03T23:33:02.100Z,0,-6.113455578542926,-4.794164509348775,-0.24407273122051265,7.7728967542121925,0.010887286902239168,-0.0273990891698217,0.04535450339115954,0.001884245749486636
2026-05-03T23:34:03.100Z,0,-1.787056329249026,-4.441652184596023,2.3837462586016045,5.3482792259036716,0.0727560176727593,0.042601416320176,0.12608471726904824,0.004113449648314194
2026-05-03T23:35:02.100Z,0,-3.016083146121673,-3.761546681289474,-1.372796892610495,5.013039226676777,-0.016060080954893863,0.012075172695080738,-0.006543843110051739,0.0013608749174870232
2026-05-03T23:36:02.100Z,0,-5.4139109383868345,-2.106089191784122,-3.4369389968560426,6.749710586435861,0.07524530897917714,-0.003903985143383082,-0.1489672089056704,0.002287353149449725
2026-05-03T23:37:03.100Z,0,-3.0826551835616556,-4.893052764373351,-0.49693157325236825,5.804452543020428,-0.04477413104453376,0.005152165257094055,0.006601442561926518,0.00671465403276133
2026-05-03T23:38:02.100Z,0,-2.696923996722944,-5.0710231726043276,-4.790475700247043,7.479126452724778,-0.012827992282637979,0.038781324787073856,0.06747585140720602,0.0037466047601467604
2026-05-03T23:39:02.100Z,0,-3.931124443056433,-3.8982422795470484,-2.173736818804173,5.947702414737039,-0.01432497191711235,0.03235426907965966,0.051311131344822236,0.0058655300050066105
2026-05-03T23:40:02.100Z,0,-3.017440640149971,-4.576192809963686,-2.371555702666228,5.972500741033082,0.0111063961512059,0.027174775572236243,-0.03898940899851877,0.0011885061047402
2026-05-03T23:41:03.100Z,0,-4.268791739264088,-4.050715223684165,-0.2817587128447485,5.89154179386516,0.034848499513628894,0.023467653692765822,-0.010401152261918511,0.0005107115326179566
2026-05-03T23:42:02.100Z,0,-3.361187915402297,-4.919480877561,0.3249333540225052,5.966947124945142,0.016252331432653477,-0.017946822371328608,-0.002398783847445962,0.005013509550358272
2026-05-03T23:43:02.100Z,0,-2.582605432962737,-5.257529982259257,1.1958166787735536,5.9784153306672065,0.02304379308348814,0.002832335796121299,-0.038152869024754565,0.0036054404578815882
2026-05-03T23:44:02.100Z,0,-2.8376681295867456,-4.745794144866977,2.8744614401148283,6.231970077738904,0.09951887508119484,0.0007074688705976939,0.17167025349773546,0.0038281238798097803
2026-05-03T23:45:02.100Z,0,-2.910461060309899,-4.457094763267833,0.4052701733598951,5.338606674568274,0.03611160145577941,0.010527629386025694,0.03280210953171547,0.00011889215109873601
2026-05-03T23:46:02.100Z,0,-2.23841495335364,-4.744969250509712,0.5495736259035766,5.275155529647319,0.01892393006475146,0.004936094379015543,-0.0013665237896809401,0.0019149749441141923
2026-05-03T23:47:02.100Z,0,-1.1546503196768754,-5.1384122855067105,1.6115703019750072,5.507599932346577,0.049634138769683034,0.06912578724627139,0.0484254427504105,0.004173882714828826
2026-05-03T23:48:02.100Z,0,-1.4327658886941208,-4.624407480037007,-0.30119270195427816,4.8506370382598405,-0.023750681125811468,0.02401100717364102,-0.03207524545700835,0.00046692795156289696
2026-05-03T23:49:02.100Z,0,-1.2460303964871855,-4.296209539347728,-0.5409368623077171,4.505842967076832,0.029240966236798727,0.02765496264744982,0.015437804973927882,0.007645757715355833
2026-05-03T23:50:02.100Z,1,-0.44449485812947387,-4.252817447877533,-1.656612876104191,4.585673139807209,-0.020177779259000772,-0.061540697052553384,-0.08074225179477423,0.0019308250035705158
2026-05-03T23:51:02.100Z,1,-0.6343840159388492,-4.902538704982362,-2.314070853572048,5.4582279861581915,0.003543159743379931,-0.05260737979329022,0.04989660332732626,0.0019376178741409601
2026-05-03T23:52:02.100Z,1,0.08291935318993637,-3.341836815707211,-0.6893639065310708,3.4132054607915605,-0.11926296307063211,-0.08596175747221935,-0.09927645766527604,0.0021561262987440147
2026-05-03T23:53:02.100Z,1,0.08694892858329695,-2.715406185870961,-1.054173735610675,2.9141504997682306,-0.011442321452115323,-0.009020895066935708,-0.02358334429519715,0.003288296626924138
2026-05-03T23:54:02.100Z,1,-0.05436682931758696,-7.447795594998752,-5.792941032268573,9.43561236912336,0.0419626984413668,-0.10022674391496622,-0.06573267646192704,0.00027155598409619655
2026-05-03T23:55:03.100Z,1,0.5982705051792436,-2.909631345573871,-3.260635082369845,4.410852899938338,-0.15427741305851228,0.040979308054911456,0.045621174233012596,0.005489361626106512
2026-05-03T23:56:02.100Z,1,-1.7271879751206143,-2.1986358258345717,-3.8916713447179063,4.791897708772902,-0.0453998219929197,-0.01622652265398372,0.006033500367763622,0.0018017081525026632
2026-05-03T23:57:02.100Z,1,-1.0628400132191018,-2.928077684600794,-3.282828749888722,4.525509078750442,-0.06659828766952813,0.013200676296065694,-0.034069489114330054,0.00910193269573079
2026-05-03T23:58:02.100Z,1,0.4294337959436234,-3.6643654314048035,-3.926208730717917,5.387680613876315,0.009931093235326927,0.014590846526107981,0.0565197563426878,0.00026518954579350987
2026-05-03T23:59:02.100Z,1,-0.7706455935476697,-1.314329562774219,-4.044208761115442,4.3216873248674075,0.04353854744820751,0.039084078222728635,-0.029319789835113852,0.003845985879970717
2026-05-04T00:00:02.100Z,0,-1.2472585867726593,-2.5914509260474006,-3.8478253468383627,4.80385592874743,-0.018554562632111526,0.008355041448471212,0.019707465058971252,0.0034220536162871008
2026-05-04T00:01:03.100Z,0,0.9831084744291729,-2.8039884791724035,-5.245740896270945,6.028818392905489,-0.02626009072725921,-0.006866681000916586,0.02971093969694749,0.00018258502343960684
2026-05-04T00:02:03.100Z,0,-2.153799051484384,-1.872739596365136,-4.6922974790959415,5.492145262308619,-0.07158256367845173,0.0601202060528383,-0.024887198621925677,0.003411322615147226
2026-05-04T00:03:02.100Z,0,-0.22837025244371034,-2.1202928742241056,-5.35147717334894,5.760738041393783,-0.031761323199597236,0.05676099453921779,0.03979442483448281,0.0016639055128158632
2026-05-04T00:04:02.100Z,0,0.45117946319805924,-2.25248543847556,-6.038930983038426,6.461109887353533,0.01681371305078949,0.014568222747701753,0.0009034604326885187,0.0019358811269002461
2026-05-04T00:05:02.100Z,0,2.197563267145597,-4.055536054238473,-6.2362505260296075,7.756769793138143,-0.037689387299533195,-0.003650136175981089,0.03284350793020252,0.002166608859552349
2026-05-04T00:06:02.100Z,0,4.19093666732806,-3.934467566978128,-6.379933557468576,8.587638638349384,-0.005184292638071852,-0.006503562808068963,0.021783879047276855,0.0032911949771439594
2026-05-04T00:07:02.100Z,0,7.1442597663917695,-3.5268749502392893,-7.743234152940204,11.110219154974809,-0.008029662678765703,0.00848389954022366,-0.029536554720266395,0.000286910669108438
2026-05-04T00:08:02.100Z,0,2.2067270356274094,-3.173639123360772,-8.587662631953208,9.417514479699012,0.08281521920450174,-0.023016451308643937,-0.03741819429592397,0.005522157913371983
2026-05-04T00:09:02.100Z,0,3.4922315144285676,-1.4033744450898666,-8.749183806685323,9.524356044723655,0.01945249823487316,0.04487915601847359,-0.0034105947346319,0.001657558141258038
2026-05-04T00:10:03.100Z,0,3.0961148086134926,-1.2223375956637028,-9.157328419860278,9.743546576840972,-0.019190345598385505,0.03866142435676734,0.04634660117730505,0.005032292127930778
2026-05-04T00:11:02.100Z,0,-1.9337593475938775,0.08630257161712507,-8.46777104834473,8.686197089374593,-0.157109266943678,0.011778626315059326,0.08144757598760322,0.0003603559540318099
2026-05-04T00:12:02.100Z,0,-1.098536299650732,0.9987764547076949,-9.38685248593174,9.503543339237828,-0.06931283732569682,0.029035651176234634,-0.014672294398998531,0.0029821279683315202
2026-05-04T00:14:03.100Z,0,-1.5968399011399015,1.9285519138065865,-10.191809614752856,10.494865095726018,0.0799169355065743,-0.12181709260195017,-0.014678929655786987,0.004732813151553962
2026-05-04T00:25:05.100Z,0,25.21124579197931,25.443551723810742,-34.44275525271223,49.69189700649456,0.08277575627868572,0.06141939897208459,-0.023711790152924905,0.00031398781105713297
2026-05-04T00:26:02.100Z,0,-3.0254359940045106,5.093733210742357,-5.112609426760173,7.825481207352983,0.014097627110132294,0.028496345133355305,0.013807634824836157,0.00034955293084234634
2026-05-04T00:27:02.100Z,0,-2.7957892507970428,6.160519686773114,-8.898349698029051,11.17806189347711,0.00743998444630023,-0.058879006809675616,0.12235091957024657,0.0050349247137212285
2026-05-04T00:36:51.100Z,0,-5.2298308278295735,11.548345563824114,3.0872250454194727,13.0478494101625,-0.04617832915876363,-0.04776925487393058,-0.03787773559604801,0.0015625997445230908
2026-05-04T00:40:02.100Z,0,-7.979749208971043,7.262234175641424,-4.777444316459878,11.800017663410637,0.02213496209169108,-0.018426807904425857,0.035088918520997936,0.0054846035096184345
2026-05-04T00:40:53.100Z,0,0.7238014959511929,4.677907873656295,-5.322869837073085,7.123177239292814,0.04773059893103948,0.0037058087580810195,-0.06567694368619925,0.0016119928581117922
2026-05-04T00:41:52.100Z,0,-0.5137257421665709,4.631002333553624,-4.169524034296046,6.252601652441652,0.004228921236304473,0.1276578948239404,0.08075387598349693,0.007973939997712568
2026-05-04T00:42:52.100Z,0,-1.33444909897662,5.8130046681981185,-2.7162126834809897,6.553593595284624,0.0035248512206820237,-0.06423859468318582,0.03785467621320038,0.0011721664017178485
2026-05-04T00:43:52.100Z,0,0.42765865509863943,4.359176074558491,-2.3280291120499896,4.960345504179746,-0.0033213954844235616,-0.02633455421685582,-0.06307642012082226,0.0026243807641789223
2026-05-04T00:44:53.100Z,0,-1.8197992994828383,6.642997611379542,-4.252595707384899,8.094791968028641,-0.045567930431644754,0.0410677482438615,-0.009219634387491737,0.004080897733842661
2026-05-04T00:45:53.100Z,0,-2.138696359907044,5.107740258154081,-4.615903698777402,7.208994355736066,0.007086329299799132,-0.03254131206809063,0.018283305897703883,0.00020545665394275568
2026-05-04T00:46:52.100Z,0,-3.463523583377537,6.119388059232733,-5.58188682225591,8.97777067698695,0.08368917914625129,-0.03173190455774133,0.03984497176823254,0.004055249200153804
2026-05-04T00:47:52.100Z,0,-3.921772335161222,7.991119275629899,-5.962186158285476,10.713820481613014,-0.012127455235377838,-0.0147634790201856,-0.005922323449425448,0.0020121498887892206
2026-05-04T00:48:54.100Z,0,-6.122676999439136,8.481402970573981,-4.800371234523482,11.509341161767805,0.07411803448453824,-0.0284282836746641,0.02250262266478842,0.0019520816261070584
2026-05-04T00:49:52.100Z,0,-7.356922653343645,7.288212099865632,-4.59595179063399,11.329833158601256,0.059281247579312524,-0.019548172073946546,-0.03619808830102045,0.0015126296438986336
2026-05-04T00:50:52.100Z,1,-3.61143212467141,6.115549158039357,-3.1962211293148357,7.788338269681354,0.013418628833906238,-0.004475584760355034,-0.03183564227615676,0.005271959408554831
2026-05-04T00:51:52.100Z,1,-2.5174239754051086,6.3844329488347284,-2.569296136982757,7.328007245467589,-0.007595142258121079,0.03387497084328395,0.11087296221745646,0.0006841674908057095
2026-05-04T00:52:52.100Z,1,-2.667856408152147,5.2427395658014575,-3.2186779415255273,6.705495034716045,0.01890270760673829,0.018126824890662974,-0.04140934015950393,0.003646252377572542
2026-05-04T00:53:54.100Z,1,-2.8525570032797987,4.953481226948497,-2.9863156889859965,6.44919678076082,0.016090373141874892,-0.0007205916494612552,-0.013571615953722471,0.0017974435526669152
2026-05-04T00:54:52.100Z,1,-0.7470246537195635,4.541613268429501,-2.0340764142474654,5.0320735062434805,0.006484215949065231,0.07155845949169404,0.12634856465876254,0.00509949008288739
2026-05-04T00:55:53.100Z,1,0.6813107456764556,2.2573718006242416,-6.6295234532844916,7.036369304980862,0.11811673166706171,-0.0459166017849344,-0.13614494998748228,0.0013594298232812029
2026-05-04T00:56:53.100Z,1,-0.44138381144875893,2.0199967007101804,-3.464760087808827,4.034819550607199,0.11857719858188176,-0.019032690032394495,-0.0026358608558041396,0.0051356972673949185
2026-05-04T00:57:52.100Z,1,-2.654505506143323,3.0045831495044695,-2.621046249714709,4.789968979813435,-0.05670869610963081,0.05114967055977471,-0.010039503024472651,0.0010263514921640298
2026-05-04T00:58:53.100Z,1,-0.07103323696355801,1.730752118419332,-4.861679422447196,5.16105371245185,0.007577257022717276,-0.015252437233326255,-0.061648849157158736,0.006127468676685453
2026-05-04T00:59:53.100Z,1,-2.7057301076638396,4.081350581145671,-3.3819369914454,5.95112559066295,-0.02687707787485394,-0.004326951130506629,0.003396907358954593,0.0027110949809744963
2026-05-04T01:00:53.100Z,0,0.6765962743884302,2.111375338245125,-3.566066947314539,4.199109644936085,-0.003403388437739352,0.059395739971046524,0.05141279797360454,0.0027943444599710324
2026-05-04T01:01:52.100Z,0,-0.044547711695486214,1.1039824889849115,-4.0372736320932745,4.185730547347529,-0.013955431413137376,-0.012045532485016608,-0.03057942452766582,0.0007365832625957244
2026-05-04T01:02:52.100Z,0,-0.8815905139272218,0.4009865619991615,-5.02649546979228,5.118949967033541,0.01796836787271161,-0.03812007347514523,-0.008114939886283423,0.00039365124518268797
2026-05-04T01:03:52.100Z,0,-2.4589757381363597,-0.10178133288718527,-3.746530116586655,4.482567237081711,0.05109351118459671,-0.010313692811791952,-0.060270343922752545,0.0023888782962056035
2026-05-04T01:04:52.100Z,0,-0.5812802214677504,0.09831493298406713,-3.468961400358239,3.518699435742225,-0.012140605022636919,-0.0019918906222216037,-0.0046053200533080485,0.003790288552098349
2026-05-04T01:05:53.100Z,0,-1.4084555486988393,0.509919736032316,-2.7366017811800702,3.1197362835043845,-0.0018104234644766848,-0.028318819274009144,0.041797364435325335,0.0002475350805627285
2026-05-04T01:06:52.100Z,0,-1.1369678554729035,-0.46653337540192297,-2.408518653282954,2.703943675070636,-0.015483939884042286,0.00563468598757666,0.005048387365036433,0.008177979036057109
2026-05-04T01:07:53.100Z,0,-2.157487665044755,0.45447331149262027,-1.6020786324588698,2.7254274821136995,-0.00015872781933268243,-0.062556862439056,-0.06094703956449621,0.002801713404539475
2026-05-04T01:08:52.100Z,0,-1.9876755272889568,-0.16472699053338147,-1.6385997041652445,2.581278360364113,-0.0280711110942633,0.0024112317222879653,0.038938278269284865,0.0033364045453750596
2026-05-04T01:09:52.100Z,0,-2.3035499541492754,-1.1379953248251695,-1.0258656002406497,2.7665458572635626,-0.0008388686145721636,-0.003670448920356506,-0.022208460867201296,0.0039055948658593127
2026-05-04T01:10:52.100Z,0,-2.91169924253154,-0.5910526197112631,0.49708310143614653,3.0123790080200186,0.035287053173682636,-0.029005238159740543,-0.06529684401401781,0.0014695393695065757
2026-05-04T01:11:52.100Z,0,-2.4226632051522756,-1.6922188046919473,-1.9210127529731835,3.524654803755589,0.0045298143840355465,-0.00027257888746134995,0.023045012025768585,0.005577026716764646
2026-05-04T01:12:52.100Z,0,-2.1834238167457443,-2.6846477462640905,-1.5486353750020498,3.7911666554981664,0.00418074858998807,-0.005074376132618852,0.010572728821545141,0.0027358710494739813
2026-05-04T01:13:52.100Z,0,-0.9840399768563657,-3.1349583343853737,-4.993106147594517,5.977240787815893,-0.034669509757279116,-0.06265994132892416,-0.03733016448337345,0.0026144550060147724
2026-05-04T01:14:52.100Z,0,-2.9311237712477123,-2.2683832407892623,-2.6820382172445534,4.574973015027231,-0.0018201178262344797,-0.04214352650588893,0.019479943226263785,0.000708776609683476
2026-05-04T01:15:53.100Z,0,-1.6824167427955672,-3.3049794044472947,-2.227570263130474,4.326139646086659,-0.005539319122505049,-0.008532112667936076,-0.004816684551656181,0.0005333269982840072
2026-05-04T01:16:54.100Z,0,-1.0227428089137902,-3.8122079357663097,-3.8669247787765926,5.525580462125305,-0.0249867387722702,0.015314332758364912,0.07942304684204621,0.002442278574031603
2026-05-04T01:17:52.100Z,0,-4.176710253886995,-4.645779431541541,-2.280214363054256,6.6503798848590705,0.02405254814696889,0.013303410423937123,0.005790602919997223,0.0027332664961204054
2026-05-04T01:18:52.100Z,0,-0.42821764282052754,-2.9364144007217874,1.1364470128683024,3.177642474452774,0.04837465943019481,0.09852021028589064,-0.0033490227127064287,0.005332656415371346
2026-05-04T01:19:52.100Z,0,-2.666055645022425,-4.575381732962569,-3.852663380712329,6.548662903964844,0.0046795085735240605,0.0250144159039678,0.0022155042262994584,7.3165726613403e-05
2026-05-04T01:20:52.100Z,0,-3.4185089291440818,-3.9860006061758213,-0.9176669200314791,5.33071446498421,-0.01362017210393418,-0.007648670126592094,-0.08504611993309652,0.0019878966942986215
2026-05-04T01:21:52.100Z,0,-0.09365547930428875,-3.068695676574862,-0.10228065275441622,3.0718277679845327,-0.037039098125468684,0.07312557004812703,0.08576121298009554,0.0015727375287708067
2026-05-04T01:22:52.100Z,0,-2.143380901088676,-3.682983523958683,-0.8285534213428036,4.34107706645732,-0.0032721565883520043,0.022212510345731573,0.06319068931670557,0.005234643934560682
2026-05-04T01:23:52.100Z,0,-3.17968196259244,-4.909984625328434,-1.4479978453891817,6.0261948329313935,-0.03672822565814471,-0.006899025509099488,-0.03764798183691909,0.0006340795343606067
2026-05-04T01:24:52.100Z,0,-0.40410318888461916,-5.590971764377173,1.141156747507921,5.720533487334234,-0.11106197788635086,0.04761893077365187,-0.09121466546346824,0.0036835883600778285
2026-05-04T01:25:52.100Z,0,-1.6659117409290047,-4.2650566515476385,-0.14750809168617707,4.581236602336618,-0.0021673910763908566,0.006508664478488413,-0.026732924441219552,0.0016071205567589444
2026-05-04T01:26:52.100Z,0,-1.9395181120671623,-5.494068349435111,0.1885587525976007,5.829414373544085,0.002241470249852995,0.007336316707906576,0.01431215967162558,0.007967254669058592
2026-05-04T01:27:52.100Z,0,0.21293362442520447,-6.322856854239944,-0.9880124107439769,6.403126427879121,-0.05708739962795306,0.03903957335005259,-0.04076838571620556,0.0011540943227672242
2026-05-04T01:28:52.100Z,0,-0.1575592000335746,-4.67246323114523,-0.7823072355677141,4.7401204793486995,0.0459878496634758,-0.012686656991611756,-0.027252874801320104,0.0026047424011734228
2026-05-04T01:29:52.100Z,0,-0.6314617166935932,-5.781486157502513,-0.024264503736048937,5.815919089463362,0.0711043014698376,-0.023610178738309173,0.04389986260555645,0.004144427676364056
2026-05-04T01:30:52.100Z,0,1.0890493367696763,-7.938437871871429,-1.7262165501961135,8.196624175942924,-0.0586026341262702,0.05143884311387126,-0.0894452388457978,0.00019106207418486743
2026-05-04T01:31:52.100Z,0,0.8067907929216744,-4.736291774861456,-2.6451890626049135,5.48455981251806,-0.04240742789951568,0.03032912020017875,0.0067131640566486794,0.004054275826593789
2026-05-04T01:32:52.100Z,0,-0.6641379341090214,-6.116368127095484,-0.4202701938993414,6.166657546641641,-0.057094366477050684,0.04375033160641806,-0.07182669526883956,0.002023902790941623
2026-05-04T01:33:53.100Z,0,0.8053078954617376,-7.3784211454039905,-2.279017942782957,7.764247689825744,0.0393247500354299,-0.00887612539468563,-0.013249988441543792,0.0019681459678154494
2026-05-04T01:34:52.100Z,0,0.19707992487383308,-6.689080097203259,-0.858156918638997,6.746781924784365,-0.04621954445860332,0.08967020223638045,-0.041554730443316146,0.001517845257923735
2026-05-04T01:35:52.100Z,0,0.9751897759997519,-7.389690818854433,-1.2454536940822436,7.557094706405303,-0.03143849337206017,0.03456661910616887,-0.027102615628216142,0.005275793735916518
2026-05-04T01:36:52.100Z,0,1.2550301044029766,-7.719706887655775,-2.045490822638385,8.084120712840427,0.036632185687834884,-0.006956951092540464,-0.007542656707215656,0.0006793614792528431
2026-05-04T01:37:53.100Z,0,2.7740979712689295,-10.856445312128926,-2.004158452791671,11.383087255808102,-0.04913911302148466,-0.033926160059039034,-0.002517946642299762,0.0039007319973714217
2026-05-04T01:38:52.100Z,0,0.7455551885868772,-6.413697271455021,-2.327396140003657,6.863536844922035,-0.07391818202412415,0.05663098155461732,-0.011805958547661533,0.0018091589218840226
2026-05-04T01:39:52.100Z,0,1.5227052554109832,-6.494892147202336,-2.25727486224514,7.042552456486967,-0.0060033884039523144,-0.023765489270077822,0.0025690519844800974,0.00511488785893862
2026-05-04T01:40:52.100Z,0,6.683225897177181,-11.808956327513442,-4.188996947775081,14.200868049745708,0.08876669262780634,-0.11881276652014883,-0.007040903574839774,0.001518964287632158
2026-05-04T01:41:52.100Z,0,3.298960646134219,-11.415837353524694,-3.534817157969883,12.397556862831898,0.007713942180798128,0.030512148940786687,0.00635920898872655,0.005292383076535546
2026-05-04T01:42:52.100Z,0,12.504076880759385,-14.891571997395658,-4.024662267056556,19.857209309402684,0.09251559285372579,-0.10075834835360231,0.019197432163053918,0.0010187380151224122
2026-05-04T01:43:53.100Z,0,2.0707130288428743,-6.282854804339877,-5.409797424590579,8.54564363376704,-0.1423506370756833,0.09784445169491729,0.017833686828616635,0.006144005299263485
2026-05-04T01:44:52.100Z,0,2.2237413186303456,-7.218813502731791,-7.490905063377795,10.638136702822809,-0.02986687893669071,0.006546915943927978,0.0188376912442223,0.0025657149844034626
2026-05-04T01:45:52.100Z,0,2.843525691787363,-8.781044037277752,-6.607252103094652,11.351130036182065,-0.02390199933532955,0.009113397715254656,-0.009611372767004411,0.002666375699606455
2026-05-04T01:46:52.100Z,0,-0.3236476768506691,-5.535648439945362,-5.666866892624967,7.928526461337523,-0.009716683694538375,0.0037330057991447063,-0.017150154150158414,0.0007066584632702676
2026-05-04T01:47:52.100Z,0,-0.14111918790149502,-4.306178530896432,-6.378837340889731,7.697574552199966,0.001350491431129086,0.033203762334732545,0.0026374042132459863,0.00039906616390868307
2026-05-04T01:48:52.100Z,0,-0.7499508865294047,-5.148987315806153,-8.859932827817829,10.274867708344615,-0.06793855520426106,0.16079308788574664,-0.017009487709884752,0.0024346318798082875
2026-05-04T01:49:53.100Z,0,0.12887746197520755,-4.349052457655489,-5.707614228413149,7.176888382859849,0.018170801564743044,0.0010748264909210548,0.009520336412549568,0.0035857010679126106
2026-05-04T01:50:52.100Z,1,-0.013834811397828162,-3.0446624987234827,-6.099922320572659,6.817566534340539,-0.08650041248703388,0.05318846310320424,0.040551152023837744,5.29534104229663e-05
2026-05-04T01:51:52.100Z,1,-2.156132754862483,0.45731991758657387,-4.177900387730915,4.723653418003315,-0.054728395554981546,-0.018718914203574855,-0.028751418107653137,0.008142528506332607
2026-05-04T01:52:53.100Z,1,-0.39446017171940184,-1.656215604270983,-4.854340330894047,5.144246203580085,-0.054203152340726035,0.015095018446320552,0.013627715021335973,0.002829320982715814
2026-05-04T01:54:03.100Z,1,-0.0657530226817471,-1.8107514833900495,-5.396605827627354,5.692670625758403,-0.00048700908372723006,-0.013742443121689263,-0.008538728919482708,0.0060842733983295216
2026-05-04T01:54:52.100Z,1,-2.8366175956762163,1.061637877683097,-2.9537552982219495,4.2306198989280075,-0.06027900114702334,0.026399795627796152,0.061905521079097525,0.00394600255520299
2026-05-04T01:55:52.100Z,1,-0.9409438507645973,0.1715846142360533,-4.289174664336315,4.394523399791925,-0.0708513102596342,0.06556292895609772,0.09015900376940778,0.0014773250970528007
2026-05-04T02:09:14.100Z,0,31.455057299581313,-24.62699632121712,13.035239769124018,42.021745006171955,-0.1628368050337059,-0.03517116210005611,0.14612726686036304,0.0017884874060969849
2026-05-04T02:19:56.100Z,0,2.1859072921870393,6.28179837440257,-0.08187895127775846,6.651758088606769,0.01643234540482652,0.014300466979477733,0.003486030156096831,0.0015731971945434345
2026-05-04T02:20:52.100Z,0,1.77866853755404,7.631952951669518,-2.211129768511455,8.142448186889446,0.01834362866115491,0.043839726955319236,-0.02897883448049754,0.005266463127647259
2026-05-04T02:21:53.100Z,0,1.6551872022319003,3.5694131247510086,-1.9908151530216855,4.4095010718989265,0.03469818064538721,0.0110111849904726,-0.013560740937279547,0.0006011682785226987
2026-05-04T02:22:52.100Z,0,1.2254388079782075,4.1343160037286,-3.7122201356396545,5.689889930941895,0.018499080953970903,-0.014854062709623861,0.006777104248456567,0.003649895485186139
2026-05-04T02:23:52.100Z,0,-0.3227858005629969,4.104644616745645,-2.9020577248957125,5.037284699265169,-0.011228590184542142,-0.016910861755370377,-0.007758787939238232,0.0018158706874634148
2026-05-04T02:24:52.100Z,0,0.33064502031265874,4.345425053543295,-2.4441081695840694,4.996569800377745,0.08008625252236418,0.002908888049102387,-0.07085992131550256,0.005101888619980413
2026-05-04T02:25:52.100Z,0,0.8329747652169317,5.1481474065440125,-2.4784205136256787,5.774065891670671,-0.025635417262859228,-0.014691452409731909,0.016140259827324144,0.0015367737934527193
2026-05-04T02:26:52.100Z,0,1.0734774323282181,3.5489185702317627,-1.2235809044796042,3.904398423017427,0.01614286771667306,-0.03860785532605604,0.023503203245844873,0.005305409957233641
2026-05-04T02:27:52.100Z,0,0.6020456985424971,2.183260163292289,-0.9431751393549348,2.4532964165077558,0.030008284569893462,-0.008209639524858758,-0.04920750050096956,0.0010508519196495401
2026-05-04T02:28:52.100Z,0,0.4277206230653974,3.659734013126581,-1.5668201170910834,4.003938468252523,0.040834341976658806,0.003797698978180719,-0.008978718220475912,0.006232907895558053
2026-05-04T02:29:52.100Z,0,0.39742854505675496,2.853557858543354,0.4835865973973341,2.921403412345305,-0.028983972228502353,-0.008270824580436376,0.012724018123577707,0.0025406482411359224
2026-05-04T02:30:55.100Z,0,-0.027337684514350258,2.297371172971907,0.8840434958301557,2.4617462415766016,-0.05110662754170825,0.07537149550113087,-0.01528562787989074,0.0029991837606385516
2026-05-04T02:31:52.100Z,0,0.4447806531970855,5.1498659759090515,-1.8312690312995983,5.483839500229842,0.0358792154544485,-0.06289905094358783,0.02964231091695524,0.000716601330210289
2026-05-04T02:32:52.100Z,0,-0.16809965927677695,2.24651331154746,1.2850781856741378,2.593550750940578,0.06155372306215767,-0.010074706542573253,0.01195333125814102,0.0003658203842274891
2026-05-04T02:33:53.100Z,0,0.5303117586663575,2.5613423695176607,1.8167444582104508,3.184692406136664,0.008765678174871283,-0.03988114589703606,0.011963987295082745,0.0025837016783652905
2026-05-04T02:34:52.100Z,0,-0.7446248932865274,5.414145814029325,-0.7537334586231736,5.516842870149674,-0.07379549370867267,0.05223060647829847,0.07813688394442408,0.003809711666016403
2026-05-04T02:35:53.100Z,0,-0.33020744785972056,0.1840086843003519,0.5846179615218716,0.6961855467143548,0.048485643003193246,-0.09512605752259873,-0.06210956871921525,0.00021602108934812782
2026-05-04T02:36:52.100Z,0,0.01726820300973486,1.7456900013712584,1.5313404933294805,2.3222264054638053,-0.054549969865202996,0.0652221421679755,0.0607132685610523,0.008140139626599848
2026-05-04T02:37:52.100Z,0,-0.5492419404617976,0.8389083404836128,0.11585086804188904,1.0093836418930462,0.06612987988141583,-0.057241699374710464,-0.06849691693577853,0.0026696035699890516
2026-05-04T02:38:52.100Z,0,0.07749059159323224,0.4923296064589522,0.79277360737251,0.9364204321392814,-0.07130169203684034,0.03105657831525832,0.0013553343141126106,0.0033609494790756453
2026-05-04T02:39:52.100Z,0,-0.6198620098984975,0.498476611028309,2.2055516392356367,2.3446035648682013,-0.017780383202659067,0.024376464928366204,0.01649086477861772,0.003916924477515706
2026-05-04T02:40:52.100Z,0,-0.18302838748240902,0.6098299445511657,0.5810831717099063,0.8620032507712098,0.014506539311565092,-0.0486707987525925,-0.03432677112868987,0.0014830707163812308
2026-05-04T02:41:52.100Z,0,-0.8061993098635867,-0.04698490647569997,1.3282888430694584,1.5545147665055659,-0.010563379717609678,-0.02699847750786688,0.017970773354747394,0.005577460227044826
2026-05-04T02:42:52.100Z,0,-0.25144776327579166,-1.6048656671046047,1.0401282088423613,1.9289081051043167,0.01738813971563502,-0.02678575209902334,-0.011915232820847166,0.002760383698769124
2026-05-04T02:43:53.100Z,0,-0.7973605927418248,0.9102881199396506,1.6350248324670247,2.0341373058239407,0.005453988463965942,-0.06677637780150292,-0.04212400146119677,0.0027544011037348814
2026-05-04T02:44:53.100Z,0,-1.3748369251516124,-0.14248688785301056,1.9793931478488958,2.4142237505503785,0.005516664608240518,-0.025238659281612286,-0.0944620738776436,0.0005662135998229723
2026-05-04T02:45:53.100Z,0,0.025523661747683946,0.4036533832731948,1.0792557104650768,1.1525538597863376,-0.1214073536157656,-0.008097197840228887,-0.02008426549116038,0.0005662981899760703
2026-05-04T02:46:52.100Z,0,-0.6257511074636568,0.522443481713708,2.891407024435466,3.004121538991372,0.02046895290508388,-0.041027076389532624,-0.08257236259989753,0.002086261791847054
2026-05-04T02:47:53.100Z,0,-0.9719443729636623,-0.5297876336953777,2.4903110879677115,2.7252523031468483,-0.009963531686363325,-0.015153053386285364,-0.019908261414069983,0.0023864850596263107
2026-05-04T02:48:52.100Z,0,-0.3707989696692948,-0.7931254749564687,0.8865774680089089,1.2460174564241957,-0.02747136390279792,0.016980387235854266,-0.023113701789423402,0.005363138168754036
2026-05-04T02:49:52.100Z,0,-0.7088208533261309,0.6452877983065264,2.932184138444427,3.0848868968729395,-0.0212248080089239,-0.011202132890630878,-0.020003905956134105,4.834930043194902e-05
2026-05-04T02:50:52.100Z,1,-0.943338167019192,-0.29434557427521213,3.635130999100511,3.7670550294722287,-0.03866091443782693,-0.014987478988537362,-0.05538609091249036,0.0019605947977344973
2026-05-04T02:51:52.100Z,1,0.2228178885275156,-0.727007625528131,3.243713648771518,3.3316461598210796,-0.04874362841977842,0.007911253399939255,-0.02518231325610021,0.0015637699168944484
2026-05-04T02:52:52.100Z,1,-1.27420370836262,-0.19713412257260643,4.6083609349807375,4.785336713309112,0.016438089029069403,-0.004684846111047136,-0.019465685647535036,0.005252648831063781
2026-05-04T02:53:52.100Z,1,-0.9384791330830922,-0.23274870073919374,4.734684053801175,4.832406039463913,-0.013851410170406808,-0.0051976909540840666,-0.03611326301092288,0.0006458645542398549
2026-05-04T02:54:52.100Z,1,0.39053089290064236,-0.591144318377701,5.794726039312081,5.8378776840682,0.010096789888169866,-0.025539242049177346,0.038617174839994384,0.003661147477550592
2026-05-04T02:55:52.100Z,1,-0.8864850769896293,-0.4184029132829892,4.595111206981528,4.698506549329929,0.013367362527105797,0.047570618609604765,-0.11384229481392616,0.0015739258002879517
2026-05-04T02:56:53.100Z,1,-0.4798177408247284,-0.7138959502981379,7.253845444211038,7.30466605812774,-0.006057594522435039,0.009636803458334953,-0.0551950264140455,0.00812840378753604
2026-05-04T02:57:52.100Z,1,-0.07162498809520912,-1.2438353953712067,6.779850662496756,6.893375924425969,-0.030951166134940422,-0.011801834823188528,-0.028701698673305742,0.0011898939932700665
2026-05-04T02:58:52.100Z,1,-2.780813208573818,-0.6542740345594211,10.367883536673617,10.754255234245889,-0.029069528686864743,-0.025755638385582813,0.110153572168592,0.0026331439406460833
2026-05-04T02:59:52.100Z,1,-0.169713453942677,-0.6194788074935786,7.55458623279992,7.581842111135849,0.0509992025992112,0.003767469793913847,0.02607240103902342,0.004128849607513399
2026-05-04T03:00:52.100Z,0,-0.5210351728237583,-0.60585540086322,6.626295736168686,6.674303978786247,0.03731726235045585,0.01704268112145968,0.0340553081787931,0.00022986322745622027
2026-05-04T03:01:52.100Z,0,-0.12949565052622347,-2.2038048750800954,9.466474603868846,9.72047665892089,0.04014523756801225,-0.042846206106617046,0.01308720776727057,0.004035712978559199
2026-05-04T03:02:54.100Z,0,-0.7768831210341887,-1.6292526565848675,6.066714491680614,6.329536817675069,0.049479092685489334,0.043869647353034225,0.03626735758199828,0.0020014688460607355
2026-05-04T03:03:52.100Z,0,-0.4681191921918071,-0.9781370190466987,6.282936646130111,6.375827829028365,-0.00415244165385964,0.023989163483228992,-0.0031531496764714007,0.002031042978185784
2026-05-04T03:04:52.100Z,0,0.04456381657291786,-1.6288850820274092,10.663458853741759,10.787242802015838,-0.033390592597326574,-0.054977610941975286,-0.07720114690279445,0.0015221814907515614
2026-05-04T03:05:52.100Z,0,-0.5060706425865646,-1.0268446530972142,6.45527759934339,6.5559992618567975,-0.017820226974940567,0.061257400266967466,-0.0004117299630124194,0.005235202159457595
2026-05-04T03:06:52.100Z,0,0.6071573202461877,-1.2843159356634715,9.672413828411663,9.776180066988172,0.017890169950907087,0.00143879639047384,0.006740096784696448,0.0006356336581286214
2026-05-04T03:07:52.100Z,0,-1.986320869946212,-0.15655220340704545,8.673647691466613,8.899558610766018,0.022601918558518008,-0.008077933344452504,0.04413499127142728,0.003627164508339525
2026-05-04T03:08:52.100Z,0,-0.4171266027697129,-2.5381571640537004,8.336243370649754,8.724058111158895,0.0014579574896256275,-0.06854531758193616,0.004582401820663051,0.0018447894140907993
2026-05-04T03:09:52.100Z,0,0.3543956131579762,-0.27434500225353986,13.024539449816075,13.032248052838096,0.028243584556830736,0.051845964104568765,0.05867818084936971,0.005159788395343653
2026-05-04T03:10:52.100Z,0,-1.4645345327153336,-1.9519241814123234,9.20965257273565,9.527463981458773,-0.004773048350651191,-0.011519880174226671,-0.012644746015588737,0.0015072936399605835
2026-05-04T03:11:52.100Z,0,-0.168358902556065,-3.0748507433600025,8.827578188629559,9.349288127466163,-0.007371687272300642,0.06189281598345531,-0.02737795920104702,0.005250656094692074
2026-05-04T03:12:52.100Z,0,0.6288350696195266,-2.513520873435482,10.494517362531042,10.809630678170498,-0.008154399161797166,-0.016725913543069737,-0.036157382543144934,0.0009596667655666928
2026-05-04T03:13:53.100Z,0,0.5049400729149056,-5.427006314675964,9.9751828972785,11.36712962233323,0.06662771399834622,-0.08536658412827691,-0.0062550085591084326,0.0061247755133285574
2026-05-04T03:14:52.100Z,0,0.6021086119289976,-4.54810159135377,9.469916584066596,10.522693712876627,-0.023453410011864406,0.006048883421483353,-0.014773258034672665,0.002610819073706615
2026-05-04T03:15:52.100Z,0,-0.38458555718534626,-3.196554121132067,9.905244556193793,10.41536048431012,0.1118951335690177,-0.23499038693008956,-0.019099591181515052,0.002736700617203529
2026-05-04T03:16:52.100Z,0,0.6743453623130335,-6.779484171602235,10.636530538704392,12.631386669778955,-0.03280991709031511,-0.015093600547411157,0.010440045135062803,0.0007334994263302061
2026-05-04T03:17:53.100Z,0,1.0131846056538052,-7.51586113437952,9.700090086425917,12.312857479934898,0.009425006824326232,0.011727677949935345,0.027829970170145657,0.0006253110191104642
2026-05-04T03:18:52.100Z,0,0.45217262231744826,-4.290512900297472,11.488548268175691,12.271907037546981,0.013530095579028512,0.009154505280727782,-0.040881127496561476,0.0023741523311329054
2026-05-04T03:19:52.100Z,0,0.7344485843532311,-8.617875738309522,9.184807744986756,12.616175738961909,-0.01462171937616219,0.08202515145544487,0.02148563585002705,0.003820870584885009
2026-05-04T03:20:52.100Z,0,0.9331948645012744,-7.927162856503855,7.657492672024091,11.0611011039032,0.0245134202756514,0.016214247498314016,-0.013827321544646054,6.969473813785137e-05
2026-05-04T03:21:52.100Z,0,4.487566623083694,-8.99104946074658,9.992857668294164,14.171606436145186,-0.04864165535511944,-0.11339144726552064,-0.1461705467278307,0.008169584833707659
2026-05-04T03:22:52.100Z,0,1.397759625888284,-7.524285268118547,7.5447174513101345,10.746690755199614,-0.018044847995835056,-0.010803678673898531,0.016626695037658124,0.0027133294623239036
2026-05-04T03:23:52.100Z,0,2.4449419561278773,-8.421169313805876,6.599736334919726,10.974987629654978,0.003923158401697435,-0.01872196889873834,-0.013530875919265384,0.0033276560764590978
2026-05-04T03:24:52.100Z,0,3.092712739999115,-8.645102470836719,6.3041199200597475,11.1375310006264,0.016609011938228946,0.09629537318778247,0.12731215594818934,0.003952978390909195
2026-05-04T03:25:52.100Z,0,3.0544211904270924,-9.173733154057118,6.28960068388551,11.534554415022276,0.011016060247115433,-0.030071120824093356,-0.009312999006638734,0.0014218620910481238
2026-05-04T03:26:53.100Z,0,4.172609368652047,-10.512459714846045,4.947874317622336,12.345199004577063,-0.012998151230014798,-0.005353236452343424,0.01096025365576736,0.005602595170790229
2026-05-04T03:27:53.100Z,0,2.3521324058037862,-8.575670491154597,3.9607600338058546,9.734591479496496,-0.004511186116662458,-0.14153826154839066,-0.10289663189055887,0.0028439525337850104
2026-05-04T03:28:52.100Z,0,3.409122348330129,-10.390991817985196,5.217927098783548,12.116995888236445,-0.02261962535587969,-0.02529925940564226,-0.000839161963916979,0.0025853120169100348
2026-05-04T03:29:52.100Z,0,3.2337483190758576,-13.37277129641734,1.1324049291943084,13.804726772416505,-0.01595684971134048,-0.14395662183641633,-0.0727417760817417,0.0007183970122990117
2026-05-04T03:31:52.100Z,0,3.014168708205034,-10.553665024417569,4.071157931321068,11.706382248623846,0.03978095108525537,-0.02640287347599468,-0.018816162592472097,0.0021131829545833654
2026-05-04T03:55:52.100Z,1,0.45828850056750525,-3.561768071449478,-5.026864997489611,6.177830674883828,-0.049859911031902016,-0.07844952935442961,0.0467102335051095,0.0015411218168566339
2026-05-04T03:56:52.100Z,1,0.3192437968664308,-2.323019529285375,-4.982145409030636,5.506369876062085,-0.01406270908227425,0.05768650366277939,0.01393800452564875,0.005278651485446155
2026-05-04T03:57:52.100Z,1,1.0254992382670025,-4.218566097733856,-5.213284727233258,6.784267554853597,-0.08970172598310455,-0.04604302352007039,-0.07499886029282976,0.0010197183886876766
2026-05-04T04:01:52.100Z,0,0.49511903898746823,0.7446809768225648,-3.8690065837272414,3.9710080036351,0.0023755750764298256,-0.005052900924784609,-0.027120333256469564,0.0007146961943410746
2026-05-04T04:02:53.100Z,0,0.8287252762784192,0.845844937430229,-2.776844058871575,3.0187915080391776,0.014128179271599706,-0.07393684249845656,-0.07792427546693403,0.0005783113206394414
2026-05-04T04:03:53.100Z,0,0.26748418849820155,0.1575646574565326,-4.5017076927251765,4.512399202543694,0.037334924259502245,-0.0696197264828946,-0.00486717261782843,0.0025787543932859897
2026-05-04T04:04:52.100Z,0,1.9415063866290438,-0.687073144945316,-1.951597925653914,2.8372964278064203,-0.0030410586970841536,-0.04871680572193782,-0.0028649283372317313,0.0038236333454434563
2026-05-04T04:05:52.100Z,0,1.8746667653886107,0.043607303268800024,-0.5720146965160211,1.9604789953430486,0.056042910250519995,0.045404997761289145,-0.01791674225515294,4.541684266610939e-05
2026-05-04T04:06:53.100Z,0,2.4620856136152725,-0.30178597535268636,-1.7084333413208697,3.0119237748368826,0.042973971741355754,-0.028965924721791048,-0.05092477451906774,0.008040292463185841
2026-05-04T04:07:52.100Z,0,2.15982143902238,0.24954339369287482,-1.5434833109111423,2.6663535558619538,0.02307025612147129,0.0011039986645977606,-0.00776088146281495,0.002688362904315017
2026-05-04T04:08:52.100Z,0,1.673507214604797,-0.6183513178257272,-0.21303008156792202,1.7967655843887802,-0.01822585198008042,0.0004823448835900024,0.008093989223745268,0.0033648791342248273
2026-05-04T04:09:52.100Z,0,3.088390434641042,-0.8636219026811887,-0.46590832221227174,3.2405352694083756,0.017624463891641184,-0.0116848556679372,-0.006677837139257292,0.003939316592375777
2026-05-04T04:10:52.100Z,0,1.7750485399119498,1.1990635675829253,-1.5341163034463534,2.6347796095021194,-0.0016118797072639524,-0.06012384760367695,-0.020570788728413447,0.0014703504464578345
2026-05-04T04:11:53.100Z,0,2.811136478158005,-2.618473065922444,-0.17185889191750903,3.845572125773094,0.013511325312354217,-0.01826003839333623,-0.009454750739656959,0.0055862722356842314
2026-05-04T04:12:54.100Z,0,4.634768649054877,-0.717733237252105,1.325451914453879,4.873709491511349,0.03976486303658433,-0.005860693335968392,0.009627232262943153,0.0030157157943324613
2026-05-04T04:13:52.100Z,0,3.1241977439435686,-0.8374348908546381,-0.3817400665866444,3.2569363239278073,-0.009623791555668504,-0.007430813007580639,0.02424450753935048,0.0026370969144145335
2026-05-04T04:14:52.100Z,0,4.427296302623063,-3.4286052086827112,0.32696674588805763,5.6092061364459305,0.03134603091003996,-0.021787796105066093,-0.04400538135218568,0.0006951985993322541
2026-05-04T04:15:52.100Z,0,4.69359748511522,-1.1650847700366285,2.029025434239884,5.244446976225765,0.03639760033613548,0.02579554420201191,-0.005488104865669641,0.00037563528210032257
2026-05-04T04:16:52.100Z,0,3.5375437797995346,2.331548053007282,1.8322588484807056,4.616005286534696,-0.013394370207642226,0.05718972276991252,-0.043504492120760574,0.0020760759356557527
2026-05-04T04:17:52.100Z,0,-30.63606908449401,-10.735328591181315,-9.917393798787089,33.943640180021134,0.13493003348474808,-0.017998856611356473,0.023945324208796137,0.0027662545337582434
2026-05-04T04:18:53.100Z,0,4.66959778256637,-0.5969797612124239,2.3446722443623003,5.259183988008877,0.029682548730924907,0.005449639810528595,-0.019774240619163663,0.005638785340347691
2026-05-04T04:19:52.100Z,0,4.0249081479259985,-0.57846428535413,3.797271952862502,5.563612209047964,0.003984833981895974,0.018418719558432883,-0.02606735675492189,5.537954644187718e-05
2026-05-04T04:20:52.100Z,0,2.702180522874187,-1.1623335462900286,13.321095653736847,13.642008219724781,-0.0005881645674943314,-0.007656543936640503,-0.04013367907784726,0.001946073848369487
2026-05-04T04:21:52.100Z,0,5.4671322643002895,-0.9059245558091789,4.160274315836432,6.9295105800611605,0.023352598977677275,-0.025138213691100475,-0.035524783176921204,0.0015354655596611145
2026-05-04T04:22:53.100Z,0,3.9816891227246742,-2.5021706037477998,2.3691949381827726,5.265718436775222,0.0016492378382970685,-0.0006341174279000938,-0.013603486348934268,0.005034698700307553
2026-05-04T04:23:52.100Z,0,3.7847551733420914,-1.9482662637528847,11.20437130339269,11.985743592322796,0.02425559735508287,0.09179837377626399,0.05684474703970821,0.0006690783378152543
2026-05-04T04:24:52.100Z,0,4.886659908720503,-1.5704923266639526,3.7837098261661595,6.37670379273124,0.010580463293052844,-0.016514451730564872,-0.004092737370786637,0.0036872348424150585
2026-05-04T04:25:52.100Z,0,4.247972640769149,-0.8511626276686002,4.523632373093278,6.263625086350591,-0.013742210031586488,-0.013693117885793527,-0.05045357436506137,0.0015713685344615463
2026-05-04T04:26:52.100Z,0,3.6326328437326083,-2.7970443466074357,9.114108457652037,10.202276776881613,-0.026709837491978305,-0.0034549117486903924,-0.07776992683972139,0.00793982759139547
2026-05-04T04:27:52.100Z,0,4.677141601973744,-0.9896078556721477,4.707096612946771,6.709078610102621,0.013621605023050876,-0.036750310167477096,0.01224320356185693,0.0011754861144882807
2026-05-04T04:28:52.100Z,0,3.6316842733867816,-0.6285379893142817,6.306145537564589,7.304222217767057,0.029220617832947937,-0.006788051038597587,-0.07223219647145562,0.0026412354478434377
2026-05-04T04:29:52.100Z,0,3.1565023332404962,-3.02770531806118,9.569228065629432,10.521436795647192,0.04391146407628499,-0.007752200290589428,-0.07222950733666578,0.004140354390839025
2026-05-04T04:30:53.100Z,0,3.3095070112949543,-0.6281700141244073,7.607715404446935,8.320142300436617,0.018731556086781787,-0.013149084193031513,0.017048522679030675,0.00022394202489664253
2026-05-04T04:31:52.100Z,0,3.47754887195606,-1.3523329428153374,6.536253180456697,7.526271067673336,0.011983251815950169,-0.011385012054887511,-0.030492988029040546,0.004020728966355246
2026-05-04T04:32:52.100Z,0,3.954919446641725,-1.0629868011164945,4.9224647127630305,6.403279442377163,-0.004524848878771637,0.007834764072178757,-0.045315865881079276,0.0019996006474988014
2026-05-04T04:33:52.100Z,0,3.704708516579558,-1.701925339830268,5.0557080257931375,6.494736229997538,-0.014419085833702883,0.039373570663414625,0.07452919818629056,0.0020348290875362622
2026-05-04T04:34:52.100Z,0,4.005341387141925,-0.48203552887571277,5.1064844610664295,6.507787752359737,-0.02981991228862002,0.04296599361985898,-0.025947481086863178,0.0015263143488821118
2026-05-04T04:35:53.100Z,0,4.843568332830728,-1.951694801391568,5.338029367521813,7.467517949165226,-0.029136853662292683,0.040979014703346195,-0.016115032832164644,0.005025068815148413
2026-05-04T04:36:52.100Z,0,2.0600120408289513,-1.0586193102426478,7.845838572393404,8.180556665437571,0.023179891117774964,-0.025968323602576504,0.04304832357648891,0.0006450870659706414
2026-05-04T04:37:53.100Z,0,4.124809689187714,-1.7723500436659378,5.383031078054046,7.0094438607207055,-0.010602898883105283,-0.008318698160536542,0.010769829133394637,0.0038987747151970707
2026-05-04T04:38:52.100Z,0,4.509533444434055,-2.586194268133113,6.074687876207463,7.995381508867215,0.009495542220183673,0.03551970038895291,-0.05759508903935284,0.001836638162913141
2026-05-04T04:39:52.100Z,0,1.7047915122248014,-1.5267941680576769,5.860340570507105,6.29134374629937,-0.1300563372503838,-0.11332631411953287,0.48472999061122124,0.005125440507601032
2026-05-04T04:40:52.100Z,0,3.674995093660982,-0.08269147656392306,4.815897735170438,6.058489730481382,-0.012177314446470966,0.06102715365674527,-0.06067923908670281,0.0015273111173824782
2026-05-04T04:41:52.100Z,0,3.7828430548643155,-2.679159263607289,6.484283653662715,7.9708048802279325,-0.017080801459234962,0.03308285947145606,-0.04784602125784687,0.0052677750749118915
2026-05-04T04:42:52.100Z,0,1.8385932074806988,-4.7523428956992575,7.873288252994826,9.378371708118829,-0.060721892053861026,0.007407168202355763,-0.20594148546138058,0.0010102276646375666
2026-05-04T04:43:52.100Z,0,3.008586124337853,-2.8492125438788207,6.376357860972348,7.604442264817226,0.10005441993299335,0.06971797595500817,0.034797137954178936,0.006217797379600783
2026-05-04T04:44:52.100Z,0,4.7250575166799536,-2.9120137314748717,8.27380562941471,9.963024244754525,-0.015940903999256406,0.02854079352054839,-0.05757465424860442,0.002571778886597642
2026-05-04T04:45:52.100Z,0,4.342110041875458,3.169803289893025,7.755292451292917,9.43642588682035,0.021175658022398736,0.09377827069334543,-0.05547871485500622,0.0026750658969816525
2026-05-04T04:46:52.100Z,0,2.435822795519016,-1.8521654292271705,7.105583839802421,7.736476664015451,-0.027605533551744443,0.018117380295112895,-0.00797039981836889,0.0007167916028340776
2026-05-04T04:47:52.100Z,0,2.9240829681498326,-3.9410892231899197,8.233054809807072,9.58465633035713,-0.01820651357786751,0.05051310251369401,-0.012976813268394949,0.0003971806236758149
2026-05-04T04:48:52.100Z,0,1.0349291818698703,-3.0939795078666066,7.566549445982673,8.239930711182287,-0.025391652398454312,-0.1853843331454108,0.016007303862863864,0.0024144631474257755
2026-05-04T04:49:52.100Z,0,1.6111692483704587,-4.70543214942154,6.738205477404335,8.374984842698298,0.012302581363865528,-0.0683053333072614,-0.047768129542546944,0.0038161017702164164
2026-05-04T04:50:52.100Z,1,2.6477589996574125,-4.973410280399548,8.487973514547775,10.187793280250402,0.04195126685679895,0.08110745312772671,0.016066773451228755,4.674102602213473e-05
2026-05-04T05:48:52.100Z,0,-0.08520689789293101,-4.262312564605963,-3.416562655729649,5.463283719007538,-0.03225225439518198,0.013597205857251993,-0.027765235424581647,0.005356077538677545
2026-05-04T05:49:52.100Z,0,1.7062016941054026,-3.426172437684727,-1.0684910016607319,3.973846350118309,-0.051003967150464735,-0.010916724465293015,-0.06641062957246646,5.7143490943033356e-05
2026-05-04T05:50:54.100Z,1,0.906330710677139,-5.995530810650962,-0.5623760789603693,6.089670919907606,-0.01853109434096778,-0.009198398784882045,-0.021784164498050984,0.0019294876318078167
2026-05-04T05:51:52.100Z,1,-0.218832615246356,-5.578712040005485,-1.044874269155116,5.679936441294053,-0.017322439534381284,0.0068873192144991435,-0.09871673672368075,0.001558562041579868
2026-05-04T05:52:52.100Z,1,0.3378418937245442,-5.025501091949991,-0.9268735811929218,5.1214151370357905,0.005496103233637584,0.03501012439510731,0.04774298244125674,0.005241115854930588
2026-05-04T05:53:52.100Z,1,0.7695584345128736,-6.100688746300875,0.11021943191735772,6.150022088297264,0.0013012052514360661,0.015244225718191728,-0.01015445190244435,0.0006452061771824109
2026-05-04T05:54:53.100Z,1,0.15808161788299913,-6.997204403887736,-2.1558361577262986,7.323488841164333,-0.04162616973957256,-0.0007913226625078096,-0.049946344811147014,0.003941534047623608
2026-05-04T05:55:52.100Z,1,-0.07224313367260038,-7.382636031252332,-0.33173782321682665,7.390438675996213,0.01560328985539261,0.044544834037374414,-0.07336005538682855,0.001592500478103832
2026-05-04T05:56:54.100Z,1,1.4257298744269065,-7.309102930776135,-0.41031395085155964,7.458153180632392,-0.00666752554145944,0.0035341003910005497,-0.022480418295778293,0.008283382871390872
2026-05-04T05:57:52.100Z,1,1.7141423481916718,-7.924495387214847,-0.13577488243754487,8.108905348476721,0.022377672259876746,-0.021692021151764607,-0.015938113601343673,0.0011682704073310518
2026-05-04T05:58:52.100Z,1,0.2635641415054124,-8.149077974849206,0.8803443033684744,8.200728259693358,-0.012209342522107036,-0.0020529474333841335,0.015074506639400909,0.0026245632783405072
2026-05-04T05:59:52.100Z,1,1.46142682547179,-7.600427240504359,0.2898638467740966,7.745081255485699,-0.019360633294329688,-0.012340206140493137,-0.014065067255319974,0.004138160483168828
2026-05-04T06:00:52.100Z,0,0.9183167776427581,-8.126166269903479,-0.2737191825872287,8.182469440281059,-0.03504637560181045,-0.030614672278161947,-0.00541405922982463,0.0002226057502959721
2026-05-04T06:01:52.100Z,0,-0.15408960848617426,-8.673348857655583,0.10742371432570508,8.675382635275424,0.010845133253223338,-0.019725763539923946,0.043448147343028154,0.00402557770170236
2026-05-04T06:02:52.100Z,0,1.3807438901949354,-8.036123049578237,0.3468117547527072,8.161250256640088,-0.056208073408114956,-0.04651165048574768,0.009156037277247009,0.0020086044640750395
2026-05-04T06:03:52.100Z,0,0.3953894336063968,-8.537227032320516,1.0599474489936256,8.611856176238655,0.010375651056548918,0.032085249195290544,0.04913629874025993,0.002027740899332062
2026-05-04T06:04:52.100Z,0,-0.33688469738990534,-8.884285133206049,1.6348652188753476,9.03973439384863,0.011936597265727045,0.000714899298870364,0.016888838079265334,0.0015295911737306306
2026-05-04T06:05:52.100Z,0,-0.44070962223941024,-8.519022513219454,-0.20558122469083173,8.532891256298752,0.0039350529403847645,0.02412439663679322,0.013043725156480779,0.0052382149522966735
2026-05-04T06:06:52.100Z,0,-0.1509437513504963,-9.23989444873996,1.566573876516486,9.37297109514967,0.011049273973995355,0.01664768734688238,-0.04968849737309322,0.0006359371002579337
2026-05-04T06:07:53.100Z,0,-0.4431671649172131,-9.990924530598022,-0.05832312581333099,10.000918542772494,0.013416917728381605,-0.03961057075319019,0.0516705015565222,0.0038884809982171714
2026-05-04T06:08:52.100Z,0,-0.000982568508334225,-7.9494811247968755,-2.2845211315143388,8.271232551396329,-0.02066756028984429,0.006635655962483611,-0.12041944901630686,0.0018440124098145412
2026-05-04T06:09:52.100Z,0,-1.2258859244411724,-9.844979333138326,-1.1098904524260433,9.982898936984698,-0.047033484239289436,0.012942774762159104,-0.05511059204410529,0.005145483347662699
2026-05-04T06:10:53.100Z,0,-1.5262396583750615,-10.16995763666273,-0.8410671962337801,10.318180065054687,-0.031217760526836003,0.03123069164434611,-0.06866105866620842,0.0013601177617551365
2026-05-04T06:11:53.100Z,0,-1.7037432616433534,-8.207373233744875,-2.1277360674503143,8.648177685056885,-0.028397693307535832,0.17022418049972288,-0.18559806700668702,0.005079499647309972
2026-05-04T06:12:52.100Z,0,-1.956386282870426,-9.833392209657177,-1.004548134005745,10.076317114416579,-0.021265231603173618,0.021402205719667222,-0.03178057860031558,0.0009824244391333414
2026-05-04T06:13:52.100Z,0,-2.3842297105147736,-9.970187127692043,-0.15038170749903657,10.25240446586301,0.0007697172645926287,0.04391712726103947,-0.05259796646628345,0.0062142757372652966
2026-05-04T06:14:54.100Z,0,-3.4294824454264017,-11.609297326231172,2.8182406940686633,12.42898285709779,0.015703565461322455,0.005078638070976638,-0.00054305078034389,0.002897412555384637
2026-05-04T06:15:53.100Z,0,-2.80817552516055,-9.939708643287304,-0.7445467781508341,10.355578573812563,0.022568276961898448,-0.03020573663370385,0.02435237232223386,0.0028022180083600813
2026-05-04T06:16:52.100Z,0,-3.417997581891541,-9.659352689595835,-1.702583891528775,10.38675087597233,-0.013823570022442055,0.0055682180013505445,0.03304296554862418,0.0007066991349498015
2026-05-04T06:17:53.100Z,0,-2.393762950987366,-8.947675272793276,-7.783893584928592,12.098759985815425,0.03817980029063861,0.07109021883611177,-0.10989236174907546,0.0006058961232239344
2026-05-04T06:18:52.100Z,0,-2.6883239136168413,-9.355623845294758,-1.6840068255987717,9.878798610551554,0.04111066183432044,0.04586000130313295,-0.004198573463121136,0.0024129685492879725
2026-05-04T06:19:52.100Z,0,-3.562491889397279,-8.868398663253174,-2.274665685945365,9.824151225181206,-0.01065264003585753,0.04727982509145079,0.011326954133750178,0.003824046252098569
2026-05-04T06:20:52.100Z,0,-2.2349536945966975,-6.743998407728213,-2.6826797147805337,7.594294107586766,0.03756506529883907,-0.07424602475536446,0.06207313475581344,4.881229740910813e-05
2026-05-04T06:21:52.100Z,0,-3.1321603282776778,-6.171146064843924,-2.420678115413466,7.331654289048063,0.01720448752617898,0.015728993450370155,-0.048624915303996374,0.008146458534760747
2026-05-04T06:22:52.100Z,0,-3.5447948866931256,-7.8014298269408755,-2.0294574669605936,8.80605335798112,0.017721160336936492,-0.013868630527547054,-0.020580022935590137,0.0026813271785378744
2026-05-04T06:23:52.100Z,0,-3.7944055025036505,-6.157786195217341,-5.842422226123745,9.297835307841495,0.07670147584049047,0.05582747102161889,0.08107414546287828,0.0033605149468507204
2026-05-04T06:24:52.100Z,0,-4.844066279474646,-6.438161708501866,-2.4822561263135867,8.430687977940137,-0.043194422153280954,-0.11165710804661444,0.03155107482744057,0.003936242290145368
2026-05-04T06:25:52.100Z,0,-3.8979787159405532,-7.392766739030776,-2.1294439543453336,8.624486632973767,0.04827731186329842,0.06949107566578405,-0.08651759009659088,0.001474092080668088
2026-05-04T06:26:53.100Z,0,-3.589825871586072,-4.025805178571318,-1.8073714400088647,5.688633284566694,0.0383938618893076,0.08144386222386224,0.0025434864774354082,0.005577340705827381
2026-05-04T06:27:52.100Z,0,-4.988909585335932,-5.085484690425801,-2.870276192879828,7.680485584298995,-0.051543214887095345,0.004098158126741858,0.03504066289217178,0.0027449467708377134
2026-05-04T06:28:52.100Z,0,-4.365619576219615,-6.657203558461333,-1.655750834970604,8.131328571061928,0.0440449859073766,-0.06627877291173756,0.08100724906956458,0.0026451309586424626
2026-05-04T06:29:52.100Z,0,-4.626263501904759,-2.8296702266743523,-1.9634821758813814,5.7675479916327745,-0.009773223555553656,0.027059124905637333,0.012580712831500307,0.0007131472185463726
2026-05-04T06:30:52.100Z,0,-5.7738994596547855,-4.438600542925997,-1.7564653745720804,7.491612667639419,-0.024656916168375176,0.017839366916461152,0.01365679640841222,0.00036444605437048244
2026-05-04T06:31:52.100Z,0,-6.022122416652564,-4.601285570970504,-1.0607040416061864,7.652638784801643,0.036929852878397895,-0.025090928211124464,-0.057899782127890376,0.00206937879835308
2026-05-04T06:32:52.100Z,0,-6.078654364046088,-4.6462943910228205,-0.18251744222652633,7.653195611135494,-0.050074115676257414,-0.20687581934031307,0.005041349217194124,0.00275558621675958
2026-05-04T06:33:52.100Z,0,-6.7257909668114735,-4.123487001379544,-1.6763375431310124,8.065328061418171,0.016927326008775445,0.013071455049029623,-0.0022330902833544997,0.0053943821603246005
2026-05-04T06:34:52.100Z,0,-5.719806599245203,-4.365223852801137,-1.536119716547546,7.357379329720541,-0.018762136112904226,0.0572940260235022,0.024671920388463775,6.972434222772862e-05
2026-05-04T06:35:52.100Z,0,-8.518859773630538,-6.5646414641378215,-0.830562633836962,10.786812489525545,0.016330252302271253,0.06488333939502766,0.021169727287606577,0.0019570010888874446
2026-05-04T06:36:52.100Z,0,-6.84988610464643,-3.93937118951726,-1.5199244016912417,8.046723258711173,-0.00649000462893401,-0.007254541146917148,0.018269633129008866,0.0015299240021927373
2026-05-04T06:38:52.100Z,0,-11.844080309856508,-3.2371573306591017,-4.3073164861198165,13.01208673815888,-0.05039546671381512,-0.13070640282464296,0.040298409893502196,0.0006794497910672914
2026-05-04T06:56:39.100Z,1,-4.856808849808658,-2.6923495438495593,0.0024035261958488263,5.5531382160706935,0.01686804368805639,-0.021080786894778214,0.021031031056994998,0.006217825790925243
2026-05-04T06:57:39.100Z,1,-3.4975562334125243,-2.3402079934840003,-0.9692085022834362,4.318430059587363,0.025446518790772643,0.02267963581559229,0.05219121718980091,0.002856668604472038
2026-05-04T06:58:39.100Z,1,-4.524551579066838,-1.6865862257873232,0.9722581226014881,4.925588893281321,-0.018000383019689536,0.0012572336096638992,0.058144750515465304,0.006550966141075299
2026-05-04T06:59:40.100Z,1,-3.7339656379344888,-2.2765218996028125,3.182310214469908,5.408525644366145,0.0014780999659791405,0.0022851831449344218,0.04391177249862821,0.0005224561303998418
2026-05-04T07:00:40.100Z,0,-2.8446124638321635,-2.715749808430701,2.6057291879624245,4.717726326566644,0.034282696384835276,0.0012216906615236667,-0.05769843624969795,0.0015824304317983854
2026-05-04T07:01:39.100Z,0,-3.337328233101289,-1.5108678608157788,1.401554761287116,3.9223509757781243,0.032956963897490255,-0.06187115420441813,0.004139059716745663,0.002959493711450346
2026-05-04T07:02:39.100Z,0,-1.995458522969784,-2.4316690423802356,1.5278879664037959,3.4970431347703865,0.0176657111570222,-0.014474936871344823,-0.018754113482177814,0.002111863209767344
2026-05-04T07:03:39.100Z,0,-0.8913171845961188,-1.7092960997615592,3.0830876021354925,3.636147500124,-0.05000034765689776,-0.05220086446566796,0.026778368226842986,0.0009418635772960796
2026-05-04T07:04:39.100Z,0,-1.9423653825469955,-2.2240128091652878,3.4077819636877393,4.509101259306967,-0.0029097403224653817,-0.03310286684055086,-0.003365373665964455,0.00646103791524396
2026-05-04T07:05:39.100Z,0,-0.3776937508064293,-1.874277419574355,3.6050694461664534,4.080697749969658,0.003659112772780304,-0.028023950203071024,0.05523966555021076,0.0019272073858272597
2026-05-04T07:06:40.100Z,0,-0.07421840564347804,-1.9791314298345242,4.864231104875216,5.251972375206354,0.05355905868498212,-0.01919630852009746,-0.0682965708946881,0.008672211142087615
2026-05-04T07:07:40.100Z,0,0.14931464147593942,-0.13783129725197796,2.309571354999207,2.31849351357603,-0.026066572491600937,-0.038936307736214815,0.000793536542254003,0.0006907297704924455
2026-05-04T07:08:40.100Z,0,0.42196560298179975,-2.001416261009581,4.150993689108873,4.627577187573974,0.02073462615692634,0.008475207891933678,0.04719385207607729,8.330866385319013e-05
2026-05-04T07:09:40.100Z,0,1.0656434747033927,-2.4587838979641674,3.7684474964407855,4.624111893704197,0.1562755113027059,0.11903857616912816,-0.15239232348562837,0.006684038530944373
2026-05-04T07:10:39.100Z,0,1.9421210249674914,0.17364790892315796,2.8240253436706553,3.431778957565351,-0.03944342689576885,-0.02595068937027989,0.0029810582340417113,0.003526913664996429
2026-05-04T07:11:39.100Z,0,2.224391389063385,-0.952222837440786,2.576820631929877,3.534777214057854,-0.030657534817457588,-0.020978213667088852,0.04154487104823801,0.004805094641868042
2026-05-04T07:12:39.100Z,0,4.834134906104737,-0.8396833254664671,5.805265868730203,7.600989421393146,0.03682185578846031,-0.03918977549877134,0.04427936999817916,0.000845156149070138
2026-05-04T07:13:39.100Z,0,2.0775283014700108,-1.744999312904838,3.965395285831619,4.804737892782795,-0.014077861325567653,-0.06552568571205342,-0.003970028936706171,0.001438052003400621
2026-05-04T07:14:39.100Z,0,3.2701950071896135,-1.1059888020099606,5.4407326697401,6.443520667988622,0.047137065623648056,-0.015237047692462369,-0.034271863940560365,0.0029068152487454354
2026-05-04T07:15:39.100Z,0,1.9182594660378527,-2.594935260276543,4.761121231467769,5.751667911554307,-0.0257006980088903,-0.026158135723985954,-0.0733551962230905,0.00216261378763705
2026-05-04T07:16:39.100Z,0,2.6635737403921667,-2.1316115653462475,7.19308799943974,7.961087105647607,0.014083326342673175,-0.04294105526209081,0.012988879126929476,0.0004176725463596273
2026-05-04T07:17:39.100Z,0,3.8019343173800735,-1.8598940259835217,6.651654790744033,7.884061250192665,0.027591757794098726,0.02244065160528219,0.0011049528332307545,0.007423390144096892
2026-05-04T07:18:41.100Z,0,2.4122937948050094,-3.5417277622400434,6.358373226049707,7.667588080747581,0.06529462631599259,0.09486773855105213,0.18307202854739302,0.0024256891133462542
2026-05-04T07:19:39.100Z,0,1.563540374263539,-4.26165687986213,8.081204782513396,9.268886049604115,0.016233104509710827,0.01119093363244339,-0.023210064529877172,0.004602602292436354
2026-05-04T07:20:41.100Z,0,2.697005977097433,-3.8229190304264193,8.641021147127503,9.826280965797816,0.07044368013942037,0.01892486760546319,-0.023031980313170664,0.0020266255400320475
2026-05-04T07:21:39.100Z,0,2.88851712775795,-4.2089658472832525,9.694374101627545,10.956268248051192,-0.008130061905808894,-0.05789491669228042,0.020124593615555852,0.00237360277389644
2026-05-04T07:22:39.100Z,0,1.556994183374627,-6.074142878787825,9.813987142933911,11.646191920136959,0.034424310961993485,0.07188812180070059,0.09353591288085994,0.007538862043509713
2026-05-04T07:23:39.100Z,0,1.843650774389971,-5.71876779122249,9.013673103936526,10.832804625417243,-0.0708704574656216,-0.08764149622519923,-0.014270660168236304,0.0011762609166451365
2026-05-04T07:24:39.100Z,0,0.7356434107350651,-7.461071592842927,10.244353525649785,12.694705183649551,-0.0018682982262374637,-0.03203390573691678,-0.022198324449718143,9.926424327512584e-05
2026-05-04T07:25:39.100Z,0,-0.3224397514713928,-8.022846132917039,10.365158354488813,13.111313251517561,-0.014151757118163744,-0.023959804575923727,-0.01815935698079585,0.0016877263782113458
2026-05-04T07:26:40.100Z,0,1.3207682259235298,-6.4908968888630625,10.02055123262835,12.011978110793864,-0.02325482536047474,-0.0770198231121455,-0.009383959757691684,0.005537388986104795
2026-05-04T07:27:39.100Z,0,-0.8061108392212191,-8.617070232503465,10.225400794297457,13.39636277058166,-0.07343219964606185,-0.07832146935582429,-0.029437576039015312,0.0038365656570617927
2026-05-04T07:28:39.100Z,0,-1.6005906018108362,-9.747940188390203,11.402465933315398,15.086432896859886,-0.028220348106788862,-0.08728996783702314,-0.06500453360125391,0.0007785550629067098
2026-05-04T07:29:41.100Z,0,-0.8095246616903751,-8.633911816104956,11.09110213474196,14.078789365191858,-0.029720251569997913,0.004096364994765622,-0.026109876159807754,0.004691395804843135
2026-05-04T07:30:39.100Z,0,-2.5451646506553516,-11.103612278020591,10.906787448220712,15.771051999160363,-0.035260101293399515,-0.03510750135049534,-0.09095713965567853,0.00015977498661334284
2026-05-04T07:31:39.100Z,0,-3.5766929645433265,-10.647592314853682,7.6021243976356345,13.5630472248338,0.020638990851473693,0.02673267462593998,-0.026085727080626953,0.003800121749848841
2026-05-04T07:32:39.100Z,0,-0.8428537862528174,-8.47643658198649,7.040625993795402,11.051280198146594,-0.0053425136989915245,-0.09184140641682603,-0.09198961258505278,0.001139305014339042
2026-05-04T07:33:39.100Z,0,-3.556026433216175,-11.223627356685029,8.055161838456115,14.265369510783113,0.013567881110621016,-0.0028503479141406274,-0.006239150042830488,0.0022289348111091773
2026-05-04T07:34:40.100Z,0,-4.3004008598472865,-11.24587170261293,6.350311329697433,13.612109751654557,-0.00820216748564917,-0.009116124646268986,0.11768342567908263,0.0022279304658042076
2026-05-04T07:35:39.100Z,0,-4.519798482306214,-10.51163478291528,7.468544817129441,13.66390155905417,-0.03256528700479322,0.031992267242486605,0.01724350659637608,0.0075363265336532365
2026-05-04T07:36:39.100Z,0,-4.927140668769425,-11.093452559862271,7.813326942596177,14.435701672577462,-0.015831518868303363,0.0015985272927565575,-0.07990081844200247,0.0011538476660590139
2026-05-04T07:37:39.100Z,0,-5.6129691411115346,-11.436472341529225,5.931120486820873,14.052633647356625,-0.010492863164124344,0.0065406489984098926,0.11491557831666555,0.00016214308111853142
2026-05-04T07:38:39.100Z,0,-6.163037033275032,-10.040700317176743,6.454467642470263,13.433496971398338,-0.05492821020869343,-0.041635896434577546,-0.05428888315117675,0.0021267859546243544
2026-05-04T07:39:39.100Z,0,-5.699734844711202,-10.98550202698334,5.052609526501328,13.367763280076517,0.018159480831947405,0.02864287079162864,-0.036131800473349074,0.003050948291324651
2026-05-04T07:40:39.100Z,0,-6.360000287941148,-11.566786650888616,4.212917106087843,13.856003306601588,0.015613545915726945,0.011481715405103898,0.18375490685440532,0.0024587874880824287
2026-05-04T07:41:39.100Z,0,-6.943878990568919,-9.532273057232032,3.9367463423332083,12.433006749663175,-0.030649248759395675,-0.017418566825355697,-0.10239748453844122,0.006127734430345334
2026-05-04T07:42:39.100Z,0,-6.486005731744626,-10.33542964495382,6.332283667688898,13.747261281655119,-0.025702678491335007,-2.516599284518861e-05,-0.02630039081741309,0.002913900115355394
2026-05-04T07:43:40.100Z,0,-6.647051407526305,-10.514137775544441,4.441378650881234,13.20818798692431,0.026041779698893208,-0.006194585113306061,-0.0499492993650541,0.0065852989980153456
2026-05-04T07:44:40.100Z,0,-7.329093082319105,-8.726902746730048,3.386388068065571,11.888736733047757,-0.004128650672896583,0.04327141792970224,-0.14026198591421402,0.0006322361474991259
2026-05-04T07:45:39.100Z,0,-6.990579567570876,-10.110217548117362,3.1992074991649133,12.70116648908724,-0.007474019011688426,0.0031059677390032903,0.022667381970764566,0.0015954761475010985
2026-05-04T07:46:39.100Z,0,-7.350775611428162,-9.150283146254878,2.2090570964792278,11.943262410317727,-0.009303679847860735,0.10775198913659523,-0.10901618848291328,0.0029021634343242373
2026-05-04T07:47:39.100Z,0,-8.951093552013845,-7.977326518812333,2.6001619808084797,12.26868601322457,0.02467233715375272,0.02881662866816015,-0.002814735228007237,0.0020016439039010317
2026-05-04T07:48:39.100Z,0,-7.3748616484863305,-8.841224243496981,2.401980141257809,11.76117932254713,0.012291294795296892,0.009622894508787283,0.030479797347382487,0.0008842017606593348
2026-05-04T07:49:39.100Z,0,-7.511346853334544,-8.777739103152271,2.4741047718634945,11.814830922880992,0.002480840793239736,0.004226245953198315,-0.0051416232573764376,0.0064781677083614745
2026-05-04T07:50:39.100Z,1,-8.569093865389732,-7.2207903785965755,1.765795269420778,11.344038800136467,-0.009313095620022693,0.03423633094712386,-0.05319354534272236,0.0018826476199767161
2026-05-04T07:51:39.100Z,1,-7.735557493560918,-7.01773079299528,1.922403816934093,10.619935576758618,0.025446152029040547,-0.005274640401786712,-0.07052771359283838,0.008634974359984357
2026-05-04T07:52:39.100Z,1,-7.238296715058823,-7.859572366669454,1.4043199971638387,10.776731033879415,-0.0075869206925816,-0.04380714042362399,-0.006778064181922616,0.0005207745462975497
2026-05-04T07:53:39.100Z,1,-6.859125948722067,-7.2656811635170016,2.946383739072189,10.417240934536705,0.06810093518971883,-0.008790148208426274,-0.024472466630065526,0.00017304820332142415
2026-05-04T07:54:39.100Z,1,-8.08350180159323,-6.797820152769418,2.045664458819374,10.758164494180026,0.029433284036706198,-0.044606968616633935,-0.007152548800348768,0.006907563320795646
2026-05-04T07:55:39.100Z,1,-7.707863764608192,-6.906343087848654,2.3429971133737126,10.611238105617666,0.007074081825209078,-0.010404096306704247,0.008537971109667808,0.0035011890175876336
2026-05-04T07:56:39.100Z,1,-7.893662588685402,-5.907711327836296,0.3765239407584886,9.866748830036219,0.08095013183861965,0.00031370969155730677,-0.024781473367596618,0.004754069769502065
2026-05-04T07:57:40.100Z,1,-7.681598804083478,-6.418108413527079,3.551747557139606,10.621392870256281,0.03558704468265006,0.027130385737539342,0.02770162480203453,0.0009194469583406904
2026-05-04T07:58:39.100Z,1,-6.811592968915647,-4.0389268988292315,1.6671222697368648,8.092590804589095,-0.007917681621449901,0.019305164387084517,0.0016093902299729734,0.0014338723488313784
2026-05-04T07:59:39.100Z,1,-8.76296275328059,-4.275445260645938,1.9932410200453887,9.951982624389691,0.10628826449554651,-0.03501000107908325,-0.05555138265656012,0.0029575046255894437
2026-05-04T08:00:39.100Z,0,-6.541673309584439,-3.4567193397379015,1.9786348666457343,7.6588115408693564,0.005582106272328247,-0.046846851729176464,0.04329767096944437,0.0022005465712636634
2026-05-04T08:01:39.100Z,0,-6.264538688810717,-1.9008413964911597,1.3688656949852884,6.688156419307814,0.0009158147316057352,-0.030392290528369337,0.046433887782804106,0.00040760475236951846
2026-05-04T08:02:39.100Z,0,-8.331195208484132,-2.7908883484997205,2.826613683737378,9.229713770900583,-0.016381390809172558,-0.017426314432023027,0.022516633954694498,0.007370995288313391
2026-05-04T08:03:39.100Z,0,-5.849903312991955,-2.8847384883192717,2.505341276901163,6.987118134902942,-0.00417735647673112,0.00015579892378297933,0.06094321126326463,0.001881178086234703
2026-05-04T08:04:39.100Z,0,-4.737061511150387,-0.7208359847936663,2.6492094757486484,5.4751864921473015,0.031920620823022716,0.045210598545508685,-0.010957393021371331,0.004619254448770731
2026-05-04T08:05:39.100Z,0,-7.182763495620748,-2.272474899655208,2.762449067631678,8.02417338140472,0.03324826781159196,-0.0017334030030236036,0.014581474241381898,0.002004831250719558
2026-05-04T08:06:39.100Z,0,-6.568524498106854,-2.532390476517321,3.2500262522603407,7.753785285147307,0.1241929826616417,0.10953741843033882,0.028006979446715263,0.0023784346282737213
2026-05-04T08:07:40.100Z,0,-8.165023925357673,-4.967646555087413,2.602769181279996,9.905530546566197,0.018028970841243996,-0.02189678879904733,0.000999301247084361,0.007407468869976541
2026-05-04T08:08:41.100Z,0,-9.269623798900284,-3.199273781319789,3.327793481730623,10.355456897598849,0.06649305098510583,-0.01032834902270352,-0.004957547512063343,0.001131004024159941
2026-05-04T08:09:39.100Z,0,-7.601604938827222,-2.9233193045001826,2.689077943045959,8.576790401184008,0.004059631765647442,-0.09623569942140975,-0.017885065462408534,9.063908906436401e-05
2026-05-04T08:10:40.100Z,0,-8.225134443819115,-2.403500998752861,2.462713287513907,8.915975011539857,-0.0998125144836548,0.06046922214109074,0.03422547186993086,0.0016681692909199582
2026-05-04T08:11:39.100Z,0,-7.566880118247354,-3.4429373381499317,2.4886125240755064,8.677827178121232,0.05694857590587965,0.011443010627054662,-0.018967981803896805,0.005327008208463762
2026-05-04T08:12:40.100Z,0,-7.97324391805887,-1.9518172921380028,3.2770166026239167,8.838611154057208,-0.08549193286100376,-0.01734996873414829,-0.022915503157250328,0.003608689524080486
2026-05-04T08:32:52.100Z,0,-39.827243936076506,-11.455136062522797,-8.723154405743117,42.350005012291184,0.0408495290695754,-0.030503984100871406,-0.1655039072046005,0.0003894558188000976
2026-05-04T08:33:39.100Z,0,-9.788347268738562,-6.019166906753526,-9.329443222668488,14.80137234683911,0.0055636504443512536,-0.0017496586295351335,0.051278236457452664,0.0008822491219740432
2026-05-04T08:34:39.100Z,0,-9.392367086206832,-7.146184304701819,-3.8707959956809646,12.42044971967633,-0.00909139648008761,0.0203393284112785,-0.008822106351003,0.006384477794059854
2026-05-04T08:35:39.100Z,0,-7.73533433243756,-5.618293283987441,-9.577617817740247,13.532604321496327,0.024862925627644472,0.08825150468982912,-0.052045819802115645,0.0019490936049714489
2026-05-04T08:36:40.100Z,0,-3.269512793622198,-4.351696957883178,-5.098231979900447,7.4578113171217035,0.06171340003913173,0.022584842045425546,-0.06538781164477925,0.00873881304755566
2026-05-04T08:37:39.100Z,0,-2.7525788480033953,-3.7558791177616513,-1.9775408654822968,5.059049924280863,0.03480201502537028,-0.024700335326421907,0.08118180051930324,0.00038600633845755006
2026-05-04T08:38:39.100Z,0,-3.4371818651379726,-4.546666279566125,-5.33160016493639,7.804636682801241,0.024540219025759313,-0.051606346131105596,-0.04684952150890709,0.00020574624266903093
2026-05-04T08:39:39.100Z,0,-1.6369659820156812,-2.4324570740645868,-3.2771659180070856,4.397308437850436,0.08627991695941972,0.019502647369495918,-0.2618061403811822,0.006818051916851428
2026-05-04T08:40:41.100Z,0,-5.65365642796678,-5.877360241356655,-4.028503133667982,9.095934911274531,-0.06251778995647328,-0.11232989597864673,0.00571070221866421,0.003362416820388003
2026-05-04T08:41:40.100Z,0,-5.7877324875335034,-6.664772866315616,-7.926099950054777,11.86339349111737,-0.02662079672788309,0.00681280410974594,-0.0008264054045525882,0.0048716591113325885
2026-05-04T08:42:39.100Z,0,-3.24832390060692,-4.509869232606434,-8.099220149233588,9.822825239421478,-0.09710962972686588,0.0030585243278036245,0.012714851373551994,0.0008859811714248759
2026-05-04T08:43:39.100Z,0,-4.681167959461163,-6.921386197518586,-5.168086461708299,9.824868346984564,-0.055530436688933094,-0.2142008902232817,0.11405222947491467,0.0014785679262719117
2026-05-04T08:44:39.100Z,0,-2.6943154425680405,-5.853049916822783,-6.801991624342918,9.36934464573222,-0.03284497458722058,-0.03289539938777786,0.05691315527922569,0.002889865612908188
2026-05-04T08:45:39.100Z,0,-2.685041150471079,-3.7613634376612026,-6.276307537518733,7.794186115009829,-0.19672379595636613,-0.018310511556762776,0.031891049066423705,0.00212305884427892
2026-05-04T08:46:39.100Z,0,-1.1186539668415207,-5.677270544310886,-6.174189545617992,8.46187946475538,0.019781831147369644,0.06776778702100028,-0.06235676874943863,0.0004201323120069439
2026-05-04T08:47:40.100Z,0,-2.9963066926939064,-5.4607361134912935,-5.507496624431951,8.314445968674018,-0.06370731138405361,-0.015476757013299647,0.06609000008328536,0.007168094583025098
2026-05-04T08:48:40.100Z,0,-0.3671410786409979,-3.9731367405693163,-5.625754808534111,6.897080925770853,0.3295227717581284,-0.056651609969426975,0.15359840025652716,0.0022007419106969675
2026-05-04T08:50:39.100Z,1,-0.3670483038149541,-4.754851643156144,-5.018018955979642,6.922705601737599,-0.018592719564392013,0.03254851585893226,0.025203469237844445,0.001917198595914533
2026-05-04T08:51:39.100Z,1,0.8939834224293008,-3.3859535988085554,-4.513278911190355,5.712580385697746,-0.020880010632051693,0.042293814869032165,0.05016122891632335,0.002352108072050947
2026-05-04T08:52:39.100Z,1,1.9890644489350962,-2.7436994300842343,-6.281736356640977,7.137539884232317,0.031617488287505324,-0.007563040101299379,0.07205940581300752,0.007589398198841876
2026-05-04T08:53:39.100Z,1,2.821317402776913,-2.704231995721784,-5.6448225767553595,6.86561901775392,0.024529086324553973,0.01859249912694594,-0.00661867922602255,0.0012433963086186603
2026-05-04T08:54:39.100Z,1,2.432285727991257,-2.403259280072234,-5.412632167178799,6.402207119972138,0.1717935361946754,0.12719459667165367,0.045398459826984094,0.00015266959283436973
2026-05-04T08:55:39.100Z,1,4.343809615420469,-2.1824777350047952,-4.089253573546614,6.3524708442915925,0.055220546617662514,-0.040421258566292195,-0.0012867958814055669,0.001659012686533474
2026-05-04T08:56:39.100Z,1,2.4758290874160593,-2.198179206061468,-3.6115922903832143,4.899522462854103,-0.027804080603599513,0.02755988834013401,-0.016464752750522393,0.005277285192074937
2026-05-04T08:57:40.100Z,1,6.09362983959727,-1.3321246901796258,-3.984414670753722,7.401516133923772,-0.1957652491617612,-0.11566282413100204,-0.04302690818924759,0.0035956772565517337
2026-05-04T08:58:39.100Z,1,3.4018915712294984,-3.2448163256049156,-2.0705738113520056,5.137020065910903,0.009154875694306064,0.009042830231065224,0.03604054336925344,0.0007921046488661806
2026-05-04T08:59:40.100Z,1,2.5155530202027876,-2.56367864949425,-2.2941242918932403,4.261861269677684,-0.04489943880092717,0.00592252093500889,-0.01504056684442645,0.004759802017490719
2026-05-04T09:00:39.100Z,0,2.8776762746929307,-2.9323075000320387,-3.8619266924797557,5.638610271579545,0.03785459099314714,0.03878367185849996,0.008699589174376854,0.00018498885247746907
2026-05-04T09:01:39.100Z,0,2.3744536529193283,-3.6451362639127183,-2.825206950546999,5.1871806259058095,0.023366182050121864,-0.04982764466632261,-0.05614389703278988,0.003804010051104917
2026-05-04T09:02:39.100Z,0,1.345428256172454,-3.949579037453077,-0.555600099687581,4.20928060793871,-0.01625482620504215,0.023141618144872922,-0.0037189128478942735,0.0011692111025989442
2026-05-04T09:03:39.100Z,0,-0.028713900974253193,-1.991142395127099,-3.4227512301185925,3.95988617375045,-0.14428835472113377,0.006397206980146564,-0.03458035273240512,0.002196308912558235
2026-05-04T09:04:40.100Z,0,3.4573729453768465,-2.791289729429991,-0.8791825598564174,4.529645461909884,-0.11985978422890398,-0.019025724899091045,-0.022918969363239228,0.0022237055018909492
2026-05-04T09:05:39.100Z,0,0.9845789199971478,-2.2426475993597705,0.006495901288872119,2.449266441478029,-0.04001370371664592,0.015152848209076808,-0.00853691852409355,0.0075795000119916085
2026-05-04T09:06:39.100Z,0,0.40901542524807155,-0.36156439705337107,-1.0897755782934837,1.2188655554868737,-0.09626051928890433,0.035650204759818394,-0.01789070262425696,0.001202324147389783
2026-05-04T09:07:39.100Z,0,2.0081423681403976,-2.3986801331830065,0.7830175127310213,3.224812952295194,-0.02155503401368719,-0.030980498746391305,0.027066835826872193,0.00018332713595775696
2026-05-04T09:08:40.100Z,0,2.382611153734615,-2.114812453328341,1.0491309312783414,3.3540935189135963,-0.004625238610778126,0.020920300999094366,0.023001497845065444,0.002045141229686051
2026-05-04T09:09:41.100Z,0,1.8361261600148282,-1.7336905081037912,0.1810289850254776,2.531760957673401,-0.02174584338465735,0.027283393784660603,-0.04524035175457186,0.00339954255182716
2026-05-04T09:10:39.100Z,0,2.757003867372987,-1.057696893553839,1.6312347133862204,3.3735322339499394,0.0129126272900848,-0.015048046191346032,0.03326451079121995,0.0024574206448905837
2026-05-04T09:11:39.100Z,0,4.339936179349024,-0.4652987573763312,2.0789912314285175,4.834640991303824,-0.006883021484327401,0.07499120364995449,-0.012364252607532933,0.006177087162231896
2026-05-04T09:12:39.100Z,0,2.728826099428261,-0.7910903225933907,3.126237757896888,4.224414550955189,0.018188567709742642,0.015198531987614672,-0.05789793151711464,0.002875544584652247
2026-05-04T09:13:39.100Z,0,2.2020709288881335,-1.1833167411339218,4.351822894022916,5.018736632524568,-0.031478213902147445,0.011083583204118952,-0.029921675662514247,0.0065643257166437185
2026-05-04T09:14:39.100Z,0,3.314084633530001,-0.5943774090155785,1.791512920135574,3.813916622785617,0.03365151944123568,0.08034632165410116,-0.025308747924945862,0.00043180485632113974
2026-05-04T09:15:39.100Z,0,2.6581631864246447,-0.5356375853864392,1.5366239222203149,3.116721390641387,0.019972906716958505,0.03157221420080347,0.074163132901095,0.0015430038590571026
2026-05-04T09:16:39.100Z,0,2.605811847388395,-0.9463744046911415,1.7121664504884393,3.258434263879266,-0.010407731162231926,0.015270153497226602,-0.0577005073907344,0.0028969700486622036
2026-05-04T09:17:39.100Z,0,3.0614515205797943,0.15828174605303502,2.9327955717235454,4.242502609252607,-0.01823061174199836,0.03793600933477137,0.05081970236764377,0.002037384889739432
2026-05-04T09:18:39.100Z,0,2.183940220902514,0.6111135259061484,4.696656561463897,5.215518908638241,0.04981552474969675,0.043741141318331955,0.1737191689552553,0.0009194920356909755
2026-05-04T09:19:40.100Z,0,2.487492969066807,0.15556708399344643,4.87317751867522,5.473543780522871,0.016664287140422118,0.00851293587356139,0.04584792490522349,0.006335023539466313
2026-05-04T09:20:39.100Z,0,2.6929122790377846,0.7628661757053123,5.198146685870597,5.903767467681565,0.039949906179614914,0.008462690585631094,-0.05355588474142969,0.001889920087339061
2026-05-04T09:21:39.100Z,0,-0.26217440273512693,0.7834448208541289,4.403938369250682,4.480758235492185,0.028925579171890092,0.0507853231779265,0.10864128171328424,0.008634351586777405
2026-05-04T09:22:40.100Z,0,1.581419411877505,1.1004055095327203,4.285007663384022,4.698198624678692,-0.00945439781663282,-0.015198426547513577,-0.0013344207820953358,0.0006946284652838628
2026-05-04T09:23:39.100Z,0,1.1487251497328543,2.251132094215791,5.102878991237958,5.694430539962259,-0.008062057055724381,0.02539236248777499,-0.027414725538577045,0.00018135884216466974
2026-05-04T09:24:39.100Z,0,2.1040162803274143,3.3538684388076945,4.234776560224418,5.797296829362744,-0.003973036326598844,0.08441889976595895,0.009450248490416868,0.006859685174063688
2026-05-04T09:25:39.100Z,0,-0.9939942956407322,3.3292036537204694,7.9395537341042655,8.666494973427321,0.04248681335816684,-0.0766599722994421,-0.013573004001177225,0.003562519679743191
2026-05-04T09:26:39.100Z,0,0.4910712782475457,1.034637300108443,6.189648483086785,6.294709976422576,0.0059339710141159685,-0.009891126764083324,0.0012156897888360163,0.00473233726101351
2026-05-04T09:27:39.100Z,0,0.8696457457517681,1.413124149394207,7.141014832086512,7.331254764144048,0.04089709968280175,0.07394070704291877,-0.005191313821928389,0.0008570482818330326
2026-05-04T09:28:39.100Z,0,0.4566357574731228,2.8776100200502697,4.9358224096067715,5.731622676142696,0.0002692836247319974,0.02369717640182678,0.055622363409391085,0.0015246834336058504
2026-05-04T09:29:39.100Z,0,1.0566934347480128,2.562277812103275,7.951789174512669,8.420974983773148,0.004264594203995387,-0.02526302447192208,0.10347017509104717,0.002974745796699128
2026-05-04T09:30:39.100Z,0,0.6834174855612218,3.152814592795039,7.442458245350281,8.111564833612226,0.044029893119912344,-0.00042416734802319667,0.01757852919137548,0.00211530957760246
2026-05-04T09:31:39.100Z,0,-0.2928536150648142,3.5528817870726925,5.175407115530106,6.284391063917732,-0.00859929773433521,0.015644601925490775,0.015006088116109595,0.0003040034091248223
2026-05-04T09:32:40.100Z,0,0.4565635417748126,3.6244134325897903,5.637979197672394,6.7180080702096445,0.004857701414451299,-0.0002484705980965174,-0.012732516473157318,0.007059063812086485
2026-05-04T09:33:41.100Z,0,-1.5929659848552546,3.952705357733066,7.803600787156029,8.89143439042654,0.018375952558713493,-0.013231998012397383,-0.02994074055351348,0.0024953435600395036
2026-05-04T09:34:40.100Z,0,-1.7805825991672464,3.6836902504546742,6.21768559449265,7.443094948051747,-0.03817225312729988,-0.03303878372499375,-0.006211691554014465,0.004325363211106129
2026-05-04T09:35:39.100Z,0,-3.5931691563746426,4.882312920472032,4.8788313547447615,7.781441988974204,0.10679141806591019,0.08267165276887312,0.0050461135980839344,0.001970959482438066
2026-05-04T09:36:39.100Z,0,-2.009866733715171,3.50192825862905,7.703146636231395,8.697214146792215,0.07295003019880397,-0.006175616492354319,-0.03830441439234278,0.0022820704947565935
2026-05-04T10:22:39.100Z,0,0.541013327165274,-0.6843027039167282,-3.9849463173595723,4.079309103634561,-0.029813741125650495,-0.014745207024047247,0.020719146799130783,0.007566111809403852
2026-05-04T10:23:39.100Z,0,-1.7463331096223556,0.29918959467067907,-4.546110526462144,4.879171513908115,-0.0653898359121996,-0.02089328958276848,-0.02274205536245688,0.001269682305033627
2026-05-04T10:24:39.100Z,0,-1.9292196493552183,-0.11236590250973677,-6.9103722066756745,7.175497096808048,-0.11908196546794869,0.026120951059915853,-0.017568448887672616,0.00016023101621205185
2026-05-04T10:25:39.100Z,0,0.23431822683050996,-1.2984547785208633,-4.354170234819321,4.549691008967005,-0.01471291561383481,-0.019294795093438566,-0.01913883272663952,0.001676948919682299
2026-05-04T10:26:39.100Z,0,2.753012062385096,-1.0084409105957093,-3.5264547318547557,4.586056199134692,-0.05520685324311714,-0.0022400226749041963,0.006213370152607922,0.0052453405988435575
2026-05-04T10:27:39.100Z,0,1.877829386103258,-1.1906490825595029,-4.366092069403749,4.899657988025596,-0.06370667710475786,0.03594736325673864,0.023558018307667794,0.003783447764869968
2026-05-04T10:28:39.100Z,0,4.717622267889965,-1.9718885690735988,-4.652168171560334,6.912812241614363,0.060709496855881895,-0.008488045258436827,0.00829695714443801,0.000813356774348509
2026-05-04T10:29:39.100Z,0,4.468030405405443,-1.8277180959103134,-2.931895765414083,5.647996274874708,-0.1521309960759165,0.02309700638103429,-0.004786221987629347,0.004850080381664971
2026-05-04T10:30:39.100Z,0,3.2509715119886096,-1.2574396201330273,-4.70184182711364,5.8529724702271695,0.022525026820874317,0.03198607615373383,0.02335078610737895,0.00022037697603880115
2026-05-04T10:31:39.100Z,0,4.049087157000031,-1.512236126757216,-3.6843701093971504,5.679484836767454,-0.08804083642799387,-0.019158145754705203,-0.052076847662618775,0.0037713238472788027
2026-05-04T10:32:39.100Z,0,1.2652935502046603,-1.8957225183271476,-3.864291938810993,4.486366438783368,0.0688782503431018,0.001663311016919522,-0.016685364978563655,0.0012289632721046698
2026-05-04T10:33:39.100Z,0,5.502647407411132,-2.8292953614084126,-3.0573440218404357,6.901550057795645,-0.009907638677586483,0.008171643200993728,0.004583940170554968,0.0021816986742379464
2026-05-04T10:34:40.100Z,0,4.4824045598943485,-1.0715548347164372,-2.9337022401705326,5.463221507164744,-0.11323723272393948,0.005807991793504996,-0.03059009528794121,0.002262687135844825
2026-05-04T10:35:39.100Z,0,3.357694901751529,-2.9470714703450085,-2.5222536210094404,5.1304101817754235,0.025770982649220286,0.013470917261892978,0.011599573007892161,0.007641621103297499
2026-05-04T10:36:39.100Z,0,3.934680037673388,-3.075518627724705,-2.7344062407337333,5.693636739177403,-0.07502109837753679,0.02040568613836946,0.009697690749099763,0.001228768761165322
2026-05-04T10:37:39.100Z,0,4.878551045294444,-4.279784948266752,-3.574911041141604,7.409238048344127,0.0610889422993921,-0.03195745636586089,-0.008807703871127615,0.000225121657679476
2026-05-04T10:38:39.100Z,0,6.921570169652114,-3.3588936584578732,-1.881338159819279,7.920210445047448,0.025291112419889572,0.005891760045839689,0.027952036036005268,0.002050968068069864
2026-05-04T10:39:39.100Z,0,5.019149182771798,-2.7636244638529206,-0.632355568541243,5.76449063328151,-0.015253779516388732,0.00555033889981793,0.008439386015801631,0.002987763642872284
2026-05-04T10:40:40.100Z,0,6.017696984599752,-4.651143862986373,-1.2772852987836814,7.71215105966848,0.006248331297253884,-0.00752632650113938,-0.03865234648259275,0.002464086577429605
2026-05-04T10:41:39.100Z,0,8.265538245723292,-2.043439191197649,-0.8461726720270235,8.5563294940367,-0.012543819556398716,-0.05720303134726379,-0.03513503525898187,0.006202035921096018
2026-05-04T10:42:39.100Z,0,7.667017801395559,-3.982011333960145,1.00503845987987,8.697682365811088,-0.09386550345080735,-0.023126425388708682,-0.004810495002338655,0.0028625192065442374
2026-05-04T10:43:39.100Z,0,6.582789656022214,-2.8072281799040866,-1.378174711135216,7.28786767469699,0.036887897025827954,0.009915513205172033,0.011709355733025006,0.0065658913460351995
2026-05-04T10:44:39.100Z,0,7.721862020844128,-2.288819871978376,-0.6187241278894362,8.07766482479625,-0.0056962567294149835,-0.007546217241305442,-0.01954105429113895,0.0004126519208668607
2026-05-04T10:45:40.100Z,0,6.538297937368043,-2.6369051676056188,0.561135568204918,7.0723038613058105,0.020364723475552182,0.033014214007032194,0.010596105116000842,0.0015806293710149712
2026-05-04T10:46:39.100Z,0,6.661595910372853,-3.1395067611583727,-0.6440066090362961,7.392435815679287,-0.023634009083117746,0.03790725122043703,0.02269457241332873,0.002904608137880101
2026-05-04T10:47:39.100Z,0,7.142598357404495,-2.1145483726741077,0.5559401588470791,7.469745348791686,-0.06394440142987179,-0.014054224058868137,-0.04786046497962104,0.002066314532697742
2026-05-04T10:48:39.100Z,0,7.8880780715735455,-3.089530981014832,-0.607750369454152,8.493311359973891,-0.04489137879470917,0.04311438653881172,-0.07393593390681019,0.0009458130712700013
2026-05-04T10:49:39.100Z,0,7.332163464525365,-2.973605520082856,0.27009313907910837,7.916811300224696,-0.017868900804351995,0.007061047954781685,0.0723269607290078,0.006482413330782594
2026-05-04T10:50:39.100Z,1,7.067214301514468,-2.5972572036607744,1.499350164522184,7.6771944016907065,-0.02940940266160652,-0.023359756499197193,0.019951351090785607,0.0019326201622314257
2026-05-04T10:51:39.100Z,1,8.4364273520805,-3.124865600511839,1.0969680506605073,9.063190960824125,0.04533832664321835,0.028065719475417472,-0.09150658371570586,0.008580915515324174
2026-05-04T10:52:39.100Z,1,6.895356348877613,-2.599283481913517,0.4680604624809348,7.383853627604838,0.012633243046344944,-0.030463086926363347,0.08424786677019291,0.0005428613483299905
2026-05-04T10:53:39.100Z,1,7.39793387242571,-2.768424431110361,2.663452128217614,8.335920863999329,0.026517197815323357,0.002193659767529832,-0.011829216649772434,0.0001579975752444687
2026-05-04T10:54:39.100Z,1,8.880977887997688,-2.4879632499050786,1.0315813542547403,9.280403518728491,-0.022903762303627673,0.0725209692334361,-0.07460350223931211,0.006922846834608792
2026-05-04T10:55:39.100Z,1,7.0045041895809845,-2.0770585616673998,3.796261926254374,8.23339880141743,0.022074322278520242,-0.021874040972424957,0.13093196460023382,0.0034918994719665484
2026-05-04T10:56:39.100Z,1,7.459561594913566,-2.495758592203856,3.507717817228695,8.61266244689599,-0.019734610536836783,-0.02478795751037488,0.10821540658859097,0.004750387285102151
2026-05-04T10:57:39.100Z,1,8.169664406409538,-2.2400036774570253,5.896135433431482,10.321116511198882,0.02288946475115239,-0.0017776695491189543,-0.0667529291692448,0.0007924573121882038
2026-05-04T10:58:39.100Z,1,7.499965466649883,-1.1940462997017676,3.2117462524183793,8.2456377895646,0.004884401193727683,0.05393576757106722,-0.03825688622227652,0.0014390807860478571
2026-05-04T10:59:39.100Z,1,7.728802326482764,-2.1973414594640417,4.555286524919211,9.236521543061299,-0.009670166994268925,0.003790604640729889,0.1061983207777395,0.0029484598702902124
2026-05-04T11:00:39.100Z,0,7.936018855616567,-1.5504278334219634,6.674846095847897,10.485122419247528,-0.05024217491911287,0.00582588074182766,-0.0474675639243749,0.002173726809649516
2026-05-04T11:01:39.100Z,0,6.067700414405408,-2.4033273988379733,7.709861178227584,10.10123409750124,0.0013707670065699062,-0.01259505220563284,-0.02826967164937244,0.00037919705884617664
2026-05-04T11:02:39.100Z,0,6.471155616054602,-1.7713311307261392,5.368546601857815,8.59271561255193,0.02636637476527426,-0.0054887464726594,0.03893835723811634,0.007352925144672538
2026-05-04T11:03:39.100Z,0,7.068175908898411,-1.391941175370448,10.097961255269183,12.404250579045117,0.030856279025215372,0.02261479433340874,-0.023267657102366,0.0018952052385989271
2026-05-04T11:04:39.100Z,0,6.59476877308407,-1.7567242349514345,9.156820431599044,11.420350941396686,0.05795738453961974,0.003657101296683507,-0.043690445817645696,0.004644706463619168
2026-05-04T11:05:39.100Z,0,6.502992249352246,-1.0261318052471324,9.643907206736912,11.67676328821593,-0.00894581146937412,0.059663994093073214,-0.0033272233377346083,0.0020278793867186504
2026-05-04T11:06:40.100Z,0,2.5426096472074278,-5.090458409142684,12.186885633127531,13.449825726313852,0.0009867103125671406,0.05465370734514252,-0.026232645250701125,0.002287859025897318
2026-05-04T11:07:39.100Z,0,5.435296868199657,-1.5608322329399016,10.788110182147648,12.180392875724614,-0.014807907524172492,-0.020427025635871843,0.013229394636660174,0.007501456065714606
2026-05-04T11:08:39.100Z,0,5.1820967346429825,0.3592757638841704,11.151400158269098,12.301907621647793,-0.021912611199326193,0.010360615762872172,0.004197834504893194,0.0011486670149419122
2026-05-04T11:09:40.100Z,0,4.886943711426284,-0.8722506850844525,11.999530366665567,12.985829550583524,-0.013475787725703015,0.03192109947969257,0.1044439261637109,0.00025052379257507567
2026-05-04T11:10:40.100Z,0,5.256536774140841,-0.28994215068678386,12.950478506354557,13.979633001341316,-0.02223344668728089,0.001428707108841465,-0.018947161317228733,0.001676069946403149
2026-05-04T11:11:40.100Z,0,3.4892498624685686,0.17636734762049855,12.283785776617151,12.770957796886867,-0.04773968384474969,-0.020955293737134895,-0.016934641751120694,0.0055617298287921205
2026-05-04T11:12:39.100Z,0,2.160337764507858,0.04247497429332725,13.939671196112613,14.106143925110494,-0.03538433601990576,-0.03699381370014798,0.01960251540467084,0.003845159019039461
2026-05-04T11:13:39.100Z,0,1.5602845987814362,1.4019901389588085,15.243451360220206,15.387100888417269,0.010015801188867357,-0.014718388473111688,-0.01784647349367674,0.0007653169422059197
2026-05-04T11:14:40.100Z,0,2.0795483542315196,1.5308822576116654,13.220653360349388,13.470478726414097,0.020095613826764946,0.01068780451629614,0.029113785799061986,0.004715371450602833
2026-05-04T11:15:39.100Z,0,2.8094697709093452,1.8401762109760966,14.085009598147735,14.479877909050531,0.02501182334224694,-0.0012248173704154652,-0.04325458897103118,0.00016833008593254996
2026-05-04T11:16:39.100Z,0,0.5237701816440676,1.9113429412982441,14.176559625184382,14.314412661679068,0.0007507948136531439,0.021575008613883284,0.03176976927221631,0.0038290993477200995
2026-05-04T11:17:39.100Z,0,-0.38164334364410024,1.8440609085246251,14.083053476497298,14.208399188437069,0.009509440223709476,0.008802323095524756,-0.0196873371640649,0.0011281591406043481
2026-05-04T11:18:39.100Z,0,-1.920208211231511,2.412626536397511,14.437321587593033,14.762934024176568,-0.007162912960212431,0.04817681665159057,-0.003009580052726335,0.00220655174846553
2026-05-04T11:19:39.100Z,0,-0.4608550134435063,2.421895564566512,14.444885046657419,14.653759568118689,-0.024045275088813156,-0.03921873595480463,0.022609229024084243,0.0022832330657426765
2026-05-04T11:20:40.100Z,0,-2.0437275279618916,2.465453116883509,13.194940887430562,13.577987564543086,-0.03741561672609972,-0.004037104123666424,0.012659468525022533,0.007425023146865253
2026-05-04T11:21:40.100Z,0,1.1479113572931965,2.873215349154634,13.604132129444224,13.95154034227752,-0.14144724082365556,-0.013925489683597192,0.006475347229972783,0.0011905832530148713
2026-05-04T11:22:39.100Z,0,-6.277593365666689,3.428092489230039,12.233411009560768,14.170968262903578,0.17593583681208003,-0.004281003293860053,0.03512029626406843,0.00014086235641195234
2026-05-04T11:23:39.100Z,0,-4.715538506388839,2.7090536523246556,12.942435236936944,14.038586287754066,-0.04353886828689646,0.008073057842006293,-0.022125179342857848,0.002119612573796997
2026-05-04T11:24:39.100Z,0,-6.424548596442037,4.259614522425181,13.186707072691206,15.274435635029699,-0.009723476499079453,-0.004529175660517026,0.00011191845583624627,0.0029880606217188507
2026-05-04T11:25:40.100Z,0,-7.290275086234033,3.874534593478529,10.693196654301573,13.50942574044481,-0.07041753795755668,0.02110003172306474,-0.0007651988722656711,0.0025125580497761327
2026-05-04T11:26:39.100Z,0,-8.387295399188588,4.696991561104369,12.949322666827356,16.127411800036125,0.016869353925752506,-0.025712381604647838,0.03757801397785698,0.006179866102445376
2026-05-04T11:27:39.100Z,0,-9.095289098695503,3.164509308817287,12.334075343460427,15.648252858789027,0.019290758406675934,0.039153188025498054,0.06567684394909179,0.0028542894195406955
2026-05-04T11:28:39.100Z,0,-8.368430128030013,4.009045336715644,11.032588173748081,14.416000455434506,-0.025499645750493016,-0.04969142852750963,0.032874238346636275,0.0065901911709101285
2026-05-04T11:29:39.100Z,0,-10.398691333648458,4.6124541747758485,9.926416335019894,15.097723544397429,0.027594917278328523,-0.020481018583706767,0.014064552286363607,0.00041311981278244707
2026-05-04T11:30:39.100Z,0,-10.88601700939762,4.993536391111775,9.15230728332972,15.073337408375828,-0.007904566118988043,0.026459024232428074,-0.02281645742208127,0.0015338395962238623
2026-05-04T11:31:39.100Z,0,-9.074155889720714,5.192083006022585,10.049709837403498,14.501541258376168,0.051503967057442424,-0.024274223797172978,0.05129978922013834,0.002938368318739315
2026-05-04T11:32:39.100Z,0,-11.186160702891357,4.8285250102253485,8.461361798254075,14.833728072411061,-0.0109000807686499,-0.006211990127596989,0.01605065332732636,0.002087339066671227
2026-05-04T11:33:40.100Z,0,-8.226015856962476,1.4331528350339795,9.874864494122448,12.931906769879076,-0.10652277059275406,0.03347067149189753,0.005793619473948297,0.0010171480021225292
2026-05-04T11:34:39.100Z,0,-12.060983501669398,4.028784020647436,7.186015689512715,14.606068779876685,-0.07997383248703471,-0.02679998403015693,0.09520496514525689,0.0064269596544726994
2026-05-04T11:35:38.100Z,0,-11.446941645317565,4.244168286959393,6.325541738078755,13.749833299335444,0.013031812367003681,-0.030178585321172235,0.03049919007569457,0.002039356933526866
2026-05-04T11:36:38.100Z,0,-9.227539408584562,3.6989337320392224,12.563223857796402,16.02074242949132,-0.00797666481222592,-0.026131923336336627,0.03647155634967092,0.008646270412177805
2026-05-04T11:37:39.100Z,0,-13.14016671403806,4.979299253818681,4.826535302527191,14.857753711726895,-0.0436555204972322,-0.050749643992764604,0.037967734862753844,0.00044507796393090465
2026-05-04T11:38:40.100Z,0,-12.667960800627043,4.495373420013493,4.311531376515632,14.116476750317904,0.003758598981384864,0.004344090651864363,-0.023402831083707554,0.00014501106911042125
2026-05-04T11:39:39.100Z,0,-12.020114624874623,5.05018769013077,4.8719416017775075,13.918454162434978,-0.021626172751254558,-0.003246056501593486,-0.019128860985873075,0.006848007357152066
2026-05-04T11:40:39.100Z,0,-13.539468659928389,5.726076228029342,1.0736239219113486,14.739668547429623,-0.013686246548516579,-7.185421813105108e-06,-0.02083755707404933,0.003591354318927196
2026-05-04T11:41:39.100Z,0,-12.59876468316179,3.710896083020998,4.1003974902196205,13.759101746061214,-0.023643522490957025,0.07886011073399146,0.17211676964179468,0.0047604770744535865
2026-05-04T11:42:39.100Z,0,-12.120600472258047,5.872312898191012,0.34769084231811576,13.472709582863962,-0.020482998825066545,0.02525924123508716,-0.06592734027721647,0.0008704319637072111
2026-05-04T11:43:40.100Z,0,-12.309623390564184,4.4276763096604554,0.18724111396295484,13.083050284830804,-0.009056696311127155,0.03386903920632456,0.014832994742586258,0.0015435204486550272
2026-05-04T11:44:39.100Z,0,-10.926106041949879,3.788861272369104,3.228342668080586,12.00655901429472,0.0009327431733652247,-0.11242585205950562,0.07950048729350734,0.0029173887832360085
2026-05-04T11:45:39.100Z,0,-11.381145442669549,4.75462888846323,0.0168866099556908,12.334393078372472,0.0382874862134841,-0.046469146255834204,0.0037265525720253656,0.0021232181149685296
2026-05-04T11:46:39.100Z,0,-11.567125171723092,3.754686534875873,-2.1211330904407077,12.344847560859174,-0.004670228070047244,-0.019887841665511274,0.13399120666912623,0.00038109508008062016
2026-05-04T11:47:39.100Z,0,-11.353171670862139,5.055239790806354,-1.3142507477823528,12.49708811518367,-0.04586272292605997,0.012593995236009903,-0.02483578335477077,0.007434264907143815
2026-05-04T11:48:39.100Z,0,-12.10509013844785,4.841545861893337,-2.525145273466478,13.279688710390541,-0.025166953675714865,-0.054402512806639436,0.007322376603724479,0.0019361821276776855
2026-05-04T11:49:38.100Z,0,-9.852302699982829,3.4265017018810795,-3.811387740825012,11.105649864640702,0.0015405484505848221,0.007122933573633361,0.006375308339912067,0.0049773773626430595
2026-05-04T11:50:40.100Z,1,-9.276972300085617,3.411650529635324,-3.2892207045733812,10.41731958021405,-0.08516587754225924,-0.05665745720007109,-0.23826355533618226,0.001986563561415674
2026-05-04T11:51:39.100Z,1,-8.096456988823775,1.1355202037464096,-6.8702067555932445,10.679033793821832,0.03227127703731014,-0.0684885554007586,0.025102244907593274,0.0023642683601628033
2026-05-04T11:52:40.100Z,1,-9.087291559353616,3.764493567757654,-3.72483017599734,10.517824848627619,-0.018225395153059765,0.004274018246874789,0.03793349747960306,0.007440688397715587
2026-05-04T11:53:38.100Z,1,-9.716096191368706,2.6971919389211507,-4.211137034872081,10.927536075519583,0.03072752532240486,0.024384624160767032,0.005601729587745297,0.001231461315535775
2026-05-04T11:54:38.100Z,1,-7.084309697347635,1.0479872113364763,-6.598493197088828,9.737855695946932,0.12510852862401833,0.1064166670365907,-0.1316730644305153,0.0003270938510271793
2026-05-04T11:55:38.100Z,1,-7.521929139329586,1.7458898458926342,-6.180304142617388,9.890586869662496,0.00438922684953269,0.03839214917622513,0.005715893999003185,0.0017113343753300202
2026-05-04T11:56:40.100Z,1,-8.10499320505187,1.561232093081344,-5.6222846260425285,9.986913683347739,0.00470137814367888,-0.002850266893617004,-0.022393593464897776,0.005529286604876184
2026-05-04T11:57:38.100Z,1,-7.4373146362631815,0.8329149225119181,-6.012402115629811,9.599811220380712,0.03647236170145618,0.0314077718059913,-0.01152190692277344,0.004063744889145011
2026-05-04T11:58:40.100Z,1,-7.403935245747562,0.9693876672827173,-4.606060017977143,8.773469009571437,0.00862248720157055,-0.004508403500746994,-0.058955982664699036,0.0009214697502037016
2026-05-04T11:59:39.100Z,1,-5.750750837250962,0.6095961809933215,-5.741887462136219,8.149356681595265,-0.04156104988517484,0.034434635269864344,0.09035926401246286,0.004771955917263302
2026-05-04T12:00:39.100Z,0,-5.344875301489083,-0.10892777117987862,-6.7286486023476755,8.593850665544378,-0.042046072830981274,-0.01618449751950024,-0.018500991302516923,0.00018171476432771289
2026-05-04T12:01:40.100Z,0,-3.2650156481395243,-2.03723642107434,-5.651412356655783,6.837332889578319,0.025903310335806395,-0.035100313448221954,0.018348237481369267,0.0038963749000166547
2026-05-04T12:02:38.100Z,0,-2.1424655060400255,-0.8242667506692669,-7.672509530038951,8.008556462270136,-0.0008916239444545226,0.08138159167137005,0.0358782355434073,0.0010148066546605747
2026-05-04T12:03:41.100Z,0,0.9292241138609825,1.2119215639359027,-8.72990327570733,8.86247270992239,0.0455565564343452,-0.03654180525458628,0.07720945414302349,0.0022071339791524536
2026-05-04T12:04:39.100Z,0,0.4147200015722774,-2.524044374240475,-7.40498277923507,7.834319539283999,-0.014157031996253622,-0.034574545519472366,0.00129958962347132,0.002275866170711883
2026-05-04T12:05:38.100Z,0,1.9374961739231367,-2.680909578430146,-7.274783378534266,7.991473005415443,0.023160228334706545,0.01654517395377475,-0.016071920755145186,0.007671526217810876
2026-05-04T12:06:41.100Z,0,1.5799416933077737,-1.0050150376628153,-6.839085109731968,7.090793757989168,0.08299109742154753,-0.03693298341178597,-0.07233045667032201,0.0011672060040243887
2026-05-04T12:07:38.100Z,0,1.0844104508578312,-2.920539724527771,-5.875165468182786,6.650042675577494,0.015395777586758733,0.02907044436639694,-0.008239214389860194,0.000399675311216156
2026-05-04T12:08:38.100Z,0,2.57793806031259,-3.254707835822046,-5.990350313993531,7.28856533370814,0.01699317154202351,0.010438095667142377,-0.0013854083960040953,0.0021425463672657954
2026-05-04T12:09:38.100Z,0,3.623783062721486,-3.2621796090097632,-5.50479079578281,7.3536617540135305,0.05874049953658034,-0.02544958679440157,0.005403590177088802,0.0027963228834135515
2026-05-04T12:10:38.100Z,0,1.0830128549059737,-3.1646353950236517,-4.61430970233323,5.699095371756352,-0.017006609352332447,-0.011081990602956893,-0.009887962630017455,0.002431793003019068
2026-05-04T12:11:38.100Z,0,-0.06341374228213681,-2.1256452846500906,-4.959424138405666,5.396135372974456,-0.028248065507163744,0.04145071731265215,-0.017106352454554496,0.006188149472662474
2026-05-04T12:12:40.100Z,0,-1.6045244192355312,-1.622423493245151,-5.746972053884747,6.183400714128851,-0.0962853001360564,-0.03430176505880844,-0.03688186316974651,0.0026397970673470404
2026-05-04T12:13:38.100Z,0,1.6968329227893264,-3.1736206797177147,-4.505382058596297,5.76624467747555,-0.09527304983203422,-0.019988732277875787,0.0013886194052403766,0.006517055136870971
2026-05-04T12:14:38.100Z,0,1.9505937334542978,-2.8734781985804148,-3.2459027029290155,4.753690905768907,0.015704933765459117,-0.031522264632821706,-0.005209290534047284,0.0002545020383348621
2026-05-04T12:15:40.100Z,0,0.8515415365764056,-4.89328374624165,-3.853009834074328,6.286098439510878,-0.09473416126226653,0.04379972166446838,-0.10061951944351222,0.0016183429944634502
2026-05-04T12:16:38.100Z,0,3.9597574332219665,-3.5806877494906075,-3.3197934235431603,6.286655077567811,0.02607864069492649,-0.01574688417760317,0.022103070831391847,0.0031645179145429916
2026-05-04T12:17:38.100Z,0,2.9475854253178113,-4.548408249775093,-2.6302140822735964,6.0244753767243875,-0.06470181267026476,0.01315316861827398,-0.049162114329703854,0.002224360853259907
2026-05-04T12:18:38.100Z,0,3.1364411252070568,-4.325042474647489,-3.6732762691826792,6.483534058608439,-0.05006944954466519,0.005339534994153183,-0.01745462571189904,0.0007641091107479594
2026-05-04T12:19:38.100Z,0,3.8380471214622958,-3.223291585982224,-2.3505652279709466,5.535826157474142,-0.0806681926066588,0.003862191139791804,0.007062137597380058,0.0065333451811746155
2026-05-04T12:20:38.100Z,0,3.7764470989714027,-4.092446311460662,-1.6050467456807382,5.795329547086846,0.0694538412027157,-0.017237347193610475,0.022617000035474177,0.001994804079261064
2026-05-04T12:21:38.100Z,0,3.838969518255908,-3.5203821830691595,-2.5663740880190744,5.806638755478467,0.04523990704630165,-0.010103189938215351,-0.010643215962780062,0.008687517168046532
2026-05-04T12:22:38.100Z,0,4.699317757058452,-4.1467807786830235,-2.4739155878705787,6.7379252403220455,-0.021860565063924753,0.031238210506767672,-0.03801400016101297,0.000248266841383404
2026-05-04T12:23:38.100Z,0,6.24234979341054,-4.771679936311557,-0.3276978950452758,7.86404770257073,0.0566918790392279,0.03589215228227971,0.05449639168464415,0.0004601806514236039
2026-05-04T12:24:38.100Z,0,5.596576277639542,-4.84933214920602,-2.29173550815176,7.751757217823863,0.00021439528730127222,0.036115736239406004,0.06852400669155045,0.006988218047613363
2026-05-04T12:25:38.100Z,0,5.594712784386502,-4.3356127962397295,-0.6107919170972309,7.10432376969735,0.016522179532962866,0.0181307115689755,-0.04222386238073028,0.0036629537872574524
2026-05-04T12:26:38.100Z,0,6.322660511159484,-4.8508106776807836,-0.5094402313261526,7.985357194225631,-0.04248253678795777,0.016835554039751344,0.04710335386581832,0.00467303635753452
2026-05-04T12:27:38.100Z,0,4.749392926669316,-5.329304135557322,-2.186931268624903,7.46598179175748,-0.017861065061630654,0.00980454512600204,0.21709979717376982,0.0007083033149764202
2026-05-04T12:28:38.100Z,0,6.490999783636653,-5.671051320177867,1.7216102951351786,8.78964409265686,0.019527405396679853,-0.021103975154979082,0.09448036614179145,0.0013770508574579184
2026-05-04T12:29:38.100Z,0,7.88244187390319,-4.987015735423483,1.5612990100635216,9.457318353510638,0.043846465629826525,0.03347736678760427,-0.022914894836079114,0.003105670536010157
2026-05-04T12:30:38.100Z,0,6.467486091537467,-6.980243594853164,0.5325349502527388,9.530780160142184,0.02450496703687577,-0.036761464819345946,-0.02680175671510021,0.002352770503109013
2026-05-04T12:31:39.100Z,0,7.13151477629026,-5.261803040866653,1.1913774951608502,8.942284639917006,-0.005650851372607235,0.00661806628565742,-0.019715086514437985,0.00044149423755047485
2026-05-04T12:32:38.100Z,0,7.994203561395352,-4.999437775154547,4.003324195764435,10.243450261755623,0.017669250771845668,-0.006510878078014315,0.019203672392553717,0.00767181101276848
2026-05-04T12:33:38.100Z,0,6.904253544007588,-5.281470535237531,2.728767183725722,9.110917536532858,-0.034049581056905254,-0.07580266913231881,0.10844603119225527,0.0015927435318484615
2026-05-04T12:34:38.100Z,0,7.742665412934002,-5.296051057428031,4.263767716111033,10.304209801652902,-0.016516959868262404,-0.0011364648284661882,-0.008587979804408619,0.004946134037623108
2026-05-04T12:35:40.100Z,0,7.554260024789983,-4.446475676729733,4.219723910864559,9.728517890707257,-0.003039848766483999,-0.01965692558503207,-0.05612967661527968,0.002043048749073331
2026-05-04T12:36:38.100Z,0,7.304049619278885,-4.922656777058165,3.9950089494595886,9.671700320619271,-0.010815674248654261,-0.030797322602360566,-0.015355097837010945,0.0024987112894885176
2026-05-04T12:37:39.100Z,0,8.048149359638046,-4.522617200422019,5.175485715881223,10.583592341539141,0.002452643596662085,-0.009101305616709965,0.03889026167414045,0.007505581175706505
2026-05-04T12:38:38.100Z,0,7.486763422093645,-4.4287598684604745,5.734618684073212,10.418799929099654,-0.004282786505882541,-0.019134517614816104,0.11690625477855932,0.001149064912527962
2026-05-04T12:39:39.100Z,0,8.036943862862245,-4.873376066257151,6.583832036994863,11.475587358794627,-0.018156925450263373,0.02385230061374699,0.1245494754553711,4.41658810614269e-05
2026-05-04T12:40:38.100Z,0,6.493180977031443,-3.5456959653856757,7.611616068061267,10.614615313189814,0.0064783575810523075,-0.01510339654542392,0.029716017111880433,0.0017951540291218412
2026-05-04T12:41:38.100Z,0,6.56348042866739,-4.3934259017532895,7.655864798834955,10.999715101298612,-0.004821399051557762,0.022091266375756646,0.0638474104341924,0.005151825786311812
2026-05-04T12:42:38.100Z,0,6.970486219415761,-4.7089268807667395,7.668646549973346,11.382873556878803,-0.06684294058079132,0.07797274791343511,0.07215792822279354,0.004027122932938723
2026-05-04T12:43:38.100Z,0,6.395050440005434,-3.203714212304476,9.29898341473745,11.731647259950222,0.023080616574411295,-0.06621639553650027,-0.05626688801463331,0.0005601333415717465
2026-05-04T12:45:39.100Z,0,5.491300271387445,-2.8144317188889545,11.24151055864786,12.823687621391102,-0.04782961867810798,0.012929831049834917,0.018906371487936724,0.00024279297694460144
2026-05-04T12:46:38.100Z,0,3.3962650668399874,-1.3444858777802438,11.922547700123687,12.469538978707783,0.04151621155523699,0.0025405846368897755,-0.030336181713330745,0.003825135298080906
2026-05-04T12:47:38.100Z,0,3.1867662009972264,-1.495087805778894,12.61230971203986,13.094316425045717,-0.04068078142305254,-0.024996477558936192,0.07412702762721324,0.0010448088246642017
2026-05-04T12:48:38.100Z,0,2.946922311821254,-1.3627704443024413,13.49273717505639,13.877876309829357,-0.056667581095570796,-0.005915127641031859,0.07800009099501182,0.0021232995931936885
2026-05-04T12:50:38.100Z,1,2.783212945359992,0.8321574082401639,13.079219061182812,13.397937583886417,0.048454852019208516,-0.02997991930664412,-0.05458929286294989,0.0077117971448737955
2026-05-04T12:51:38.100Z,1,3.95433460289496,-4.291764837489609,13.582288074303506,14.78291435764044,0.04521491852016446,-0.04705764742496399,0.005884239721254403,0.0012769497735492079
2026-05-04T12:52:38.100Z,1,1.8528076789152692,-0.056266700539708836,13.488538538695138,13.615312488022484,-0.016675971378887766,0.01896285858560276,0.011291841274463366,0.00042673420271876496
2026-05-04T12:53:39.100Z,1,-0.030471386708086357,0.9106397446885239,13.380994445469696,13.411979928396297,0.029852985007683408,-0.013858876991790225,-0.016910684485615946,0.0020619022891320052
2026-05-04T12:54:39.100Z,1,-0.6719039447489195,2.4364181704186194,13.462122603186799,13.697311173925637,0.1506621676174158,-0.09295884048210468,-0.025462352168048596,0.0029902424661052943
2026-05-04T12:55:38.100Z,1,-1.2516040551417973,2.706029832097556,13.806399257077828,14.124651167688656,0.0753197081073409,-0.047816584480830926,-0.012315787290440028,0.0024069383168774604
2026-05-04T12:56:38.100Z,1,-2.979677394250757,3.589943459701317,13.616648550168975,14.393723950266661,0.06204542841947713,0.03440496044904151,-0.03082221837402699,0.0062021034843808874
2026-05-04T12:57:38.100Z,1,-1.267620883481868,3.777865553729498,12.27113839922822,12.90193661662111,-0.0007721910983971014,-0.05811862943438939,-0.01888052377019278,0.0030908743556557604
2026-05-04T12:58:38.100Z,1,-3.5515814770405996,4.302722139982507,12.037371753422121,13.267458970429804,-0.21087964431276696,0.13510310984066187,0.03948370248352262,0.006523378297598789
2026-05-04T12:59:39.100Z,1,-3.767130265259766,5.927715280449775,12.910878319189578,14.69761401909961,-0.019925005708243404,0.042202050141604275,0.013220595994845041,0.0003994301852395045
2026-05-04T13:00:39.100Z,0,-4.287953201128403,6.566106613718148,11.854572221182025,14.213767314297819,-0.0038193278597553615,0.020505239095691685,0.022249318753608804,0.001549979187991507
2026-05-04T13:01:38.100Z,0,-3.421716616685444,6.764848009424895,11.486784210319456,13.762903933762148,0.04140388298434772,0.003395151914893646,0.015010870712650615,0.0031222717753954816
2026-05-04T13:02:38.100Z,0,-5.449226887321856,7.792601244091202,11.079735537350643,14.60065914253716,0.03416902096065044,-0.0157946652169505,0.01597920635543204,0.0022148567772961934
2026-05-04T13:03:38.100Z,0,-3.137930367302033,3.6127401003795967,11.16495549422325,12.147210758479208,0.07039119847584985,-0.022237947807646208,-0.0001441770409726928,0.0008195368120701536
2026-05-04T13:04:38.100Z,0,-7.417735802846437,8.085737611054356,11.790350221417611,16.106343951975294,-0.01913238831585673,-0.0045065585790871054,0.0025554785247905443,0.006622929340849289
2026-05-04T13:05:38.100Z,0,-6.356544286063581,9.919382546286215,8.393516354772146,14.465508015900536,-0.002966191781528238,-0.006109262963294171,-0.0014723710730635275,0.0019924082927294177
2026-05-04T13:06:38.100Z,0,-5.99103056720196,9.14429930071492,9.119122315496497,14.23618799971361,0.009447293168207693,-0.01984483615347088,-0.009759892608762755,0.008616531380624291
2026-05-04T13:07:38.100Z,0,-7.147669678488455,10.061202038741612,7.803854508892982,14.601955810545755,0.004953029456800095,0.007159522658950479,0.00844917186260119,0.00033079355758403186
2026-05-04T13:08:38.100Z,0,-8.236492651121807,8.351875839707645,8.43045102283213,14.445281086993328,-0.0188720263247788,-0.04743597955947365,0.041859775371300145,0.000435803416095863
2026-05-04T13:09:38.100Z,0,-6.923127120444406,10.427284699289885,5.602162309514824,13.712847183135466,-0.046685313348504565,0.012218305389222195,-0.03634739036773027,0.0070702659201337115
2026-05-04T13:10:40.100Z,0,-7.058491084990237,9.847435489973577,5.283316573695629,13.217704647326808,-0.024701048686459615,0.008113316691815697,0.09655936563568446,0.0034080077395653987
2026-05-04T13:11:38.100Z,0,-7.0918243086453,10.270963324728655,6.315132091913256,13.988121853234128,0.02680398281906804,-0.011507820913969624,0.012138485417700906,0.004657839607770792
2026-05-04T13:12:39.100Z,0,-6.184287148698786,11.19429418895379,6.304926531811361,14.258672045388531,-0.032165625588831404,-0.00033477547090043913,-0.06868708086038566,0.0008187908616294874
2026-05-04T13:13:38.100Z,0,-6.734097274602391,10.979515511280624,3.971698830355308,13.47858370027448,-0.00026061653368714133,-0.013758255132056973,-0.01028423103388576,0.001411812162863261
2026-05-04T13:14:38.100Z,0,-8.315562779444008,11.893225796029583,4.580882439768175,15.217814826748107,0.005247866432078752,-0.020579829266509364,0.012493972318949886,0.0031331379310305884
2026-05-04T13:15:38.100Z,0,-7.144904629512894,10.926486994321749,4.095468496416288,13.682494012681147,-0.03035472615664503,0.011896742359240875,-0.021671102411247034,0.002307208783728366
2026-05-04T13:16:38.100Z,0,-5.634690811348264,9.588241864548763,4.851792688896239,12.133590354408916,0.007133799658554096,0.03257915752108431,-0.031339235302407786,0.0002735659382179736
2026-05-04T13:17:38.100Z,0,-7.297855000388154,11.58634744911069,0.04707102471002145,13.69322279449113,0.02660345800897801,-0.015820376465747188,0.05186757138120335,0.007692364190066832
2026-05-04T13:18:38.100Z,0,-7.451490957464557,11.709659594771438,0.7208226688817376,13.898216814921712,-0.018294889501113687,-0.00022636446761481466,0.007487178940834838,0.0016769691816703543
2026-05-04T13:19:38.100Z,0,-7.380797232388048,12.175882732663013,0.7184621199485264,14.256383690227663,0.038890059040674885,0.0980462227175849,-0.002171033501308095,0.005002985924028574
2026-05-04T13:20:38.100Z,0,-7.282216671512742,11.956128382507814,-4.271950139809633,14.636572124199251,0.008754815681299988,-0.0021883180512105582,-0.01878303595220787,0.001935503145429787
2026-05-04T13:21:38.100Z,0,-7.605449937727826,13.049381037376406,-1.6698541649020626,15.195974044001389,-0.011490630859256612,0.043291265981793,-0.018726043303107787,0.002432161038697833
2026-05-04T13:22:38.100Z,0,-7.878637089788754,11.575891195604981,-1.4215841010809527,14.07462542029187,0.005991503938318488,0.008502115228736784,-0.027858470433739235,0.007663794269818635
2026-05-04T13:23:38.100Z,0,-6.585887533674395,12.436936546400545,0.08356104535778286,14.073318290783542,-0.047066494220260324,-0.030495980491096475,-0.03458865510186371,0.001249863795483243
2026-05-04T13:24:38.100Z,0,-6.828957080870168,11.845869467151715,-1.8770360211419757,13.801541307760832,0.018555508594531034,-0.027799374502812668,-0.15001296975936107,0.0003197031916034327
2026-05-04T13:25:38.100Z,0,-5.333161675935116,11.246869468322984,-3.219955274289532,12.857013582772003,0.0007400170369820103,0.00025798225067319436,-0.028969173272219706,0.0016876635233329816
2026-05-04T13:26:38.100Z,0,-6.0594360511458945,11.129911278089821,-4.398536486405646,13.414127386390785,-0.002529109308646582,-0.006584746661708607,-0.02434675290663435,0.00505641904448151
2026-05-04T13:37:50.100Z,0,-1.4844933675703942,5.997070225475909,-6.857118781226745,9.229769760265027,-0.11582459306258563,0.02329007464307864,0.0024193948666706433,0.003123201080993156
2026-05-04T13:38:38.100Z,0,0.1608374341230956,2.8404113863871316,-13.09312339844837,13.398644925929233,0.05636590492574811,-0.04946170004416217,-0.08191872636853503,0.0022081231818385015
2026-05-04T13:39:38.100Z,0,3.378263066224463,0.633218364782806,-10.899549682562792,11.42863990703921,-0.08988090024342199,-0.0788533915789813,-0.09632801710157679,0.002776172129866744
2026-05-04T13:40:40.100Z,0,4.43774081486481,-0.0861302742123371,-11.801342220223887,12.60843527813391,-0.05443521085390923,0.09266567892662891,0.03140613500374201,0.002570618684927799
2026-05-04T13:41:38.100Z,0,3.020273150468711,0.549503936781548,-10.143497832359571,10.597856045213293,-0.007056318833797981,0.0007008754092652225,-0.012536373937166445,0.0061320170371093555
2026-05-04T13:42:38.100Z,0,4.62388470350561,-0.6679625248580123,-10.287320153565815,11.298470676507032,-0.12044307190023362,0.11513903181503693,0.031485009531984076,0.0030107130985630322
2026-05-04T13:43:38.100Z,0,2.6625625851011137,-0.6498007514892379,-8.933601820672266,9.344555742598741,0.014274321854856886,-0.025642146096682694,0.03644973287553199,0.006654918210475089
2026-05-04T13:44:38.100Z,0,2.932354370386747,-0.1804896282919799,-8.793571157752922,9.271363026325272,-0.017544282926662547,-0.0144530530610254,-0.002438753649691705,0.0002972450578506558
2026-05-04T13:45:38.100Z,0,1.7958680246010772,-0.6152884980110684,-9.607660139963059,9.793408766236825,0.04738894757805312,0.012911970297846409,-0.03181615136593763,0.0014197106780623231
2026-05-04T13:46:38.100Z,0,2.521111582609592,-2.0499502952588955,-7.446980700365202,8.125012084705602,-0.032371203980696706,-0.02316185661721537,-0.02113613956566951,0.0030600640785089037
2026-05-04T13:47:38.100Z,0,1.1374789828551002,-2.519069241316174,-6.250434213598055,6.834288268539706,0.03917308859135993,0.0008463943393099971,-0.014878560513409411,0.002252393861020561
2026-05-04T13:48:38.100Z,0,0.26143846844206564,-2.200099059336935,-7.992401583805986,8.29380907789063,0.07269642650964414,-0.06979463709952394,0.03511341355189046,0.0008786023359779484
2026-05-04T13:49:38.100Z,0,2.3068132632033667,-3.1059303601068677,-7.599905856750411,8.527998584931504,0.060725294315666645,-0.06621909697857031,0.05944372282407073,0.006609097218423721
2026-05-04T13:50:39.100Z,1,0.13582220253738342,-3.613428588323586,-6.307849207587424,7.270782314117071,0.0029441706441701854,-0.04042768651191242,0.00392629473733308,0.0019566715567343146
2026-05-04T13:51:38.100Z,1,0.8547307807020843,-3.4061172236761195,-6.320980892724037,7.230974947756705,0.04422623069633147,-0.03032458480389799,0.016485888693296147,0.008603312020845418
2026-05-04T13:52:38.100Z,1,-2.481893155618309,-2.2109122701294837,-6.61029099364896,7.398910306445853,0.14305874482101189,-0.09789194934750611,-0.03154162114871184,0.00028980033313973894
2026-05-04T13:53:38.100Z,1,1.43972461728481,-4.552256143142586,-5.558489338000072,7.327526641852337,-0.051049455705776126,-0.012579861978334606,-0.02590192457763152,0.0004285058720055902
2026-05-04T13:54:38.100Z,1,0.30422827740039793,-4.758114923788526,-3.9066767035365046,6.16395452114176,-0.09692771797098487,0.10759501911961067,-0.0836244767494776,0.007011578379235834
2026-05-04T13:55:38.100Z,1,0.5491750061992207,-6.343371956063493,-4.091288540621463,7.568262870898922,-0.03162482574659009,-0.008728919256295598,0.02192200145589851,0.0036730188320292104
2026-05-04T13:56:38.100Z,1,1.4276377237365523,-5.6713904969001305,-4.508900368819013,7.384646381141147,0.04854831795775283,-0.021076700846389684,0.0266125196164424,0.004689901882270832
2026-05-04T13:57:39.100Z,1,1.420571673406812,-6.803292857512133,-4.3948509210167686,8.222988033696959,-0.031459629586727544,-0.19670402617233407,-0.0002558129326146741,0.0008891941127452307
2026-05-04T13:58:38.100Z,1,0.4020826427222346,-6.521502190025785,-3.6273499763410655,7.47324087106465,-0.004275085730753858,-0.02483740724201766,0.09486174056583252,0.0014263044172684054
2026-05-04T13:59:38.100Z,1,1.1501463386593969,-6.299554856923351,-3.494672668239218,7.29520150879031,0.010796526447087729,-0.004180335055892215,-0.004628054588451391,0.0030694126917171108
2026-05-04T14:00:39.100Z,0,0.9236496964604157,-6.095449277836451,-4.8973471430144855,7.873476976510472,0.031558119745866975,0.05351408861198337,-0.04959010667882069,0.0021085298970659363
2026-05-04T14:01:38.100Z,0,1.7486605249814602,-7.12373344504158,-0.3463667917458224,7.343388984798279,-0.029283318620620946,0.005180252643732786,-0.09936827883283428,0.0002916210283809084
2026-05-04T14:02:39.100Z,0,-0.07169374794102623,-7.153800696414692,-3.8179186267370824,8.109161919576099,-0.017689276999632852,0.03897493939408747,0.017665289041790544,0.007416240916641305
2026-05-04T14:03:38.100Z,0,0.5101341181443786,-7.380263180039037,-2.6030069748230744,7.842459227570931,0.0009927505697504557,-0.016906265086547023,0.003855917156680988,0.0016555707968650532
2026-05-04T14:04:38.100Z,0,-1.2598019610550182,-5.922444037878449,-1.1138348418171518,6.156547118127652,0.042668099999865206,-0.01224964096202541,-0.053738162215655194,0.004952956873577972
2026-05-04T14:05:38.100Z,0,0.9893401549447844,-7.377195622666477,-3.534839841449866,8.23995763957418,-0.004118069354852594,0.012312231401523377,-0.03127779715628165,0.0019437511232050318
2026-05-04T14:06:38.100Z,0,-0.06904961820453082,-7.6453800913895975,-0.2949448107756325,7.651378766797136,-0.018264401508538697,-0.016370627267114912,0.009134803023114202,0.002480376508202294
2026-05-04T14:07:38.100Z,0,-0.016392337585102723,-8.575025816071502,0.156441016770259,8.576468401781257,0.019731038229942044,-0.010825475881048874,0.017909054577991412,0.0076621754370205025
2026-05-04T14:08:38.100Z,0,0.5341037416997096,-7.773353825086815,-0.700184010383964,7.823078303665816,-0.01545486955212283,0.0034348837294473356,0.024537484862474646,0.001196535914609089
2026-05-04T14:09:38.100Z,0,0.8823414397056695,-8.621700726962445,-0.5417928332462907,8.68365069056118,0.017022827962343,-0.02988206774467983,0.006434351492907303,0.0003394084508758351
2026-05-04T14:10:39.100Z,0,0.232924453484884,-8.087478596991104,1.2020766544083017,8.17964254358917,-0.03971917005074488,-0.024348360284420778,0.037857302107591195,0.0016804857938548896
2026-05-04T14:11:38.100Z,0,-0.2446598089136387,-7.344313244033174,1.064689263330365,7.425116744942781,-0.06422059794353174,-0.0023018498680471566,0.04548838865359173,0.0051009803596184875
2026-05-04T14:18:38.100Z,0,-0.2739975575423159,-5.90421753395276,5.203082390835334,7.874447645111059,0.016217907730098347,0.02044268038581265,0.007151610145861298,0.002137924569116763
2026-05-04T14:19:38.100Z,0,-0.5549306169996271,-6.596579290544469,5.80201052071061,8.802620769325483,0.01762243067560121,0.014252402162462374,-0.048280121711208324,0.002299240250683019
2026-05-04T14:20:38.100Z,0,-1.065050586930738,-4.624240348221065,6.4939579879137455,8.04297344889475,-0.026313531109600774,0.10256101764127834,-0.015117050552682088,0.007623939215039659
2026-05-04T14:21:38.100Z,0,-2.1322588117982377,-4.023766601676471,8.8464247974116,9.949696327100497,-0.008619268481169229,0.026270530771199674,0.0011896951805923095,0.0012625970586230975
2026-05-04T16:56:38.100Z,1,-135.91824374594808,-69.29838260475663,654.7009871597993,672.2420824395285,-0.02763447834719379,0.6990006305120922,0.3140006347122082,0.004614215006619957
2026-05-04T16:57:38.100Z,1,-135.64099552633024,-28.262467370041122,666.889146891549,681.1302232106241,-0.026050275031108683,0.750238528011149,0.24235790495197307,0.0006734871518030455
2026-05-04T16:58:38.100Z,1,-134.727646415854,18.0967137675907,678.3450235947512,691.8316274887301,0.05045898921496317,0.7533104049521344,0.18092764192800814,0.0014163082277973238
2026-05-04T16:59:38.100Z,1,-132.9857865860049,66.66978159591963,686.6792999462632,702.6083832311112,0.10934390913841519,0.8868285908963935,0.14819222068407356,0.0031375359250398094
2026-05-04T17:00:38.100Z,0,-131.0081441015427,110.36761217201274,691.4527941034976,712.3560276371754,0.03863522376912343,0.7732914090210485,0.10301120661004859,0.002305863577954759
2026-05-04T17:01:38.100Z,0,-127.03022510186202,158.81487013757578,694.2522261822432,723.4258736216485,0.026950644425038917,0.7858993082510146,-0.00590886982365646,0.0002815903244287593
2026-05-04T17:02:39.100Z,0,-121.77644100177076,207.7266717024031,693.5577368660688,734.1676961610331,0.03987394600901695,0.8819449854171602,-0.03261596277592815,0.007406602893468947
2026-05-04T17:03:38.100Z,0,-116.95634220188822,256.774241797757,688.4974218787647,744.0702232758437,0.15575972391124182,0.92236877841545,-0.07967536829056598,0.0016739988389058616
2026-05-04T17:04:38.100Z,0,-108.94552765478238,306.5127983027196,681.8087976944298,755.43527858637,0.13469216400374684,0.9465697608930235,-0.15334051903348467,0.004988526930266729
2026-05-04T17:05:38.100Z,0,-98.50621696887174,354.494529200565,671.3008985902889,765.515997522441,0.19326022853349833,0.6225840546143502,-0.10960022876460584,0.0019379571358117934
2026-05-04T17:06:40.100Z,0,-90.87361304545993,408.0386759596877,656.0411485797886,777.9097397878235,0.1805689182912129,0.8616716463492047,-0.27581029268120005,0.0022587625743422214
2026-05-04T17:07:38.100Z,0,-80.72853946578107,452.7293951559841,639.0116058373678,787.2844687388625,0.18685473697033217,0.8398194419543259,-0.33612848136410634,0.007639892326136345
2026-05-04T17:08:38.100Z,0,-68.71854231803809,500.0246623540079,619.1687116042885,798.8221294194786,0.23720495893542193,0.87530240682554,-0.45888796996518266,0.0012055195668221076
2026-05-04T17:09:38.100Z,0,-47.352288818274246,539.2852223103546,594.4348453813291,804.0047112188972,-0.0018215089322426437,0.971350363115242,-0.5324572366474101,0.0003135081099038827
2026-05-04T17:10:38.100Z,0,-42.5153059591139,592.1940632342739,565.9314418235226,820.2315262260818,0.2664384108827522,0.8213288523597484,-0.5533442547482892,0.0017359149188937622
2026-05-04T17:11:38.100Z,0,-28.627878090219383,632.4669023024398,534.3428133946873,828.4661611306415,0.2615458221080502,0.687473625148094,-0.5346028600801134,0.005107478043485347
2026-05-04T17:12:38.100Z,0,-13.069234864587997,671.5047811403565,501.86309143282415,838.4247363579005,0.20517538240849564,0.6397067945007606,-0.43693219110974013,0.004053391647419311
2026-05-04T17:15:38.100Z,0,35.83440903457813,782.7615434230211,378.19761452283274,870.0765336242604,0.2688905699977928,0.5864916823856703,-0.8349507919023225,0.00023806397299748656
2026-05-04T17:16:38.100Z,0,52.45596563577237,809.0229672347959,336.43238773856865,877.756538775787,0.31502285894957627,0.5716563345616876,-0.8603033556360273,0.003777825866273268
2026-05-04T17:17:38.100Z,0,72.90401994055173,841.8279838692797,282.28647560536047,890.8843947777985,0.2781343812784387,0.43599257934801017,-0.883952998930404,0.0010080230692293306
2026-05-04T17:21:38.100Z,0,142.69652180689718,914.7971021844796,65.09886503681628,928.1454076436456,0.29472985682810204,0.23266785465558826,-1.0234004650129247,0.0012289195876042547
2026-05-04T17:22:39.100Z,0,161.20896582651767,923.6880457975332,6.0002569007338025,937.6694191958037,0.2698087448678166,0.13903557352179519,-1.0636404068838368,0.00019083636133586734
2026-05-04T17:30:42.100Z,0,1.2363253596987533,23.177536581442837,-6.0886763321832404,23.995805505488736,-0.053239463644327856,-0.019847999309874353,-0.048167610453564436,0.0017445227882254496
2026-05-04T17:31:42.100Z,0,0.21196295496395123,21.459034560848522,-7.6803726642538095,22.793051942199085,0.006701896268168639,-0.10526875243677125,-0.11771919252812069,0.0024348441223135285
2026-05-04T17:32:43.100Z,0,0.6545896703187282,20.492550520430086,-8.943510377321218,22.36871682368302,0.049409924458121424,-0.03220448457064151,-0.07234518297494219,0.001407399248805027
2026-05-04T17:33:42.100Z,0,0.002133077430244157,19.637739448626235,-7.272014175214281,20.94094089019564,0.009790618431981812,-0.014811186678009847,-0.010213538887526852,0.0011914163889843413
2026-05-04T17:34:42.100Z,0,0.07138607662682261,20.77016403018206,-6.931553032700322,21.896374979839514,-0.011884052673494239,-0.10032054830944048,-0.07742908842889307,0.005926303502095917
2026-05-04T17:35:42.100Z,0,0.07580959811548382,16.59765434123983,-8.640471784929105,18.712178638325355,-0.046871716064877944,0.04552439210137038,0.02065575058463054,0.0015972081973271487
2026-05-04T17:36:43.100Z,0,2.925811515638088,16.032905266911257,-9.705920502710796,18.96890395167135,0.042252878309945174,0.03209192706421504,0.06603326065857118,0.008682965924206611
2026-05-04T17:37:42.100Z,0,1.5390361801337349,16.955073907411133,-8.272664849755529,18.92828960275902,-0.017574299215006306,-0.10167519501358413,-0.03491298266933285,0.0010410849406414905
2026-05-04T17:38:42.100Z,0,-0.372047176824708,16.31416639975214,-9.847924969108135,19.059697547909,-0.040069239244378,-0.13491346690175376,-0.02181371070175686,0.000592871230938688
2026-05-04T17:39:43.100Z,0,0.1678027711022878,14.545538456331997,-8.217906116897211,16.707328562662532,0.01895715038990886,-0.10667493833649289,-0.008590970503874473,0.006075968273639017
2026-05-04T17:40:42.100Z,0,2.482753255208081,15.169401606726751,-7.3693703948265465,17.046478488196804,-0.012730259157933688,-0.025804869353773796,0.003213158700887675,0.003132408968168747
2026-05-04T17:41:42.100Z,0,1.5007405211235891,17.444018889364088,-7.028946176433237,18.86669291305259,0.03879955083485598,0.040049033844802295,0.004276793989177463,0.005083420281722926
2026-05-04T17:42:42.100Z,0,3.22999932473067,16.09820537851192,-5.479964973346796,17.3093942168875,-0.009058950626972262,0.03721362565078934,0.03734316274339733,0.0012367358862933908
2026-05-04T17:43:42.100Z,0,5.225676916552402,17.089745930206846,-4.830864403857049,18.51227609138496,-0.005736124365274264,0.005371250859642629,0.006266181475034216,0.0016124447882140455
2026-05-04T17:44:43.100Z,0,3.7253186887937773,17.882289946101082,-5.4202377641559,19.0534319866392,-0.006497654823522936,0.0006235342159266466,0.02881835538559585,0.0021691483209729328
2026-05-04T17:45:42.100Z,0,2.7675182834627776,16.54894954936026,-6.593350361185912,18.02773301394056,0.001362857245279514,-0.19305447468978554,-0.030175719535563417,0.0016711787562539103
2026-05-04T17:46:42.100Z,0,1.0841422720204719,12.689867010521994,-7.982010691350183,15.030654805681113,0.06663749068747116,-0.002307434661286134,0.0013406524157488775,0.0007291317748929896
2026-05-04T17:47:43.100Z,0,3.1950749314546556,11.949022190492542,-8.317906706906797,14.905542831822604,0.052180360441633766,-0.0018161561032847828,0.04681148055318829,0.006085657304566341
2026-05-04T17:48:43.100Z,0,1.0977239148814988,11.521343866661482,-7.962955685798079,14.048310415887915,-0.022475756076500986,-0.08129548993163205,0.08381668415768928,0.0029391387955982665
2026-05-04T17:49:42.100Z,0,2.4462593733005633,9.875351573100488,-7.665000578526815,12.738091987523703,0.0018477571739339282,-0.09811449582208809,0.06662041712335309,0.0035026223681998594
2026-05-04T17:50:42.100Z,1,0.6121580818216898,8.002515336556826,-6.3923291590981535,10.260451320834933,0.020306803630076864,-0.011657652306595878,-0.009882475840328198,0.002067050982271361
2026-05-04T17:51:42.100Z,1,3.9713040114293108,7.6181215581527795,-6.406438370504475,10.716785162587644,-0.045590007953233425,-0.019656980072557673,-0.004818912315407431,0.002117261123433956
2026-05-04T17:52:43.100Z,1,4.687077386734018,7.409460465169104,-5.899432860132947,10.567502395805443,0.035325304928057744,-0.04569880460447706,0.04503774063824295,0.006961296996469189
2026-05-04T17:53:42.100Z,1,2.6260304966854164,3.887167336870334,-5.34066669342792,7.108363159310572,0.024926020543492022,0.010909023016481001,0.011624113786190549,0.0010836586859617582
2026-05-04T17:54:43.100Z,1,4.493319730499934,5.840975987666752,-5.364605034628767,9.115147276186155,-0.03078094720591895,0.005834139416460715,0.02015093253504574,0.0011100022062984177
2026-05-04T17:55:42.100Z,1,4.883876610620064,6.408090179320425,-4.746217856791191,9.351067021371847,0.0007424708354658582,0.0028999748957758698,0.01874218725816945,0.0016094176762085676
2026-05-04T17:56:44.100Z,1,4.15732584633588,4.937413717925665,-4.319574981309415,7.766604176454927,-0.020496644168088718,0.0007327273223722841,-0.0036942153815999745,0.006422334339001782
2026-05-04T17:57:42.100Z,1,6.314358055078628,5.0166247428933275,-3.6792098226214875,8.864210420427774,-0.0389792154155133,-0.06964530982589423,0.07498249002235724,0.003189462983251394
2026-05-04T17:58:42.100Z,1,6.142666406049102,3.9856706835053046,-3.2915707133724936,8.028222663484698,0.003964379471366186,-0.07081117069507314,0.06078690556421407,0.0012111023174934796
2026-05-04T17:59:42.100Z,1,6.360014945130388,3.9401159247063333,-2.2596676462853793,7.815395157896703,0.030868638230208134,0.010814820718074714,0.0167580377379295,0.004647463353321731
2026-05-04T18:00:42.100Z,0,6.513447669476591,3.787719953834312,-1.9275018566986546,7.777344431054947,0.01089845904611586,-0.04311182286453885,0.012866478981798934,3.605100171874708e-05
2026-05-04T18:01:42.100Z,0,6.989480466472742,3.756829130452388,-1.091602327505825,8.00988126928457,0.008841985207341807,-0.0020783184719874725,0.02340701215608476,0.003934179734512461
2026-05-04T18:02:43.100Z,0,7.093195444895173,3.7121229802323796,-1.121155801229179,8.083951321629838,-0.005551342782128543,0.026685754344946133,-0.02292981540197303,0.0015264171447369349
2026-05-04T18:03:42.100Z,0,7.36171352468773,2.812102247389703,1.15199912670505,7.9642857217250596,0.05743816259529133,-0.036394370043879576,0.15052291910810922,0.002282184556652082
2026-05-04T18:04:43.100Z,0,7.728926817662796,2.056631957202626,1.1211414894205518,8.076075965434846,0.031790842090817506,-0.00269133300623281,0.022277158260308738,0.001992580673728237
2026-05-04T18:05:42.100Z,0,8.241553673087765,2.613961517909047,-0.17054702402674593,8.6478371891994,0.010648933782775316,-0.013141516076231596,0.0273243073074525,0.0070970323915960695
2026-05-04T18:06:42.100Z,0,8.313651085472884,3.1368317040687543,-1.8415782460579067,9.07457535904513,-0.024834710181664832,-0.008926720417967715,0.025126532500863163,0.0010357450944002962
2026-05-04T18:07:42.100Z,0,7.847501959986403,3.211626820757374,-0.12213249920023372,8.480138571695598,0.032650223084740304,0.007417495202055591,-0.016794990640223162,0.0007249317656371809
2026-05-04T18:08:43.100Z,0,8.547892175329252,0.5728280349330817,1.3640936876981868,8.674983814825154,0.019077322837013355,-0.022774140679082677,0.12084770228160124,0.002051316348652336
2026-05-04T18:09:42.100Z,0,8.717794097037768,2.548137153951302,-2.7078012399215368,9.47761174709189,0.030381386423972145,-0.0176086621426208,-0.013428850410335258,0.003678194327209898
2026-05-04T18:10:42.100Z,0,8.891826318404128,1.774396704092851,-1.4490544817817863,9.18220114304472,-0.008491701751989211,0.027636643782358306,0.02552954853984879,0.00249146367969662
2026-05-04T18:11:42.100Z,0,8.33051960080411,0.9014156205466861,-1.798034435523732,8.569891176186323,0.016136208180306255,0.022911384090384956,0.015520922837075624,0.006095756767294264
2026-05-04T18:12:42.100Z,0,9.363335705529607,1.7633203347031667,-2.059728843960329,9.748017082866928,-0.013309572048481044,-0.005388276672846359,0.044415116224105766,0.0021632155676974494
2026-05-04T18:13:42.100Z,0,9.201832172607283,2.0298029135119577,1.9932063432861469,9.631546434890309,-0.018998211419596345,0.022727391201904368,-0.026277659063378422,0.006657547010662057
2026-05-04T18:14:42.100Z,0,8.49038086624887,3.5717781881885458,0.519043027452426,9.225701726369184,-0.09060133698923778,0.17616263094577533,-0.004779089405548831,0.0009524260861460291
2026-05-04T18:15:42.100Z,0,9.920719650056142,-1.4627232617385744,0.09086540376301855,10.028384428064284,0.0019217619922073936,0.02148057982154228,-0.06449871551961195,0.001709752787283876
2026-05-04T18:16:42.100Z,0,8.480219671412215,-0.05529112786462065,-0.78656527603016,8.516799147431131,0.0011399270354317537,0.03981857863788463,-0.058579328760632876,0.0022815182413903697
2026-05-04T18:17:42.100Z,0,8.711921008682566,0.2840776510311116,1.3369602120292257,8.818487987284966,-0.045908559375362756,0.042077686067010234,-0.00880995379315408,0.001542316681743057
2026-05-04T18:18:42.100Z,0,8.879302873538109,-0.36348245203043916,1.848581343438127,9.076970419488195,-0.0004941313291872973,0.042905776597379486,0.04696892365529948,0.0012986326970956695
2026-05-04T18:19:42.100Z,0,8.178611574066963,0.5730738307647698,7.1417787303289515,10.87304485082024,0.014012187818046584,0.0796820397344078,0.03691325800669887,0.006065274893109347
2026-05-04T18:30:28.100Z,0,4.831932604247413,3.9654234942645417,14.358311355863407,15.659925324623053,0.1901320803820994,-0.2807610042765418,-0.6026714054243598,0.003097412732936703
2026-05-04T18:31:42.100Z,0,3.5602997049863916,-0.997974706478999,7.607271378901714,8.45826609514948,-0.020533607351769234,-0.020134512607627997,0.03713981406683331,0.0006960975238298225
2026-05-04T18:32:42.100Z,0,4.0342962893191725,0.7123920677258866,7.916857775171593,8.914016268802078,-0.053033157418447274,0.03404851778954221,-0.009647895005571172,0.006446343608821378
2026-05-04T18:44:56.100Z,0,-3.8261090498963313,1.2499195099735516,22.05556508124573,22.41984300337933,-0.06126354587854266,-0.020219075179461754,-0.05717891283119059,0.0038883554144300723
2026-05-04T18:45:43.100Z,0,0.32010969925977406,8.397560187404451,11.179562427969358,13.985853688692178,-0.011245443139795697,-0.020318292164311913,0.0055552112874224235,4.4575952859357456e-05
2026-05-04T18:46:42.100Z,0,1.7192632130900165,8.839740097300819,9.616969800845254,13.17508934064897,0.024801372515037556,-0.00113776753796202,-0.04374498647230496,0.003938292610007813
2026-05-04T18:47:42.100Z,0,6.5812976813504065,17.408273714863753,-1.4666425113318837,18.66848984675007,-0.13101125376779876,-0.12406726104519095,0.31692659840487636,0.0014695561728368318
2026-05-04T18:49:31.100Z,0,6.122046312157181,14.102977369020664,10.15251662920491,18.424087918417797,0.27660085470193607,0.2846337615229899,-0.4859107643060412,0.0030086499736316284
2026-05-04T18:49:43.100Z,0,6.229409645584383,13.899027777370065,9.993774460781424,18.217136044438252,0.05190836707935631,0.04281520928728355,-0.060434818785815025,0.0019636250765086255
2026-05-04T18:50:42.100Z,1,1.9719637689377123,11.099693096184637,8.841594252771756,14.327093803913566,-0.013996167946395133,0.019677089914793555,-0.03962419808534179,0.007131149816139807
2026-05-04T18:51:42.100Z,1,0.5027643201174214,12.503158355684718,7.563143609331746,14.621316017523435,0.05870662880180788,-0.01542067268456293,-0.009391947720427396,0.0010999320370644339
2026-05-04T18:52:42.100Z,1,1.4290869671640394,12.271135717583093,6.3959562985473895,13.911553411894362,-0.04819783039788916,0.03739351378939659,-0.0002133421248551315,0.0007284252267350037
2026-05-04T18:53:42.100Z,1,1.3562829299189616,13.309797075407914,2.715469816394034,13.651519252386295,0.032311380865568395,-0.009597140600448029,0.04817690776937056,0.002008575715360786
2026-05-04T18:54:42.100Z,1,1.1829412262613914,14.198465773233693,7.1980277498369105,15.962687234482159,0.003320841500897842,0.017323886630116192,-0.0355166809500318,0.0036229697441939332
2026-05-04T18:55:42.100Z,1,0.7218429827844375,14.516127384013089,6.0963027317484375,15.760834956239256,0.0266572115572572,-0.013964027141710744,-0.046014818104733735,0.002433766704552833
2026-05-04T18:56:42.100Z,1,0.8164983644292079,14.517308564109044,4.951229497237364,15.360129916735167,-0.023981353901803004,0.005604501106759585,-0.043259941507445276,0.0061639331832134305
2026-05-04T18:57:43.100Z,1,1.6347156176834687,14.024709018656267,2.5110859960477683,14.341210237920086,-0.007351215922213328,-0.07640354260018967,-0.04886160344430568,0.0018935168092464214
2026-05-04T18:58:43.100Z,1,1.0333473968557882,14.169826947352249,1.2219992713653482,14.25991180827273,-0.03559593730972921,0.0005317232432133778,-0.03437715193671531,0.00653254705777408
2026-05-04T18:59:42.100Z,1,-0.02612046375816135,13.272335364490573,3.8609402618021704,13.822533342746512,-0.06840844092170784,-0.008132345373113026,0.03625681015451132,0.0008784336854176679
2026-05-04T19:00:42.100Z,0,0.2661063747382286,13.054864007017386,4.238726056428277,13.72833148732352,0.010779055289233952,0.017309412203125873,-0.13385115651265433,0.0017676453229226654
2026-05-04T19:01:42.100Z,0,0.470993099838779,13.330601286270394,4.988306932318665,14.241136584017024,0.0012653633465475878,-0.021623982848772982,0.06652125669215359,0.002412773428822453
2026-05-04T19:02:42.100Z,0,-0.14887640688243664,14.064583196386593,3.244668577281118,14.434768403026139,0.01496503609121902,0.002156641283335148,-0.0007833955264491266,0.0015634090271075334
2026-05-04T19:03:42.100Z,0,-0.831592560473382,12.845178885982023,1.000814353574242,12.910917712147082,-0.0027983686941013275,-0.031472223134265676,0.029445654784243658,0.0011802093050977736
2026-05-04T19:04:42.100Z,0,0.28334154080766893,11.869313565966877,2.363369338127086,12.10563511693591,-0.017576053957135684,-0.019775486064688153,-0.14277828226560985,0.005916753164737421
2026-05-04T19:05:42.100Z,0,-0.2293498702101715,13.582871058133605,1.8380995825282298,13.708595756682717,-0.0031625741545582287,-0.027706015444550758,-0.04797950212065416,0.0016081359413781969
2026-05-04T19:06:42.100Z,0,-0.7390720065814094,12.724209998395963,2.5236517140001524,12.99309683977488,-0.014594982746807261,-0.016932303174677088,-0.03641329366299573,0.00869677058198197
2026-05-04T19:07:42.100Z,0,-1.2661177634072374,11.999498985460377,0.7836786808184115,12.0915334994222,-0.025959925832985675,-0.0018337739069451686,-0.00137595293159265,0.0010043787031888342
2026-05-04T19:08:42.100Z,0,-0.06606657416341477,11.811426532403857,2.218339208411635,12.0181192524526,0.053801083931048765,0.03137535777852918,0.02443764972692719,0.0006314262421814703
2026-05-04T19:09:42.100Z,0,-1.827147552603492,11.122357713702513,1.6477951267006574,11.391248310440835,-0.10145671063455097,-0.06108302792284803,-0.047395275415418325,0.00626481260589825
2026-05-04T19:21:41.100Z,0,4.10700208885828,11.357941057212884,6.216944884499753,13.583839476153862,0.057960982251081816,0.03586336784261457,0.06483798788803341,0.002182178652659499
2026-05-04T19:21:42.100Z,0,4.440524604433449,11.866580552123196,6.518080938349158,14.248486652324798,-0.17341076009413925,-0.15885442538959849,0.0438963986404417,0.002096039839917158
2026-05-04T19:22:42.100Z,0,5.011612600355875,10.841925532076857,6.903396244467785,13.7956692410074,-0.012094643185855958,-0.0517511513411506,0.004721544299535196,0.007155764388943234
2026-05-04T19:23:42.100Z,0,4.4907005913046305,9.397800586157246,6.200380975229791,12.12145914879528,-0.08400896976423766,-0.06014185896652258,0.028381799978660638,0.0011403745169601806
2026-05-04T19:24:42.100Z,0,3.8433761155829416,10.251248649183253,5.582923899169145,12.289372567268392,0.004547539974364412,-0.05829250392119789,0.027435245447904322,0.000834722235750085
2026-05-04T19:25:43.100Z,0,5.470250747748651,8.43041297957825,6.848410884344958,12.16125971642332,0.024483046230983074,0.059197576256941886,-0.0035048307296392522,0.0015389417029742331
2026-05-04T19:26:42.100Z,0,7.688316106396087,11.085029032983584,5.5553942920596455,14.589396113417695,0.033341659891494846,-0.04254607771692065,0.011096193953008537,0.005935865489732261
2026-05-04T19:27:42.100Z,0,7.839006579160923,12.87927727571514,4.898789073649823,15.85319973005423,0.03678668331746904,0.031207872253080637,-0.012910791634013208,0.0031818691702852507
2026-05-04T19:28:42.100Z,0,10.968072399919038,12.21654674554884,2.8550258462018974,16.66414711704522,0.08618953717864919,0.0760653831517466,-0.02290174870811512,0.0012503239013661777
2026-05-04T19:29:44.100Z,0,7.7707104337605415,7.179999653999403,6.684533386305702,12.514764171546425,0.00011062679916573614,0.011158147698697718,-0.007243405737433761,0.004606427544236652
2026-05-04T19:30:42.100Z,0,7.744807217022753,7.498061255319044,5.808608394090697,12.245117104105834,-0.018380567469167275,-0.028588910922611177,-0.020824816901132692,3.3973492185984035e-05
2026-05-04T19:31:43.100Z,0,8.294296079839114,6.096596587212844,3.151406132019474,10.765463204905757,0.07451445519701672,0.024994094940833378,-0.04309718087380787,0.003966052768050199
2026-05-04T19:32:42.100Z,0,9.189917387629976,8.209870857626811,5.33167157209391,13.426961042732197,-0.005069898760368119,-0.0017651794106399166,0.02995414612882996,0.001476659427499887
2026-05-04T19:33:42.100Z,0,10.009341991462861,9.285613825795735,5.771341206127545,14.822885364915171,0.00014543492676821757,-0.016124587149946024,0.0032913622218799787,0.0022260569054522064
2026-05-04T19:34:42.100Z,0,11.797702200055937,9.785317401565408,3.5608069201771286,15.73586857384634,0.11293047393401423,0.07435224783858274,0.06863952759772474,0.0020465524557508577
2026-05-04T19:35:42.100Z,0,12.834144702082995,7.814071353550389,3.714895083248848,15.478224279029176,0.03241139807297344,0.0047229016422178915,-0.0049033649851537575,0.007133993857200791
2026-05-04T19:36:42.100Z,0,12.655401813390199,7.454401284121559,4.606723168762983,15.393154060058347,0.04897466674735895,0.007745099980915882,-0.006258272673420606,0.0011063884566693298
2026-05-04T19:37:42.100Z,0,12.607967645180906,7.004749268617161,5.418885466497159,15.407520246851384,0.016628850225242076,-0.02543040509994654,0.012345267502489321,0.0007653921099901878
2026-05-04T19:38:42.100Z,0,12.088840364867792,7.119199410681176,4.9867068491948885,14.88926817597518,-0.0030101626160572437,-0.009839660673804929,-0.0012842546546210087,0.002059826811420889
2026-05-04T19:39:42.100Z,0,12.67386876997989,6.150587132651708,5.72577555431053,15.206616236801414,0.02610771651667676,-0.024533401687065748,0.015231657576109114,0.0036307684656689556
2026-05-04T19:40:42.100Z,0,13.166188866307493,6.48851480286794,5.6741499529380235,15.736750976575259,-0.002958794527607722,-0.021963518393341985,-0.01650100021333145,0.0025111768141342365
2026-05-04T19:41:42.100Z,0,13.251783881969459,5.903408863787263,5.030397516748053,15.354638108531654,0.07083028300858274,-0.006208117147465941,0.11124074233626047,0.006097515980744918
2026-05-04T19:42:42.100Z,0,12.4215202454252,4.86376453397952,4.250554383361305,14.00062795789593,0.03488791135719538,-0.0065227006826873435,-0.00260665985907238,0.002173795104745597
2026-05-04T19:43:42.100Z,0,14.0719354058092,4.839940175997981,4.477098614188435,15.539909876626503,-0.02125308747036314,-0.007527244454408333,0.008759531704205514,0.006637120423452624
2026-05-04T19:44:42.100Z,0,14.412683016644223,5.575332087062179,0.5772509230155265,15.464248389346706,-0.011999986019972653,0.0029534616947657355,-0.07443147492591784,0.0009639416647689013
2026-05-04T19:45:42.100Z,0,14.089555207647209,5.65586916317784,1.6907175295273191,15.276221643619063,-0.003547130026149148,-0.018200127709810943,0.0405308062964016,0.0017634501108849498
2026-05-04T19:46:42.100Z,0,15.536097982931096,3.4406837207257013,-0.5665017934006755,15.922611886346685,-0.01770429221448211,0.011603627338097056,-0.021621460423559835,0.0023193641512200018
2026-05-04T19:47:42.100Z,0,14.201626358499198,3.653660078384746,-0.3699334547491162,14.668751615449224,-0.008494473049402984,-0.047084298222976884,0.052832384207737726,0.0015036537854044
2026-05-04T19:48:42.100Z,0,7.202120861848016,6.840339991413202,-14.975931830122136,17.97051279978561,-0.09248634260927702,0.024368088610060568,-0.11814215891225999,0.0012278593373769911
2026-05-04T19:49:42.100Z,0,12.986757679804839,2.1687971977826237,-1.0370416039222619,13.207384737613475,0.030984767599662177,-0.03908845078814949,-0.026208367951641165,0.00604005324940004
2026-05-04T19:50:42.100Z,1,13.48407630246129,2.9686605203096406,0.1023008007905446,13.807379348351576,0.01386439063111311,0.005464205650618226,0.11301397145824232,0.0015839791557796226
2026-05-04T19:51:42.100Z,1,11.644734135529689,3.403530442255942,-6.326689743218594,13.682501805791244,-0.15039828674012767,0.06292149302211669,-0.05075899983442156,0.008614329924598025
2026-05-04T20:08:39.100Z,0,-5.428448276688869,-13.133221152202168,4.269818943384962,14.838493937547229,-0.059331125699113585,0.012561944917249823,-0.10265179525692503,0.0010839455231010737
2026-05-04T20:08:42.100Z,0,-4.162827595791896,-11.710552339536662,4.207249563933146,13.121246837954454,-0.06813317777742967,-0.013061199629266218,0.16509731168579123,0.0010160905527893064
2026-05-04T20:16:26.100Z,0,322.2871412672248,140.4582903364826,263.0114598423461,439.05872131054383,0.09268570705789347,0.04592050069351927,0.12681385188173522,0.0026794735233298286
2026-05-04T20:16:41.100Z,0,374.6083068272128,182.78348826606816,303.87874001917226,515.832798261513,0.33545513268751215,0.32438874398810214,0.014522648192460963,0.003938913839461852
2026-05-04T20:17:43.100Z,0,-2.43455799864023,3.0970597490522778,26.393587776965433,26.685957496000064,0.014118538645302436,-0.008986679564504385,-0.021285407409088464,0.0015314750238642116
2026-05-04T20:18:42.100Z,0,-11.232599445065716,-2.4273478516079194,35.65601266109297,37.462174880458,-0.08311268291083529,-0.07074624898262272,0.06998589475237793,0.0022259825143316103
2026-05-04T20:19:42.100Z,0,-32.650513772750855,-8.251424680111086,38.43750729174644,51.103659611413356,-0.01614984363751404,0.04095664447811842,-0.031205888742391608,0.0020379192126354574
2026-05-04T20:20:42.100Z,0,0.2778620801109355,4.838793968701793,19.956569655732892,20.536694155370462,-0.01889924139497623,0.001083622701347764,0.009660694289870264,0.00712094158513368
2026-05-04T20:21:42.100Z,0,6.527380630359403,10.640699271789344,10.187245246015664,16.112453090349657,0.03208756003125757,0.0360187290326941,-0.07844780055776823,0.0010856522484605972
2026-05-04T20:22:42.100Z,0,8.037486609282496,10.378654337728221,20.265079993805557,24.14520913166375,-0.006282716270344935,0.07342493248385651,0.013932880081668486,0.0007260910272300483
2026-05-04T20:23:42.100Z,0,3.4876160980275017,10.463279531904845,16.38670101601747,19.75266196739942,-0.021438794026718,-0.012583544040545291,-0.020055959379483568,0.002026990730728583
2026-05-04T20:24:42.100Z,0,8.149601507284387,12.193611306429375,8.882972822902957,17.146643041489106,0.052758807028929766,0.030669664481841608,-0.032679827343784495,0.003638187681938278
2026-05-04T20:25:42.100Z,0,9.557092938393907,13.159159015685873,8.64114292380691,18.416591499592528,0.06522436908174001,0.015000397781683716,-0.0630115184900859,0.0024530634476732063
2026-05-04T20:26:42.100Z,0,9.806984738588653,14.431998953568836,7.4602341064746724,18.97668665447503,0.0005089285064485694,0.07257853585862506,0.0194390257375332,0.006132112730587793
2026-05-04T20:27:42.100Z,0,9.056673695340578,15.139084423935856,7.692391513046459,19.24546966974099,0.015269405196249863,0.012559782152088417,-0.028544663089213884,0.002179373784004305
2026-05-04T20:28:43.100Z,0,10.057334368866577,15.519358650749382,7.053515971165325,19.792739959218856,0.003774029797121159,-0.03361372032806287,0.010781128571224485,0.006565393418757521
2026-05-04T20:29:42.100Z,0,12.78398285876392,15.85447483103053,-3.445087581894768,20.655827709096428,0.016181401059078837,0.01702766239652931,-0.05293345666324001,0.0009204173336165086
2026-05-04T20:30:43.100Z,0,3.9671333674959897,11.379323183575707,12.926588699883723,17.672686232933724,-0.0426974287872639,-0.05018002747458894,-0.023206262250052845,0.0018447847593572046
2026-05-04T20:31:42.100Z,0,9.911730699968757,14.887370883570838,4.304961035813903,18.395893748703045,0.0034907819355112224,0.019466793428790652,-0.09234247717726518,0.002374474786239642
2026-05-04T20:32:42.100Z,0,12.575119903203813,16.034945942486445,4.741617748550198,20.9221430745462,2.7552358616844685e-05,0.032884071858418906,0.08785167547076256,0.0015226199814966982
2026-05-04T20:33:45.100Z,0,13.847712817323554,14.360327394797423,4.059257205881295,20.358185631837028,0.032466271045805684,-0.03384767751857254,-0.1010290880656406,0.0015057318697057238
2026-05-04T20:34:42.100Z,0,11.89833651653771,17.641001272750145,0.4647888763429364,21.283593833408847,-0.006595450650515033,-0.008020459459245899,0.011152431534711127,0.0059428923585864105
2026-05-04T20:35:42.100Z,0,11.81718532177456,18.327730014902954,-0.5502045924004051,21.814084475903112,0.016422940786853246,-0.013194219178558342,0.051705470979282464,0.0015788287733631402
2026-05-04T20:36:42.100Z,0,12.13234751236314,15.837800748613517,0.1709842854324961,19.95141659981546,-0.01837381217484335,0.021496245047991636,-0.03304767909784179,0.008704741087127007
2026-05-04T20:37:42.100Z,0,9.961718836763112,17.36700307242245,-1.1339385191604379,20.05329036506198,-0.029543543903720604,0.045774160132516784,-0.11338187752230056,0.0010159367268643357
2026-05-04T20:38:43.100Z,0,10.192179288878833,16.670342902898483,0.7446896061082953,19.55339903357762,-0.04587645404985352,-0.00899585116398427,-0.07618672371467738,0.0008681760071526199
2026-05-04T20:39:43.100Z,0,11.345249932787738,16.435075969184254,-0.022286280000116676,19.970651337113523,0.01713012053627949,0.012726633396020759,0.012693859694934417,0.006023098673023251
2026-05-04T20:40:42.100Z,0,11.402760728060457,17.027675030021783,-2.4225890892921598,20.635736164357755,-0.0353876314642676,0.060355226494834824,0.02191224597591912,0.003198631397765745
2026-05-04T20:41:42.100Z,0,10.363651527541151,17.180498067773442,-6.924384199010092,21.225500780348472,-0.11075815631489405,0.029507765658021157,-0.2649506520802092,0.005065867937148023
2026-05-04T20:42:42.100Z,0,12.233130953063664,16.566520740525448,-2.3218551568788826,20.72414325685357,-0.06398556020226209,0.005396549030312059,-0.09647422227887503,0.0013123323507019961
2026-05-04T20:43:42.100Z,0,13.784224400296807,16.132987211676664,-4.156362618232379,21.622984736249993,-0.07465281015850422,-0.003957669838516864,-0.05800232616914869,0.0016928586597249136
2026-05-04T20:44:43.100Z,0,11.311220850984682,16.85258365705522,-2.5808817817960517,20.46006460960967,-0.010200468747889602,0.006994737797416661,-0.02398492905353322,0.00215596631700849
2026-05-04T20:45:42.100Z,0,10.3834640626701,15.397666725675663,-5.59247667206364,19.39536702058811,-0.02923406987065391,-0.07457886860029461,0.02276706785853122,0.0015861941029020278
2026-05-04T20:46:43.100Z,0,11.318753098748857,13.729471537772042,-4.3797894031740725,18.324713248318112,-0.032908578448065384,-0.017861847236400052,-0.05482618172258924,0.0007916750208325316
2026-05-04T20:47:42.100Z,0,11.68080742490929,13.483273257406836,-7.029155759482819,19.174174050602254,0.0944174665882258,-0.07294229408350006,0.0683621690633629,0.006462580790693334
2026-05-04T20:48:42.100Z,0,9.907050761285063,11.724171002242656,-8.458206869363494,17.525612797316228,-0.0293995178637374,-0.002960353238545821,-0.0023484640836457515,0.002733100555438697
2026-05-04T20:49:42.100Z,0,12.041235809192585,9.65161547082971,-4.972026949872088,16.21314568489396,-0.0034436009093141706,-0.004039572786274093,0.018855810626661196,0.0035036766525851698
2026-05-04T20:50:43.100Z,1,9.639339151362947,10.996219514254335,-6.900573260281817,16.16946548903775,-0.06088538667903265,-0.035932834163587835,-0.0409288870706348,0.0020242439404329357
2026-05-04T20:51:42.100Z,1,7.906147417088505,8.685768275427108,-6.332354655114614,13.343479793266184,0.05466004560794602,0.0772074640993381,0.04712518706639912,0.002087002348424124
2026-05-04T20:52:43.100Z,1,8.09959714388242,8.89139957007501,-7.850451213926135,14.362800718180024,-0.0035880784641229013,-0.0378936380979189,-0.05407080393116104,0.0069888093853964686
2026-05-04T20:53:42.100Z,1,9.646305174101144,9.561791151099897,-7.581005522297346,15.554764487392461,0.07194053518322363,0.05919032842646721,-0.0282641949835849,0.0011340364401331272
2026-05-04T20:54:42.100Z,1,9.896965982079564,9.906101990054594,-9.846877177551505,17.118463203149645,-0.010792472549425725,-0.03583979351728939,-0.004461798108756909,0.0008321689513120725
2026-05-04T20:55:42.100Z,1,6.2235598834377015,10.086445834531332,-6.803511426369369,13.665901174983233,-0.10272629856444837,-0.10305972858620782,0.009255096138360841,0.0015735584346318646
2026-05-04T20:56:42.100Z,1,7.320774249819806,8.246005187174887,-7.6835324598505395,13.439754768049779,0.06471765244997485,0.021096544668641748,0.01926520078754379,0.005955051107339587
2026-05-04T20:57:42.100Z,1,7.49760381768283,6.390857415226492,-7.749150926429138,12.534211646101447,-0.06481318090179045,-0.014307009280623006,0.008269349868861298,0.0031822407401326394
2026-05-04T20:58:42.100Z,1,9.717541441204958,8.166176888153132,-9.343362433924085,15.761201673787628,-0.008071517231256209,0.012901783431162883,0.05010570975461093,0.0012303078222064077
2026-05-04T20:59:42.100Z,1,6.61897513873555,5.7297568487229,-9.469611972377834,12.89629777649725,-0.08736707283241163,-0.09435619861153377,0.07796151364125592,0.00468473617160644
2026-05-04T21:00:42.100Z,0,6.086944087655866,5.44723004941261,-7.940095337914954,11.391589771083366,-0.0026751386635881502,-0.03081000078153373,0.05885429870744474,2.521385442950589e-05
2026-05-04T21:01:42.100Z,0,8.893523064216424,5.142591510775674,-9.035200021912715,13.681222144838634,-0.06325121132441658,-0.03558143142945447,0.023348447165894015,0.003941750568686686
2026-05-04T21:02:42.100Z,0,9.442972788747284,5.4281391699078085,-8.521221287310254,13.829159127156593,-0.040179189665923154,-0.08918256666623492,0.03704299963214197,0.001501685008037876
2026-05-04T21:03:42.100Z,0,5.651387660691398,3.7767853305012977,-9.163636081211735,11.409404723866638,-0.014438383506121255,-0.03138483451170515,0.03845600288610029,0.002190097646397111
2026-05-04T21:04:42.100Z,0,7.448801064128929,2.642429927163903,-9.962910248077606,12.717179475976167,-0.04854562732936607,-0.018417372267265364,0.02740709351733983,0.0020662240245913374
2026-05-04T21:05:42.100Z,0,6.856469511149044,1.9951989338551357,-10.240202271688759,12.484139357924226,-0.03459638991620828,-0.01937910048654956,0.027508292620659347,0.007221296740501097
2026-05-04T21:06:43.100Z,0,6.251958910070243,1.5694883668402326,-10.071185736705957,11.957385420320072,-0.04890285859326937,0.035608284380206356,0.04857499240085161,0.0011350905601167642
2026-05-04T21:07:45.100Z,0,4.325977957705618,-0.295901729941761,-8.497690741023689,9.540041459785021,0.016289452147599803,-0.05025303278571869,0.03822041490497696,0.0016034609327594603
2026-05-04T21:08:42.100Z,0,4.070017539561377,-1.6749030260143627,-8.81090995426348,9.848983558775423,0.0028225099968359757,-0.027787759616426655,0.001774644819541038,0.001908511675304347
2026-05-04T21:09:43.100Z,0,5.678411889675772,-0.5715990971566498,-12.255809210273583,13.51946546707037,0.09868757567188524,0.018839294608330448,0.02711289651813331,0.0037378683909266804
2026-05-04T21:10:42.100Z,0,3.120769339147955,-3.054317772466675,-8.244654986810929,9.329651342623585,-0.09754184998200799,-0.06565138889547129,0.06580347481222049,0.0024218078894512546
2026-05-04T21:11:42.100Z,0,2.7221421123613254,-3.0533381770965207,-8.214159786803066,9.176347460004916,-0.011861604363616607,-0.010575811571822413,0.03912098677893994,0.006267443815890829
2026-05-04T21:12:42.100Z,0,2.7419126590757514,-2.4896154502584977,-7.766212218484725,8.604087536904022,0.0028616461538177873,-0.04143021210589737,0.005981627159812319,0.0021000587551168307
2026-05-04T21:13:42.100Z,0,-0.6858038359496277,-4.483992110863255,-8.78527842087351,9.887245778474048,0.03151469723317035,-0.08893700158507656,-0.02877049608862592,0.0065621663996452435
2026-05-04T21:14:42.100Z,0,-1.2948089129167784,-5.551443516083054,-5.944874779743259,8.23629718866778,0.01299829098933003,-0.03802550433595897,0.02639728337605618,0.0008358691101296707
2026-05-04T21:15:42.100Z,0,4.939234469929943,-1.1785301783220348,-7.069652650898206,8.704306930164625,0.03325328134717864,-0.039979382924659745,0.042253843104855804,0.001718729250822523
2026-05-04T21:16:42.100Z,0,5.436480582375225,-1.8777785435304395,-3.889536926180881,6.943332836701031,0.018734927358821096,-0.013759694589055016,0.024171157166019697,0.0023805961124218652
2026-05-04T21:17:42.100Z,0,3.96799582085805,0.15261254884535447,2.6911018694590894,4.796906367255695,-0.008419720376018347,0.009146537653492715,0.12181443614656118,0.0015581549552560394
2026-05-04T21:18:42.100Z,0,0.7206682485048077,-4.77347041102405,2.3909472929517506,5.387208131026535,0.02172941509392956,-0.003989196891929225,0.03857089344228015,0.0012077916393878748
2026-05-04T21:19:42.100Z,0,-0.88259935091628,-0.9342065538362476,0.36456252200878225,1.3359001953446374,-0.005108403770215375,0.0039987758673198925,0.05699932047287248,0.005983704837442513
2026-05-04T21:20:43.100Z,0,0.5022940924845898,-4.003818073442744,10.200389468991489,10.969539818957044,-0.028312490348625374,-0.0485090401722843,0.02005576401087339,0.0014581938019377356
2026-05-04T21:21:42.100Z,0,0.10059964279207634,-5.262784840851964,12.690044776718423,13.738422799009705,-0.01407597442426578,0.018190297725428906,0.014976717378933913,0.008676661604103667
2026-05-04T21:22:42.100Z,0,1.174381223677301,-4.226298219464297,15.472134368792467,16.08190628701529,0.00959467035865913,0.011179204517208774,-0.015209427104201367,0.0010788448667535602
2026-05-04T21:23:43.100Z,0,6.3468487389855,1.0056395768742732,32.070369670691434,32.707834087400876,0.030556167025075354,0.024287422215163446,0.00576912835756338,0.0008674179353090692
2026-05-04T21:24:43.100Z,0,11.619404748557827,-3.991137219600205,41.732378620508825,43.5032316999782,-0.01723261825237188,0.028422360720092854,0.028987229735932818,0.006115472904604768
2026-05-04T21:25:42.100Z,0,-2.586094742923706,-9.580264539863492,0.8899748481780989,9.963002052771701,-0.03529827676906905,0.013275804852330708,0.1830109024421045,0.0031367887400463516
2026-05-04T21:26:42.100Z,0,4.775416536290322,-3.2065791740478744,17.97832154079515,18.87609065772708,-0.11684608144690856,-0.05311690881848463,-0.03737895390809598,0.005037249795406565
2026-05-04T21:27:43.100Z,0,21.441038974444382,61.79733462931836,159.8047950428736,172.67368426684604,0.22654285677692343,0.2624495721690323,0.42478454129524224,0.0013561997331453437
2026-05-04T22:06:42.100Z,0,19.781848272941716,7.442687608659071,8.86246206391661,22.91851552278497,0.033261244170468274,0.04110805565993303,-0.054239879580197936,0.00868639775197019
2026-05-04T22:07:43.100Z,0,22.96390148194405,9.074223399693437,8.917652437958168,26.252748933858285,-0.00587511608429736,0.1991804149863441,-0.1442668406048675,0.0012188038613867606
2026-05-04T22:10:26.100Z,0,16.449682873826532,4.757532508051554,6.783932327380171,18.418683993084386,-0.2797586043046252,-0.21822538615579035,-0.024320200687766302,0.003931166071053633
2026-05-04T22:10:42.100Z,0,21.364142898391947,7.766678758912349,6.056509013433242,23.5250760287156,-0.019293453061841603,-0.030779762368426944,-0.21429726191302123,0.003182203066358161
2026-05-04T22:13:42.100Z,0,16.647887687270213,7.104375340418301,3.1581611474393867,18.37384813420157,-0.0608157517811847,-0.034052455630484424,-0.10110115958927857,0.0016824604437908745
2026-05-04T22:17:09.100Z,0,14.782208452743362,10.022438162195613,4.424443767675257,18.39941999381265,-0.10254536234732825,-0.01846284020634581,-0.015083168088736443,0.006198805139564811
2026-05-04T22:17:41.100Z,0,20.096194768029818,9.35173450216098,1.29758240927913,22.20350653528329,0.009395847665238932,0.00963756200314525,-0.0330108130097706,0.006814187737054854
2026-05-04T22:18:41.100Z,0,22.12323111552905,16.238796750030815,-3.4651975156521075,27.661226811231742,-0.08766147507888178,-0.03382057350506673,-0.23999776653171878,0.002512240890502513
2026-05-04T22:20:42.100Z,0,67.98848651487788,-13.061889043228803,-41.06956721989263,80.4969353180022,-0.3798632126876811,-0.045739194579147435,-0.4871156413353006,0.0019886622604875243
2026-05-04T22:21:46.100Z,0,35.61827346584323,-5.991995296199093,6.226662233530078,36.65155842372509,0.3233253409247183,-0.24886726995654307,0.15550051384671804,0.0017442500240638257
2026-05-04T22:22:41.100Z,0,19.76151959206618,8.073380558926146,-4.467377682885854,21.80950695450057,0.12182749669520376,0.029728101728410117,-0.011537705320030511,0.007262704503642804
2026-05-04T22:23:41.100Z,0,27.922901493184327,13.677467117759079,1.4995226620158064,31.12892710597902,-0.021836526343577134,-0.10167382998649277,-0.028203567988605016,0.00119128730908213
2026-05-04T22:24:41.100Z,0,57.55543964187382,29.422793927551538,9.558594155350875,65.34291206473164,-0.14032042671452416,0.0007330150777473676,-0.105467860826991,0.0006000696126647678
2026-05-04T22:25:41.100Z,0,38.47610788943712,2.3017470267632234,3.130672426777892,38.67182472470889,0.13903972346795967,-0.06960629700458743,0.025416220269747214,0.0016230302282639734
2026-05-04T22:26:41.100Z,0,54.637976835692825,-0.2541015788892764,12.253053248059587,55.99562834909421,-0.08026298387786568,-0.0851019817054155,-0.03994733632772807,0.005709121141901151
2026-05-04T22:27:41.100Z,0,7.1366171669069445,1.4360974157625606,15.413249393986916,17.045877426984767,-0.017376053216722198,-0.061585110043616,0.08830652902069858,0.0033522314793312997
2026-05-04T22:28:41.100Z,0,28.15625594848825,-8.091584150861308,0.2617939685478632,29.297047960318768,-0.015926917902309157,-0.0684045148362511,-0.0367607694258254,0.0010601373711787692
2026-05-04T22:29:41.100Z,0,16.819767512060935,5.516320355241078,-7.744904559785937,19.321436697658395,-0.026314584625986015,-0.0020889212863917095,0.0782598563446868,0.004729736151465747
2026-05-04T22:36:28.100Z,0,38.91381070661737,-86.79384939250667,-67.75953406835811,116.78532190836553,-0.05360252342007099,0.05948252979348645,0.12157443981131166,0.001466759106303182
2026-05-04T22:39:39.100Z,0,14.18180640666833,1.337613803656268,-9.552717066981131,17.151304527811966,1.8451976065956277,-1.1087819517630049,-0.6358991770385458,0.0029678371176732657
2026-05-04T22:39:41.100Z,0,13.81741898785549,1.292328161810019,-9.594013327841822,16.87116686238872,-3.5451477031653855,2.0492916089733804,1.1888606220900044,0.003365349660472702
2026-05-04T22:41:03.100Z,0,19.962594504249864,8.411891607778443,-11.49816288261718,24.524943413539525,-0.042496330005636906,-0.0188069591235962,0.10584941656066604,0.0005542352053386981
2026-05-04T22:44:08.100Z,0,35.14242910659959,-21.498432532609968,-22.173999509504938,46.785245314298464,0.09665539159220415,-0.002384113862774484,-0.056983714338265656,0.0035193233788436387
2026-05-04T22:44:41.100Z,0,17.544839431138826,-1.5274224882659837,-12.707973698525166,21.717435521822363,0.27408420502705866,-0.13140646348430707,1.5264499201750326,0.0007025963618711442
2026-05-04T22:45:41.100Z,0,13.307342578627868,-1.7182843602085995,-1.8353954965277808,13.54276723111544,0.19414879182999556,-0.025563933711003628,0.05605138667608145,0.0016465358451348872
2026-05-04T22:46:41.100Z,0,19.474233053188073,-6.6796016280932236,-13.57939034460287,24.66298183616495,0.02706968452415026,-0.0690841428732103,-0.014152213571705374,0.0025539919415271417
2026-05-04T22:47:41.100Z,0,3.590523954699165,-1.069669150865593,-3.1458599914913066,4.892084366366522,0.059099067501122704,-0.004779420418321578,0.041811864389451614,0.0017357114552276507
2026-05-04T22:48:41.100Z,0,5.249178321719228,-0.6279613360220537,-3.116737081654719,6.136958410231184,-0.007156189498758181,0.02118873781808972,-0.09189268410825235,0.0011096225850431361
2026-05-04T22:49:41.100Z,0,3.987081729064812,-4.126482838159973,-9.545793691358995,11.137632536848233,0.0320886506139928,-0.044756585423133544,-0.04328339424208849,0.006151485847505805
2026-05-04T22:50:41.100Z,1,2.1679493447663845,-1.282808489349918,-1.3626067011500709,2.8639656080058455,-0.01687523416826764,-0.01877943188777209,0.09734502955005553,0.001698727459339909
2026-05-04T22:51:41.100Z,1,1.8700753735174658,-0.8602927607626043,-1.7789530947993626,2.7206542688024995,0.02290261098369939,-0.04718511541068615,-0.006917308737364181,0.008700001217972642
2026-05-04T22:55:44.100Z,1,1.768908830399596,-2.5360525557971414,-1.6827187610033434,3.520247639678707,0.09944447152676616,-0.0022594733290401403,1.16125715333526,0.0028609314095923797
2026-05-04T22:56:41.100Z,1,-0.7096419806202903,-5.0908180969599925,-2.784417162729369,5.845767663283918,-0.0599057369949918,0.06908870701716197,-0.04972899213862014,0.00498359835002541
2026-05-04T22:57:41.100Z,1,4.761698158517902,-7.995523262593451,-2.741786450314976,9.701523310008414,-0.1458032720691449,0.0017395035731837538,-0.0015262592165665723,0.0011090456890056942
2026-05-04T22:58:41.100Z,1,2.165724238011535,-0.9055386381078279,-4.983289339179464,5.508496558789569,-0.010019308789743775,0.014198361925898961,0.11698841929286274,0.0015710191196337707
2026-05-04T22:59:41.100Z,1,-26.919382367054823,-7.744125609178809,-27.842645189593895,39.49477838433908,0.03643875871617297,-0.06952430478074367,0.016124114465942974,0.002550396655427038
2026-05-04T23:00:42.100Z,0,0.36006652106124193,-2.690328468588632,2.4978586689030635,3.6887413975910244,-0.07701799821990818,0.007463122628004193,-0.09126891908681212,0.0016474467616128623
2026-05-04T23:01:41.100Z,0,-0.2680279679339037,-2.8805989448983382,0.8395655577260186,3.0124009691048763,0.036747491331645676,-0.11047252668183738,-0.1903719271315607,0.0005928816564940751
2026-05-04T23:16:39.100Z,0,-5.622759967081947,-2.9438153219984997,8.165221533090516,10.34177552366602,0.2008265124646691,-0.17996527990415956,0.18638212200006166,0.003790678197181461
2026-05-04T23:16:41.100Z,0,-5.692553196240624,-2.66359255357429,8.01353032420593,10.184132532545606,0.21218709522452528,-0.2035315824699957,0.17857390776132576,0.0038962222309692597
2026-05-04T23:17:41.100Z,0,-4.715484248663415,-5.465170377533468,9.894888991311745,12.247967468328957,0.08242123618495967,-0.06699337153515117,0.12494417603381436,0.001413933823323261
2026-05-04T23:18:42.100Z,0,-18.706865522290173,-9.116673578205337,-2.454794646382652,20.95439265539579,0.12775834949163567,-0.005861875218338142,0.09680906670173073,0.002204782144860611
2026-05-04T23:19:41.100Z,0,-8.477372732158983,-3.4328283370541612,9.525538889647578,13.205531037024716,0.09533913320103338,-0.04947727350623765,0.005358164137270194,0.0021648354227460924
2026-05-04T23:20:41.100Z,0,-0.631977191005717,-4.3695513650163775,14.243247513377355,14.911823296592479,0.007778174058392651,0.00888081531447149,-0.05522439797722711,0.007348254223594389
2026-05-04T23:21:42.100Z,0,-6.502845464638085,-2.4993413511538165,14.709136132296408,16.275515109666397,-0.1228052776400812,-0.044605626941418564,0.01681948923426546,0.0011277760572525725
2026-05-04T23:22:41.100Z,0,-0.5736603379773442,-5.239333362396792,12.258763124123107,13.343799069195132,-0.08361763787312348,0.04171066261426937,-0.03271187009357135,0.00043591251095473913
2026-05-04T23:23:41.100Z,0,-6.105297681642696,-3.1727721843708423,10.316881178482618,12.400773377750191,0.03093322591979364,-0.021565199948003766,-0.0019432134923391686,0.002014277446608068
2026-05-04T23:24:41.100Z,0,1.994842071326275,-4.010790386246299,17.58400387700476,18.14560626593825,0.053733871091699026,-0.01124475186697893,-0.006656400889148983,0.0034102803739320597
2026-05-04T23:25:41.100Z,0,-5.23832053750084,-5.435261605498454,14.954956445592416,16.75209816898692,-0.12822728699202202,-0.03029343882565705,-0.08020050110602028,0.0024723036752471606
2026-05-04T23:26:41.100Z,0,-5.028203585425217,-3.950288215719411,25.635517613864067,26.420964623088036,0.13762911778791853,-0.0746089343743872,-0.008832247116785652,0.006194923800082264
2026-05-04T23:27:41.100Z,0,10.067251408145239,-3.6182378801186132,18.98210046647364,21.789018665172286,0.10712179322758253,-0.026921376684141407,0.03780461761593301,0.0023921575244910454
2026-05-04T23:28:41.100Z,0,3.463991401986277,-4.23131420802747,17.032134627243067,17.88845623078253,0.0005173516290923885,-0.01943225586198416,-0.03946479442529238,0.006601810785372984
2026-05-04T23:29:41.100Z,0,3.183477037055127,-7.732569593372318,14.032810973276355,16.335450479662587,0.056005727019581286,-0.0643614599028508,-0.06158646470755258,0.0007234543384374601
2026-05-04T23:30:41.100Z,0,11.41600919982011,-4.153175210149129,20.78235317412691,24.072397758235834,0.011206976035182947,0.03097006673713487,-0.08108436169340649,0.001635223820717729
2026-05-04T23:31:41.100Z,0,15.971586989508069,-1.730105458818798,18.959573357278714,24.85055890220763,0.1415159909554653,0.0007551233226488208,-0.08797284601946842,0.0025232003930466657
2026-05-04T23:32:42.100Z,0,3.901937376213027,-7.855980976955834,27.06313071439581,28.449158097607285,-0.17719340442567955,-0.0799079209782283,0.030935933502895807,0.001571741372870678
2026-05-04T23:33:48.100Z,0,12.780865507011185,14.97596967010395,-3.022371834049409,19.918958862637297,-0.2668228849715959,0.3548070409770676,-0.16000176896646678,0.0019393230910245854
2026-05-04T23:34:41.100Z,0,19.16568347314751,-0.9701500875962665,20.353793243884866,27.973943476030616,-0.02700261320143227,-0.018718423313773824,-0.053106785633971754,0.006171702713872864
2026-05-04T23:35:41.100Z,0,20.07425329520629,-1.0293478842413606,18.49962581673026,27.317967673052205,0.035064491268776976,-0.013858359701687112,-0.06832032574788371,0.001753813478414954
2026-05-04T23:36:41.100Z,0,15.026001794467447,-3.5988730960525572,16.32904490634246,22.480443168278033,0.4679714221031972,0.15943391129641382,0.10822849649638755,0.00860401023282308
2026-05-04T23:37:41.100Z,0,23.897069970189477,-0.247543488512747,17.187127139550284,29.436857343301828,0.008608217122230144,0.0674965177059339,-0.06111394991759056,0.0008915413452893435
2026-05-04T23:38:41.100Z,0,25.096650061641412,-1.9025713515929965,14.426871324758395,29.010278149054766,0.04866213003040798,-0.029706128958695288,-0.059061336786569996,0.0003873325954147159
2026-05-04T23:39:41.100Z,0,22.262205831339088,-2.816297461549766,17.162806226224347,28.250650566451828,0.18391353057189974,-0.09051702119744487,-0.12486285957269416,0.006530389658127175
2026-05-04T23:40:41.100Z,0,25.532072414080176,-3.7296672835509526,11.977689655395807,28.447533975457347,0.09134795930165751,0.0017505018354846413,-0.06535186117551106,0.0033029921401369973
2026-05-04T23:41:42.100Z,0,26.25130556498334,-1.3801478091863828,13.21504427050968,29.422325654387993,-0.03431632945982699,0.05824623952177532,-0.03438095111318873,0.005011362960101805
2026-05-04T23:42:41.100Z,0,27.341477500158362,-2.403364225756377,12.559501444229682,30.183996223510878,0.026291457016824893,-0.025549270681102243,-0.15850810463913234,0.001100536375300946
2026-05-04T23:43:42.100Z,0,30.8391325033881,-5.0744220457090705,11.57687450904632,33.32905453291037,0.07624068613765189,-0.27687824849298437,-0.3097517219781132,0.0016752482478754984
2026-05-04T23:44:41.100Z,0,59.25738596874908,38.682423283944445,45.25293427559518,83.9975935579043,0.10258900783366443,-0.018576701932726536,0.016389465817390203,0.00255625875979538
2026-05-04T23:45:42.100Z,0,28.82707296271292,-3.480772150851408,8.733976086659823,30.32158057631664,-0.13034382754550933,-0.027272860108062957,0.024170651461208337,0.001597001130547465
2026-05-04T23:46:41.100Z,0,25.27005727483811,-3.9476321903748612,8.529468173946952,26.961294885714526,-0.1149479845476975,0.01615440835300852,0.0452321039066117,0.0005524737048718405
2026-05-04T23:47:41.100Z,0,32.29494531711907,-3.181371365144514,31.93144514261803,45.52693494728914,0.08927298688465868,0.12711907566798075,1.916500534483001,0.006793558529228553
2026-05-04T23:48:41.100Z,0,30.245344498752047,-2.0714528693588363,4.030227257317165,30.582912101102927,0.06402799000237991,-0.011826621677979432,-0.03896502391248502,0.002501592688422642
2026-05-04T23:49:41.100Z,0,29.909397690289552,-2.759696257953692,1.1484216984172235,30.05839094212225,-0.11703790653694313,-0.04748600301640593,0.02904917569573895,0.0038903623426610984
2026-05-04T23:54:20.100Z,1,32.97452835886361,2.5805722594185454,17.707815436551755,37.517270705777115,-0.029825597266608384,-0.03150290058906435,-0.06982682798994944,0.002225663011258893
2026-05-04T23:56:41.100Z,1,32.44885769072425,-0.9440795456043816,4.632281254089321,32.791426947272214,-0.1745187037789364,0.03955560332924435,0.0042247167950648645,0.005667861690390913
2026-05-04T23:57:41.100Z,1,54.11710296266392,-36.433066824827165,15.702627635619137,67.10142849445755,0.08545689908068255,0.3287413320074428,0.10008933246030693,0.003380550862392415
2026-05-05T00:00:19.100Z,0,27.10581431438186,-3.805672719863651,-7.896196722867899,28.4878612251375,-0.05284119867887682,0.01028843194994522,-0.10928550269806436,0.0018042510100747268
2026-05-05T00:00:41.100Z,0,26.542616109509254,-5.921929913824897,-4.04482484645996,27.494369094044952,-0.011263118310900211,0.07651877718339861,0.05689750885995437,5.913109331654703e-05
2026-05-05T00:01:41.100Z,0,31.798137578334718,-4.6351857495210425,-0.09489299463893985,32.13433529830199,0.01680184599095469,0.05630284979396549,0.05942094224664629,0.0038672035240339105
2026-05-05T00:02:41.100Z,0,20.429509877430974,-7.150817100182394,-1.4195115700204042,21.69133633803442,0.004933639608850626,-0.021358694089812502,0.17666549414929733,0.0013633078421207909
2026-05-05T00:05:44.100Z,0,29.553166108598816,-3.928422308717927,-5.475012209444685,30.311679062230038,-0.3789876260169578,0.06452755580843572,0.10155559733959763,0.006797524245954045
2026-05-05T00:06:41.100Z,0,35.12894411778689,18.549585679465963,2.3627776945431833,39.79588624649882,-0.11677231966222834,0.16984113279416846,0.14942656662064735,0.0011414573950022074
2026-05-05T00:07:43.100Z,0,27.175929149052536,-29.398891562777862,-1.2729341815429507,40.05554033669793,-0.03254934049978786,0.1437501612211456,-0.01667249391879011,0.0010710185568043357
2026-05-05T00:28:27.100Z,0,38.30684325157563,12.032095628455863,9.428546224626189,41.24418806356848,-0.1784140341865026,-0.2492886793263871,-0.13885137935787384,0.0015308430695953733
2026-05-05T00:28:41.100Z,0,4.664389310164552,-24.02706588827641,-8.440937206614763,25.890265424718354,-0.00854812239303726,-0.45421496561726116,-0.16066361896527326,0.0015900884036916527
2026-05-05T00:29:41.100Z,0,7.1776706963646575,-7.962858818245877,-1.844580451688671,10.877892913037893,-0.08246490260432893,0.06159278447848138,0.011934541891633899,0.0025013905360651034
2026-05-05T00:30:41.100Z,0,4.356736459158128,-9.238029868356534,2.635795718560985,10.548448582288751,0.13177762126037607,0.05056362027655581,-0.10635069243347672,0.0017713864222112245
2026-05-05T00:33:15.100Z,0,-39.41495920548732,67.65527342508904,21.818485620315187,81.28235568779789,-0.02284001305419281,-0.027686478695443384,0.1848016233179095,0.001785762221486177
2026-05-05T00:33:41.100Z,0,4.713704065125057,-9.147296977516817,0.15558751510980073,10.291562344140118,-0.042648685917967555,0.03185666257943254,0.061768677335205524,0.0024573745000801566
2026-05-05T00:42:41.100Z,0,4.954397708388569,-7.295316823274334,7.171206503699068,11.366349762502086,-0.1256804956897284,-0.08950682175790092,-0.29022574032477877,0.0034132726422344065
2026-05-05T00:43:42.100Z,0,1.621944284579513,-8.497641617964291,2.867857916498906,9.1140125827686,-0.01623786048465803,-0.05545704766074522,-0.19469687080686526,0.0012074085175280567
2026-05-05T00:44:41.100Z,0,2.955747056148539,-8.319545493577607,2.3893319703347515,9.146594182760158,-0.2222207976076973,-0.021835223976474083,-0.7940573772295956,0.0046813846097524085
2026-05-05T00:45:41.100Z,0,2.0383054902595177,-7.314939551179123,2.61259773378697,8.03048546649675,-0.08705916022844207,-0.016518188028946668,-0.01131258589648354,4.864800631194425e-05
2026-05-05T00:46:41.100Z,0,0.2673517446964979,-6.630865012994036,0.5530613652808825,6.65925856606477,0.05216132382113159,0.1441855089812094,-0.011758372844283826,0.003926806557556968
2026-05-05T00:47:41.100Z,0,-2.467622181029583,-7.160249140497399,-11.125474246000522,13.458621927252574,-0.03503517298586445,-0.044017658457295994,0.04914089910545982,0.0013425048215500155
2026-05-05T00:48:41.100Z,0,0.8844166250128183,-7.077867578345831,0.729665758626652,7.170133495445559,-0.012010205938217666,-0.0035421013904191057,-0.010350371760559085,0.0022353372073617523
2026-05-05T00:49:41.100Z,0,0.6186148066262831,-5.881393977233529,4.60374688191223,7.494528987677123,-0.002156952903398235,-0.025077116508676056,0.01473285888220488,0.002134918025913836
2026-05-05T00:50:41.100Z,1,-2.8869914522147155,-9.759243603184586,-9.182854643768223,13.707748712317269,0.038044928251768084,0.03879566646647348,0.06817782561796548,0.007301373553780237
2026-05-05T00:51:41.100Z,1,-0.42864489023486385,-3.7813674148310383,3.493963202345185,5.166261203928102,0.026204031065457656,-0.032112206520995557,0.04183615043285016,0.0011391201412398711
2026-05-05T00:52:42.100Z,1,0.8479173447994981,-6.326536071810551,7.449098508459429,9.809846638977819,-0.10075719036262143,0.14469547612394607,-0.01764365238532406,0.000731106216746041
2026-05-05T00:53:41.100Z,1,-2.7664405051837093,-3.5926134082728822,6.581028259915911,7.99187069013476,-0.023359080005835864,0.06802261130456344,0.04321234454263134,0.0020357521962051446
2026-05-05T00:54:44.100Z,1,-1.5062550601214753,-4.363191468655714,3.6530727979879885,5.8865257126501485,0.005381136327198277,-0.028508399001481166,0.02075150439750928,0.003989968505565074
2026-05-05T00:55:41.100Z,1,-1.7731033758536796,-5.435673343072267,-1.0771711604320444,5.818138704338069,0.1844114260145524,-0.12667160077173278,0.038771177482743724,0.002470389968764576
2026-05-05T00:56:41.100Z,1,8.297072030472918,-4.906296836907131,13.340030134258996,16.45811522968651,0.19766281713895495,-0.22662468383849443,0.18127731734818298,0.006184386745031788
2026-05-05T00:58:14.100Z,1,-9.565059318447311,21.414064614873496,-40.11959723607106,46.47186896908659,-0.10711823777898033,0.12163373018569956,-0.3079118461606356,0.005705424664445262
2026-05-05T00:58:41.100Z,1,-4.003446174465353,11.66771641919695,-5.7205620494187315,13.597353340701607,-0.0018004766141888062,0.04046954398972957,-0.0657376889554584,0.006604076908111216
2026-05-05T00:59:42.100Z,1,-1.0528719431022182,2.311671866209508,13.010104494583175,13.25576044991647,-0.02762438110312515,0.008825301508252892,-0.12836926896042655,0.0009229844909254211
2026-05-05T01:00:41.100Z,0,-10.307913168617233,4.205602778711182,5.142991152979448,12.263381532990019,-0.05471445789617668,-0.04070009571588429,-0.0824045914535887,0.0016894328697549795
2026-05-05T01:01:41.100Z,0,3.11496840640757,-3.696836566177808,12.34752900936087,13.260132028262571,0.04282759539619985,-0.0763417236759878,-0.05927773226854782,0.002521003472628322
2026-05-05T01:02:41.100Z,0,-6.358497003020602,4.627280978638737,18.871614634463185,20.44456045759798,0.08024712542842316,-0.13191788785105185,0.1344592218091023,0.0016781448840393922
2026-05-05T01:03:41.100Z,0,13.21001785890985,-6.076365859371435,19.36985104964606,24.220196604799195,0.07062915468458719,-0.06949601537231676,-0.006708451283365946,0.0011030073817411893
2026-05-05T01:04:41.100Z,0,6.539303035424382,0.05918207716604229,21.39674642467071,22.37379592892156,-0.058777060522707814,0.15996065398382608,0.02304843221523356,0.006199808915701666
2026-05-05T01:05:41.100Z,0,-0.6762751636415487,0.7999036743058241,13.536824144921411,13.577289932665268,-0.057533959544997515,0.06953303421039503,-0.15693618023959743,0.0016734348696409922
2026-05-05T01:06:41.100Z,0,4.013533002762415,1.2286257624509744,20.64028340510049,21.06274596227396,-0.04985767346799008,0.018274518651328897,-0.007245103394559749,0.008652412772012492
2026-05-05T01:07:41.100Z,0,2.570102590652823,-3.6830225953963236,17.635062844419735,18.19795384902692,-0.032273495560009025,-0.012410314528144006,-0.08303751107341384,0.0009301571967755532
2026-05-05T01:08:41.100Z,0,-0.1670874062256189,-13.803891752559139,16.497216161951656,21.511240940769742,-0.022281586491867955,0.10720812898090681,0.045373895753542115,0.0003278925151750747
2026-05-05T01:09:41.100Z,0,17.401823972249986,-2.857292106909881,22.372853811702953,28.487403943238057,-0.011828696576898778,0.06597262019281125,0.0308747998838399,0.006546876371246522
2026-05-05T01:10:41.100Z,0,22.19701787271333,-10.496518243598985,19.330662952597777,31.249944445817782,0.15922246555977182,-0.038702299232085124,0.1217811720293227,0.003241723907169115
2026-05-05T01:13:32.100Z,0,-6.645582569944963,18.971381693518197,24.333717184163106,31.562745176139995,-0.11676061542242877,-0.003647578430410192,-0.13685784617134544,0.0012102501242927414
2026-05-05T01:13:41.100Z,0,24.35494347309941,-10.302628758836363,17.08973964468896,31.485975164246117,0.020248434700498308,-0.036767025683115406,0.03701047825632742,0.0015296877022551154
2026-05-05T01:15:10.100Z,0,15.90846297403914,-24.144969452663645,20.064611240741215,35.19442240339388,0.05123546898300191,0.003024919962069106,-0.05022708777246976,0.0009663589387103664
2026-05-05T01:16:32.100Z,0,25.089747782658378,2.554542599227716,2.5007332596942433,25.343141054826273,-0.045606935382025426,0.09446632643639319,-0.07753967237533743,0.00021467291158192315
2026-05-05T01:16:42.100Z,0,25.785197180994146,1.795687059257034,3.3459037313150475,26.06330672529408,-0.0460729036326768,0.06164789630380696,-0.014056399375128592,0.0007277526275861047
2026-05-05T01:17:42.100Z,0,30.049183229493792,-11.752346969387872,18.70799806783907,37.29692029852923,-0.020800452512403922,0.05228761790787573,0.0022869439670891722,0.006404561516932212
2026-05-05T01:18:41.100Z,0,22.980933231337985,-9.699398248358193,14.405373338377103,28.804798204144642,-0.009971009835574307,-0.007094822590758554,0.11558069292627593,0.0023987431126805494
2026-05-05T01:19:57.100Z,0,28.48961164454522,-15.909650526737096,17.10897979683068,36.84416020522483,-0.0927895849391902,0.11835970940232698,0.09867122045381649,0.0012439438419533397
2026-05-05T01:20:41.100Z,0,31.341217489398332,-14.047070147626073,17.750242156580498,38.660874150325974,-0.00942770997269804,-0.02150799789646385,-0.09908895247345839,0.002016814867583231
2026-05-05T01:21:41.100Z,0,31.59949016082919,-18.799565952122066,9.7606791950966,38.04237527760484,0.025373760684566093,-0.02636807072331493,-0.050907018064760834,0.002159085470550543
2026-05-05T01:22:47.100Z,0,52.25754061945054,0.3881952698066016,23.867738484113943,57.45145940276084,5.227362014672998,3.666130013902702,2.295407489316448,0.0062427436226763925
2026-05-05T01:24:20.100Z,0,31.497830080951417,-17.31065492367634,7.976405774570594,36.8156912576104,0.09586360098534641,-0.14171853635147613,-0.1465189687205326,0.0022280764411490993
2026-05-05T01:24:41.100Z,0,31.108365893032897,-16.48730747524496,11.268488683526812,36.96674956672351,0.037693069207200836,-0.01467406833377538,-0.0133530513048985,0.0005996777652031378
2026-05-05T01:25:41.100Z,0,31.787402961526823,-21.03124318398386,8.727181971153186,39.10135396709394,-0.013180930057643536,-0.04117802513459168,-0.09655986145289813,0.0016237920960342897
2026-05-05T01:26:42.100Z,0,28.95321227504155,-18.707047600742044,11.12511464907584,36.22168282859215,-0.09358481951959874,0.02951236233261767,-0.05928135591926065,0.005904970885431258
2026-05-05T01:27:42.100Z,0,31.933536828546494,-14.408209544569672,7.076879007399839,35.74114566078905,0.019422702921545465,0.029987221714655732,0.009200988036250912,0.003115992390823666
2026-05-05T01:28:41.100Z,0,27.50130634103698,-16.641677078979455,0.9514907060292899,32.158554087960034,-0.06839840260219887,0.09147266282205635,-0.06540063985904787,0.0010769658387701502
2026-05-05T01:31:32.100Z,0,32.94079420129492,-19.45911010807322,-0.7069841867632931,38.265555208967186,-0.021767538234129802,0.01019066286556125,-0.03646607329743645,0.0032479621756808727
2026-05-05T01:31:42.100Z,0,32.04340063803102,-19.811985762544282,-1.4325432812256622,37.70074912461566,0.13457885748202614,-0.018223654445037596,0.12347786650490633,0.003929072856228156
2026-05-05T01:32:41.100Z,0,27.86305687868662,-20.245350013965435,-4.601612215992645,34.74764698219534,0.10902172324822601,-0.06470519508550154,0.5372133032448545,0.0013837737448088032
2026-05-05T01:39:56.100Z,0,143.62388573044882,-38.827222483632795,72.12331635037117,165.33948868761587,-2.5427374794944058,-0.027630446087556493,-1.4519290632231119,0.005408667130096204
2026-05-05T01:41:46.100Z,0,91.09157649618282,-68.52525404292464,39.980277502763784,120.79655764716678,0.17857379412866692,0.23732369491158423,-0.2418958282435213,0.005945183855009702
2026-05-05T01:42:41.100Z,0,49.46468224898126,-29.712242911045905,15.466022246073408,59.73918322938235,0.8499577324241336,-0.09686347182435995,0.509774893925119,0.002421409648182797
2026-05-05T01:43:41.100Z,0,19.72101839419338,-16.866734687937424,-9.81487284116156,27.744135135656254,0.0688328232920643,-0.0791806193398692,0.02756394489011882,0.006622181679823675
2026-05-05T01:44:41.100Z,0,19.252938156569144,-24.21610786950623,7.483034944925748,31.829095494456286,-0.1345599502272643,-0.16092736585981982,0.3029359173876145,0.0007837852680787562
2026-05-05T01:45:41.100Z,0,29.76903579201462,-17.475726906923228,-12.032286383146129,36.55642814222489,0.10741750630605118,-0.022160822126249258,-0.003819988930509055,0.0016791762333689824
2026-05-05T01:46:41.100Z,0,32.64894567109877,-36.30051492473285,-29.7055710937002,57.149820570479385,-0.07349136928639852,0.08835595153744435,0.08578679757054175,0.002505782758362024
2026-05-05T01:47:42.100Z,0,17.110150301959948,-19.25860437222582,-12.391470228863,28.586703555226048,0.0199407412435626,-0.14717532440156056,-0.08162789492960343,0.001515650426536385
2026-05-05T01:48:41.100Z,0,10.832196730916621,-14.641580510215135,-0.9159593529375343,18.23599044172337,-0.1143086511525837,0.04704055645010641,0.07527686031583158,0.001123626341905109
2026-05-05T01:49:41.100Z,0,37.50467088957521,-35.56350303006184,-20.970113839346993,55.777314033034436,-0.14264794183094232,0.11521996654439981,0.05088356483895495,0.0061975834467271505
2026-05-05T01:50:42.100Z,1,18.304551532310143,-30.229177614273794,-14.69180228247069,38.27151473800743,0.031091425976237375,-0.17802592527871308,0.028891485470694533,0.0015734686884271197
2026-05-05T01:54:41.100Z,1,8.109397800581064,-9.541991663354565,-8.16259310431633,14.947904996293946,-0.048598519143183694,0.05144894686537338,0.047361687183666845,0.006496919036864686
2026-05-05T01:55:44.100Z,1,2.2050514935472165,-11.411214250983903,-6.308405054369359,13.223994748223618,-0.5656012595673943,0.19879970488023702,0.28268202737358195,0.0028563962199859784
2026-05-05T02:00:38.100Z,0,39.92044868073208,-27.816606147098355,-18.383143496976118,52.01293844077807,0.17074588180054917,0.10943374502137004,0.03330231510734194,0.002284547803885241
2026-05-05T02:00:41.100Z,0,40.040748236606305,-28.22682341138716,-19.084071033830696,52.5758199790476,0.15795132639606635,0.10759409623117833,0.016161036112016802,0.0017973047541656201
2026-05-05T02:01:41.100Z,0,4.5312710435609915,-9.457422583182051,-4.225210386721301,11.306089598050855,0.06008689681724633,-0.000678583349067452,0.0639835580544812,0.0006020471296460161
2026-05-05T02:02:41.100Z,0,2.2392583073269634,-7.583554617667687,-0.1498621622886276,7.9086684766632835,-0.0908986999874628,0.036296019048975836,0.1955552956545148,0.006815613635755265
2026-05-05T02:03:42.100Z,0,3.6979819951739046,-8.757501080708607,-4.154355891841988,10.374370770862445,-0.0007970044766381079,-0.013308352731833395,0.20418341158201514,0.0027143417755234886
2026-05-05T02:04:42.100Z,0,1.1928119067761145,-8.71602552206241,0.24368644881178625,8.800641126163745,0.005521564204080676,-0.009481372071462602,0.12168026812631183,0.0034644382198221386
2026-05-05T02:05:42.100Z,0,2.1365574486935657,-8.549429369395511,-0.6688782177661778,8.837704359394047,0.0024032748742186527,-0.014719729525047853,0.05250816082558174,0.001981419738925395
2026-05-05T02:08:33.100Z,0,0.40164370204820443,-16.381360923787724,-11.597481293392775,20.075155683814504,0.029154870367698038,-0.08724358654177422,-0.09480676805662114,0.0013789479027918232
2026-05-05T02:08:41.100Z,0,1.640431830196576,-9.523590998924192,2.2706420295435237,9.927014522536044,-0.13989118967572267,-0.10275037213247629,0.308126383800289,0.001205828682805532
2026-05-05T02:09:41.100Z,0,1.250452576130101,-8.801278553164593,1.101427778849029,8.95763802391935,-0.06228486810755385,0.017975843380035883,0.03167710074558627,0.0005567411118897633
2026-05-05T02:13:27.100Z,0,1.9092292329787597,-6.044777495503695,3.074788150115637,7.045481772192738,-0.2198834685689377,-0.3018869534132662,-0.009717470819764484,0.000547794546636095
2026-05-05T02:20:44.100Z,0,-2.4302516831085086,-6.215137810613669,8.696510254594614,10.961904572492896,-0.03309232414405727,0.013010038203198349,-0.060484119548842585,0.006806886192999722
2026-05-05T02:21:41.100Z,0,-2.20996268944873,-5.292218699196383,8.441093956207624,10.205076238147571,-0.006370560050594776,-0.0074973428008107135,-0.014837521560284728,0.0011317942787205362
2026-05-05T02:22:41.100Z,0,-4.9927277627830335,-6.612492258227576,-2.930504196228867,8.788642626850809,-0.0024505331661650587,-0.01395669782500164,-0.058240180060842306,0.0004641570062375959
2026-05-05T02:23:41.100Z,0,-1.5346655723078584,-4.386582606002776,7.361308596955496,8.70552523617754,0.01527042738791451,0.05713839393983733,-0.07850787500895962,0.0020615619647427865
2026-05-05T02:24:42.100Z,0,-2.5963941370719112,-5.0817350138459005,10.27404238084273,11.752499313308693,0.03412205855912731,-0.027062395234978,0.07639833612049785,0.0036110265710090914
2026-05-05T02:25:41.100Z,0,-4.63595967312358,-4.276766572729684,8.078979463789437,10.249525041911824,0.024524870537945276,-0.02183024955471069,-0.00793286184208597,0.0024956078287771133
2026-05-05T02:26:41.100Z,0,-4.461201628600975,-3.5522163452696986,7.261643102538073,9.233202125117375,0.07832936163332249,-0.015026316521726812,0.03436451543770147,0.0061804731306476625
2026-05-05T02:27:41.100Z,0,-0.7960669681779109,-4.969820644873835,12.005624768789858,13.017982407002195,0.05519454045810335,-0.0307894757689553,0.03180766657084888,0.0023958489133420464
2026-05-05T02:28:41.100Z,0,-3.1417023428730317,-0.7177910856626113,6.432341675008502,7.194479625235016,-0.026302531950905816,-0.08558004455672119,0.0021606167086574146,0.0066148550534286
2026-05-05T02:29:41.100Z,0,-9.903255478093342,0.5193687320570461,4.096874970400677,10.729799507321648,-0.01669834158812833,-0.11851347405578139,-0.13795608651090419,0.0007529177785669719
2026-05-05T02:30:41.100Z,0,-3.9524026196886552,1.4840002795608598,10.612002974539791,11.420961011644328,0.09159192565055818,-0.16112010693669632,0.13441279662895766,0.0016806015760240636
2026-05-05T02:31:41.100Z,0,-4.317013577292528,4.471454262784391,10.552621573424403,12.246972341056498,0.07805943654248804,-0.09699068123358856,0.09737102427198607,0.002534422769850628
2026-05-05T02:32:43.100Z,0,-9.464659431614564,3.9067303887350135,7.497177502045815,12.69054730828809,-0.08667216756746976,0.06188766431458603,-0.09274018126781414,0.0013316504078619256
2026-05-05T02:33:41.100Z,0,-23.84425635136722,16.89375413934613,-30.627583225168564,42.33197779557456,-0.05508905386107654,0.09602274959830126,-0.3103731819527056,0.001082468240869713
2026-05-05T02:34:41.100Z,0,12.306889406772825,31.52326752569934,9.608697025896618,35.17816056735801,0.1728109351132323,0.19029470023790296,-0.18859433973883455,0.006182724834965862
2026-05-05T02:35:41.100Z,0,1.6149887856045098,-5.769026534835575,19.618673716649937,20.512976730295296,0.08214978013176832,-0.03874641227596953,0.044323877552265856,0.0016419392663322022
2026-05-05T02:36:41.100Z,0,0.5336594590517052,-5.574633172727772,18.651599645636452,19.474175124246422,-0.049853846111447275,-0.028785223944227667,-0.024070900510153592,0.008723203521698501
2026-05-05T02:37:41.100Z,0,-8.137870546761405,1.0955965035464033,1.823525344718746,8.411332440063315,0.18165668298708582,-0.12716054168127044,0.305618231717375,0.0009135457550797307
2026-05-05T02:38:41.100Z,0,4.725216670976806,-8.687433868544758,23.804695038847967,25.77717373376237,0.03318968150334278,0.03016742829808905,-0.10287575210288225,0.00025968638033424903
2026-05-05T02:41:41.100Z,0,1.7063953209799365,17.271169731429836,22.411982442690714,28.346111653889977,0.02007799937286947,-0.10052545670358182,0.08602710096816679,0.005056558488985882
2026-05-05T02:42:55.100Z,0,2.898843612001656,6.901517986989347,26.93132799686282,27.952292794799273,-0.004101503372488935,-0.004043245624307801,0.018269831234540845,0.0031385729454827477
2026-05-05T02:43:44.100Z,0,2.852888460893155,-8.992036404379178,27.85348682436961,29.40769320336618,-0.08029796063580008,-0.12085902319691755,-0.16558703915414696,0.0017463364135713191
2026-05-05T02:44:41.100Z,0,-21.897890274885867,9.27353814131493,-24.65266729132054,34.25303070862357,-0.08740835677611969,-0.18539333251288426,-0.2725710850972618,0.002484243887854976
2026-05-05T02:45:41.100Z,0,6.891102235385915,-4.735407433145156,27.13823711292207,28.39709997823031,0.017609562873222018,-0.07424152353951996,-0.05521170364275463,0.0018278912515196735
2026-05-05T02:46:41.100Z,0,13.931341410625464,-18.586095006867254,26.384502189102932,35.152057647746325,0.07362176614345017,-0.08117337990531936,-0.11859105222633559,0.0006427252042541153
2026-05-05T02:47:41.100Z,0,-1.5561993909614102,3.502195575492806,46.63747302492993,46.794668719251526,0.27303106157372525,-0.04520532485052797,0.12573993523545823,0.006790555040729298
2026-05-05T02:48:42.100Z,0,13.388293258230988,-13.669994969859545,32.58941415606387,37.791335963152115,-0.05035047404700066,0.06360087181045415,0.07770085416680672,0.0026665541915044844
2026-05-05T02:49:41.100Z,0,11.85142543386064,-10.387902981165098,27.387199063014123,31.597839889423128,-0.005152107776407178,-0.012671892833715503,-0.017061777867866113,0.0038393891510868964
2026-05-05T02:50:44.100Z,1,15.19723396631889,-20.552552356093656,21.74322154132824,33.557875552130646,-0.2147985590355006,0.2106636781373794,-0.07263828596393296,0.0020627196236566166
2026-05-05T02:52:20.100Z,1,20.048527174139963,-14.794101761253842,24.076111071735795,34.64777068027785,0.09234023608772901,-0.1168734710299546,-0.13011537877627433,0.006356866337567959
2026-05-05T02:52:41.100Z,1,23.327513547201306,-18.64148509775987,23.964692369190743,38.288174875473146,-0.006059087563681231,0.07299878509758884,-0.0942091258089306,0.0072751819002123425
2026-05-05T02:53:42.100Z,1,19.480167788287872,-23.663926871449803,21.098235344652494,37.210131774766886,0.10373813603736792,-0.07727667340517996,-0.09999822815576209,0.001088300798148288
2026-05-05T02:54:41.100Z,1,32.307882028703716,-29.826660335402266,29.545953130764246,52.97539291359162,0.15265079422333017,-0.02866097273646062,-0.08394227823282918,0.0005276880950168894
2026-05-05T02:56:45.100Z,1,21.92948796022165,-28.038997391377052,16.6939845557863,39.316369838274575,-0.04343342469059763,0.032176765019542586,-0.027322940421736774,0.006615169834108749
2026-05-05T02:57:42.100Z,1,23.53547751414453,-29.7782220704903,13.589271411547088,40.31537559039887,0.21194049456330077,0.10417036467913476,-0.19951462609713033,0.0031558203443381038
2026-05-05T03:54:19.100Z,1,-4.511592597054914,-13.346046384413057,5.698276609109598,15.196768675301705,0.11747414090002017,-0.057444575437770595,-0.08236547246265324,0.0009282231428753714
2026-05-05T03:54:41.100Z,1,-8.598886502795722,-14.451512215828188,3.953320105210878,17.274715461229988,0.15451964117363381,-0.008478671515099734,-0.05751390417474411,0.0034729313573450757
2026-05-05T03:55:41.100Z,1,-9.117534521692505,-14.46270644055403,3.148747184241074,17.384301026217987,0.006496564089020218,0.0044665637872753905,0.04527345672977745,0.0024687105927664447
2026-05-05T03:56:41.100Z,1,-8.24845816873676,-11.99674517602034,9.938045441231225,17.62735669837495,-0.009796463980582537,-0.001518990364601791,-0.09652190828601803,0.006145475073368237
2026-05-05T03:57:41.100Z,1,-7.896973713741318,-9.864205265785131,11.019008417861187,16.765538639541532,0.008802615989456086,0.004410699112611383,-0.06738298842323687,0.002451178106764396
2026-05-05T03:58:41.100Z,1,-8.925531036084067,-10.314392892269098,5.680997094714257,14.775842886358227,0.02095516059519298,-0.07121872534465723,-0.13955560963196945,0.006591757505574443
2026-05-05T03:59:41.100Z,1,-7.054330348182702,-8.078099293015839,5.498159131093416,12.051930081109017,-0.021621785704251106,-0.025453352756166225,0.1444643871213458,0.0007681462541291728
2026-05-05T04:00:42.100Z,0,-9.12211034392385,-5.299751434904465,10.76467930488434,15.072444491040583,0.039872594769813086,-0.05468262513996791,0.058016422945783575,0.0017689659040936857
2026-05-05T04:01:41.100Z,0,-7.4108065423388325,-8.017518274755275,11.636823231128801,15.956701031433338,0.0357728793655733,-0.01797182872920189,0.053167930744280056,0.002562692016529467
2026-05-05T04:02:41.100Z,0,-7.560618214938586,-7.42492243534798,8.718640672668698,13.722504004084234,0.012285740731032835,-0.04033077714904465,0.1909157799495631,0.0017237764560539361
2026-05-05T04:03:41.100Z,0,-7.203935809457107,-8.332843587595562,12.0213357549801,16.304768834180813,0.005303017301727664,-0.05453014193346206,0.18743735132620287,0.001109388496436825
2026-05-05T04:04:41.100Z,0,-8.197937473823913,-2.786227514661732,11.58341965128784,14.461841286849536,-0.06551252153086384,-0.04083732701953835,0.05383612292764184,0.00614972231014621
2026-05-05T04:05:41.100Z,0,-13.95083089801119,-3.9645275473958463,11.239080682571512,18.348299539965996,-0.22545219977176956,-0.22890966272637314,-0.13215960185064546,0.0017234845776033735
2026-05-05T04:06:41.100Z,0,-5.200628926786521,-2.375365776970284,5.9278694066051685,8.235808370178114,0.00826117400243298,-0.03525101775370132,-0.03455297467969132,0.00867126789373292
2026-05-05T04:07:41.100Z,0,-4.702456688846723,-4.73745856743335,13.225372624674492,14.814421812886131,-0.044331927205654154,-0.03864795982932989,0.16179417898687376,0.0008774633196432857
2026-05-05T04:08:42.100Z,0,-8.370106965458035,-3.0281684948931797,17.52244353565402,19.65361347200194,-0.10879869962188149,-0.03452541735793346,0.02836625908564372,0.0006117355039123862
2026-05-05T04:09:42.100Z,0,-6.979832098750194,-3.9758041411914746,-2.225188130978495,8.335258659100292,-0.03765513123821229,-0.09437710741799776,0.22705395792677052,0.006311942684025561
2026-05-05T04:10:42.100Z,0,-4.655880625705322,-5.036957577431167,20.821950556864977,21.92263193665827,-0.004335386513787398,-0.058210747142517505,-0.009024862852591298,0.003136153174242313
2026-05-05T04:11:42.100Z,0,-2.4501671189227636,-9.59358567615709,24.800294510441745,26.703835171021105,0.1182583573526852,-0.08350983310556614,-0.011230022763264458,0.00508870060195154
2026-05-05T04:12:41.100Z,0,-10.86412640825074,-1.3673549165105214,17.502637133588905,20.645609913786558,-0.1772423123425071,0.11525000954715203,-0.20654762034233443,0.0011180431079384726
2026-05-05T04:13:41.100Z,0,-2.67168867651435,-9.148635761448531,25.65587104095357,27.368945459222758,-0.002229293811550903,-0.009806956355995489,0.055808987600158844,0.0015574310380578207
2026-05-05T04:14:41.100Z,0,-0.8952723308084387,-9.55995237291063,25.713551409914714,27.447785484970506,0.07309985735637348,-0.26543718314353537,0.26930629520283134,0.0025060257840703493
2026-05-05T04:15:41.100Z,0,-2.8464882731213947,-10.045897766758571,27.100299058986366,29.04218942358995,0.20220652048319465,-0.10091152082919441,0.06458835617628722,0.001792735322899225
2026-05-05T04:17:14.100Z,0,0.28532193857699895,14.838565892205224,33.24661044007371,36.40881146233653,-0.0022589492532087974,0.3603873734570051,0.07436194994081546,0.007526562496798003
2026-05-05T04:17:41.100Z,0,11.88428932084662,5.6415551580357715,20.238200340372714,24.138107429535797,0.1414746693193525,0.2102327567854445,-0.11079926394153006,0.006807773514760442
2026-05-05T04:18:41.100Z,0,-1.843365074137182,-4.487181571676047,21.780562149842808,22.314248381177958,0.00935622799858038,-0.12468186348257859,0.036007110019831146,0.0024491776110242927
2026-05-05T04:19:42.100Z,0,-11.242832920970613,13.70645428323769,11.329003376886249,21.038405325044135,0.09943574926207788,-0.16649887370245864,0.03437788701177169,0.0034954716461973634
2026-05-05T04:20:42.100Z,0,-8.51320135754463,57.69861099997797,86.57048150644187,104.38415864937588,-0.011122171760913346,7.795805601062966e-05,0.0013821392643720287,0.0020290121304422423
2026-05-05T04:21:42.100Z,0,5.791858118598725,-27.515818462234165,32.27900921910987,42.808881348149995,0.02901713278125051,-0.09941837978866275,-0.039386778556860236,0.002103696656155685
2026-05-05T04:22:41.100Z,0,7.207513202995841,-25.519453328342934,34.811438276847184,43.761021236387684,0.1422740689287494,-0.17206267932623476,-0.012930656826171116,0.0072838792994997775
2026-05-05T04:23:41.100Z,0,-22.17093279878668,-21.55512313493091,41.127355711523705,51.455155061009684,-0.11249783426570126,-0.14541550186919494,-0.1775603133662429,0.001126163044063824
2026-05-05T04:24:41.100Z,0,-1.6219902921079665,-11.605898122070357,24.47085307812813,27.132091222368057,-0.07935783123103057,0.09925927710963123,-0.369475738896341,0.0005163999429883425
2026-05-05T04:25:42.100Z,0,10.696660763187538,-24.947573397184897,39.04123997381248,47.55016707208774,0.04136897914719384,-0.0822507557876051,-0.08064530462004171,0.0015859830219721964
2026-05-05T04:26:41.100Z,0,7.459264797887499,-32.11670655036869,37.33760898921901,49.811851160133635,-0.15741853211448387,0.20968479610683488,-0.04465563917044335,0.005770064735617388
2026-05-05T04:27:43.100Z,0,12.840585126298265,-32.65623577317456,37.83733722320903,51.60401582630675,0.020044001793007027,-0.10741112320911128,-0.14267066647732918,0.002980379574155816
2026-05-05T04:28:41.100Z,0,13.010252813046463,-35.81731460963056,30.220573778024118,48.63568426143131,-0.034738550645618815,0.02363934318250216,-0.06781523439691739,0.0010553854449169588
2026-05-05T04:29:41.100Z,0,6.110433864932929,-34.29829035030707,31.301697292292374,46.834884182092196,-0.03303507011609419,-0.0458857673200086,-0.046965757422690046,0.004659519111934329
2026-05-05T04:30:41.100Z,0,4.907092933422064,-34.42497185733373,29.194575603469275,45.40354053487617,-0.034822617917429355,0.03702322625365184,-0.10022098915607458,5.242218614061442e-05
2026-05-05T04:32:34.100Z,0,13.393993710110408,-40.69933439041051,22.394521849491866,48.34614251619562,0.008051458271984835,0.0421543898729837,0.03352429115732747,0.0004836452101908306
2026-05-05T04:32:41.100Z,0,12.002240194192382,-45.56712886687819,19.187394874279562,50.8780220223949,-0.00907363297208974,0.13228147004618052,-0.028840003870822528,0.001329534945961639
2026-05-05T04:33:50.100Z,0,12.04322925877932,-45.80187228657451,17.586364790076914,50.5186213436675,-0.292388896574014,0.06697940890720844,0.268931380546622,0.0020779304833362278
2026-05-05T04:35:41.100Z,0,5.8386410660205,-41.516847072671226,40.48963900186209,58.28506830101944,0.008942466538597316,0.03383685926294788,-0.18991110310628834,0.007266369695901401
2026-05-05T04:39:14.100Z,0,11.511542107768946,-38.682488371392765,24.83223240596999,47.38660437893794,-0.01974636978865213,-0.07691907351237148,-0.05932840720951349,0.0009298134810495935
2026-05-05T04:39:41.100Z,0,13.127222799425908,-43.74022986200998,11.843872444842418,47.17848027752626,0.04688732271423274,0.010274418364097926,0.12947224284654002,0.003367242847485607
2026-05-05T04:43:32.100Z,0,11.437150355391168,-43.69087978830066,3.1995942426874535,45.276249714893595,0.021582732858571596,0.05997968963100675,-0.06420791908468004,0.006367918264736144
2026-05-05T04:43:41.100Z,0,11.804677319560142,-46.30229796248386,6.5437288121756865,48.229385129740905,0.008442421987830961,0.02138630081738313,-0.23623897679003747,0.006593091568242949
2026-05-05T04:44:52.100Z,0,11.539236117300788,-41.21837009415685,-3.012790210050298,42.90903061407328,0.021877889553989505,-0.0016714334121203933,-0.017239765552901076,0.002558747288017108
2026-05-05T04:45:41.100Z,0,12.495697563167596,-43.654563207383035,-1.0335454853702686,45.41950641175972,0.032293957822782104,0.03456437123272593,-0.10545634053871211,0.0016273117200918375
2026-05-05T04:46:41.100Z,0,36.359525183002006,-26.951779776936746,10.914072197920177,46.55674469525622,0.13888582397147964,0.21107515280771594,-0.015453465759485141,0.002548051017536281
2026-05-05T04:49:14.100Z,0,13.459196111512028,-52.39082597563538,7.258921879838454,54.5769232664782,0.042894841304930154,-0.21540657130891816,0.18061537167302077,0.005918039074558508
2026-05-05T04:49:41.100Z,0,10.137952640093317,-39.67941877817793,9.02367177150154,41.93639243600465,0.08550999643475166,0.011031944577410968,0.0273547087425996,0.006144587066723409
2026-05-05T04:50:41.100Z,1,10.18283337162984,-33.51694101093017,-10.882523455620685,36.68112248782315,0.05466687696986661,-0.052026371084146206,-0.2997422884920553,0.0017287236844438095
2026-05-05T04:51:42.100Z,1,9.675052828129083,-33.143574603855086,-6.300297421148571,35.09696471695705,-0.018061469013508358,0.00027056845652850825,-0.030183886952528383,0.008647023366358605
2026-05-05T04:52:41.100Z,1,50.84020255600308,-61.802209118468454,25.272574175687623,83.92223932500825,-0.1450329345482615,1.3864261714040538,0.624170189822415,0.0008758842805742192
2026-05-05T04:54:40.100Z,1,-30.193833300216966,-251.4133816857793,-3.327417226500984,253.24183652279862,-0.5207441778660726,0.12295813452967153,-0.12976337401315874,0.006704281271986897
2026-05-05T04:54:41.100Z,1,-31.524297936385892,-250.75879738506046,-4.400090339004237,252.77087771611514,-0.782959761312263,0.31096947838138433,-0.30623397237317107,0.006512328442682497
2026-05-05T04:55:41.100Z,1,-3.9458898230222417,-40.75786447538121,-3.639291946456069,41.10982861750353,-0.5577753510401795,-0.6787990877299421,-0.2617114980711932,0.0032778618060932303
2026-05-05T04:56:41.100Z,1,33.9992084980949,-54.359190594368556,2.8920116965309717,64.18123956597198,-0.1521078431341305,0.165277790470153,0.07130548908573786,0.004960333075060928
2026-05-05T05:01:16.100Z,0,-55.19619970317535,-167.0780076601659,40.61584110525018,180.5860671648015,-0.3210310093162416,-0.9369691580447537,0.38184352802250743,0.0017453809083615942
2026-05-05T05:01:42.100Z,0,-82.88933678386456,-111.26967606833205,10.24648103123127,139.1279028029383,-0.29168503393006695,-0.6010283837892261,0.1818139701041943,0.0007002551478733176
2026-05-05T05:02:41.100Z,0,3.485840994699174,-23.153531157731777,-0.4363212890723389,23.41852832224261,-0.01082996344692333,-0.03890567480260197,0.010313070029077664,0.006739698478714252
2026-05-05T05:03:52.100Z,0,5.5057022906339625,-43.36974453235598,-3.6806722777669165,43.872483938469166,0.004513911697090478,-0.1479499990536537,0.03946101857632556,0.0053637671502819485
2026-05-05T05:06:02.100Z,0,3.1114534280050066,-25.517802053400374,3.6839605829754873,25.96942297487731,0.07074498537917862,0.13675694987158593,0.04518525194363576,0.0019372789157475307
2026-05-05T05:06:42.100Z,0,0.2963465676657506,-23.070397365700046,2.0854958015661396,23.16636243862676,-0.5237159508075795,1.2739803605306133,0.4148361597797745,0.002089363136994377
2026-05-05T05:25:50.100Z,0,-68.45012348276214,-176.2252704803018,-20.429071797479992,190.1528657032744,-0.023050473000996163,0.2364950205153704,-0.15161616620273932,0.0017911747191075502
2026-05-05T05:26:41.100Z,0,-14.795275386404683,-22.707918362348423,7.21802120187931,28.047273667531613,0.022606975294658938,0.04769274515936672,-0.03246089320757539,0.006184959633020217
2026-05-05T05:27:41.100Z,0,-15.330184149206616,-23.007912357968507,5.260050180368125,28.143324342027125,0.024641020830440397,0.011762084770161607,-0.05839675299518232,0.002445196555240589
2026-05-05T05:28:41.100Z,0,-15.604626832555368,-22.50737951874271,3.7856388862564927,27.648102523702473,0.010146258830223687,-0.034232870027572915,-0.025913376852204628,0.006581986869100299
2026-05-05T05:29:41.100Z,0,-17.063582747482542,-19.28799485062882,1.0126218485311256,25.772427214878117,0.01913231373795732,-0.009010800879671876,0.06167085928820981,0.000780741813331512
2026-05-05T05:30:41.100Z,0,-15.49823371135517,-20.372355189010705,1.7146428144769743,25.654787157570315,-0.026316778245050187,-0.023307645878212213,-0.12199490198594454,0.0017212141534536348
2026-05-05T05:31:42.100Z,0,-16.55880319322023,-20.18874819532357,2.9404436872937367,26.275953378785836,0.004768169699964631,-0.008263265812935572,-0.03463800588399124,0.002340038688318882
2026-05-05T05:32:41.100Z,0,-16.10643046711857,-19.138033448143688,4.033930091281945,25.33681153254572,-0.01444834105068793,0.05043968468143589,0.00033189035741898465,0.0016415868503907975
2026-05-05T05:33:41.100Z,0,-16.089903361546476,-16.93686236467329,6.123025867054821,24.150232767251197,0.04166366307467584,-0.012668455284803315,-0.03392172876948152,0.0010590860626070223
2026-05-05T05:34:41.100Z,0,-17.90290418027496,-17.773562706679513,0.08281123700726312,25.227373368572287,-0.04039040378689407,-0.09309483306552124,-0.03415831995390306,0.006194906799708302
2026-05-05T05:35:43.100Z,0,-13.451239976262741,-16.375888767015567,-6.18554116863379,22.076378991074126,0.0456617561379602,0.045063447746684915,-0.17681777740508053,0.001397389961117007
2026-05-05T05:36:41.100Z,0,-15.580332063905189,-16.251622460004,4.499988804127497,22.958917200977304,-0.02371059706751666,-0.10421949087291438,0.09928790207158755,0.008718370999177499
2026-05-05T05:37:41.100Z,0,-15.043089182881886,-14.240413877814717,4.879054290540807,21.281190999228418,-0.015886941883369587,-0.017907185111631918,-0.12761372647673852,0.000894280957779312
2026-05-05T05:38:42.100Z,0,-15.558637104390982,-13.054681301582605,4.278919125681568,20.75584354624369,-0.00762976360624279,-0.016957505398096373,0.06780132628936286,0.0005834578538943
2026-05-05T05:39:41.100Z,0,-14.3116121038247,-13.514442483938183,5.567721356783295,20.45634174941345,-0.011444895992696047,-0.022381100913015928,0.0399091819751618,0.006507733024917195
2026-05-05T05:40:41.100Z,0,-12.323818292088617,-14.45985239388392,6.337883940432221,20.028295019589592,-0.15372024786275418,0.14688749109392774,-0.0833703538605235,0.0032831785995159294
2026-05-05T05:42:41.100Z,0,-11.666427915088207,-9.38740884885192,5.3864843580413435,15.913616777240701,0.0338033603295429,0.014903702212798464,-0.10359756480138316,0.001075336138757284
2026-05-05T05:43:42.100Z,0,-11.310239970271141,-9.208009133544692,8.787507439137698,17.027308870795224,-0.016111393047246736,0.012893957603843376,-0.07184697596951395,0.0016535683576211564
2026-05-05T05:44:41.100Z,0,-10.936144543393311,-9.790774091015919,9.803559273223073,17.651297096782944,-0.07953285454975756,-0.03999582417790748,0.026355004608902277,0.002602663512886838
2026-05-05T05:45:41.100Z,0,-12.725445474643493,-11.014040453119378,4.932967984586867,17.53796518322561,-0.0414655281519849,-0.08228670955023887,-0.12670431236472268,0.0018553752786613926
2026-05-05T05:46:41.100Z,0,-11.198354791076781,-11.391710486350348,14.367284074069175,21.484717114652884,-0.019924521654335337,-0.06613064613358866,0.02203479552154164,0.0005789531595094656
2026-05-05T05:47:41.100Z,0,-9.879514890371865,-12.625063014638727,14.98983632927775,21.947487869257685,0.039720064261672405,-0.05802789024667021,0.010838406574897874,0.0067312961356689295
2026-05-05T05:48:41.100Z,0,-10.508031016343011,-5.682331947355124,16.51801682396581,20.385104659951516,0.02789774116029875,-0.019836007511098153,-0.0299364759026588,0.0024197326150328336
2026-05-05T05:49:41.100Z,0,-9.38735765612364,-2.997622844304715,12.758693729438164,16.121181475384656,-0.05230886307283633,-0.05012985328328723,0.004206817655116879,0.003904958438067342
2026-05-05T05:50:41.100Z,1,-7.753858726346152,-9.055591080141312,12.830678645968874,17.51434753209468,-0.059802255046648156,-0.23508264515043065,0.22026050735313163,0.0020475872779574106
2026-05-05T05:51:41.100Z,1,-8.113588234664348,-14.357745085362694,21.760610607259423,27.30383364985056,-0.0718119000211459,-0.16315212791995215,0.0038061906737496543,0.002171967580060612
2026-05-05T05:55:05.100Z,1,13.924849202794576,39.630148825381184,-58.340792216313275,71.88948572405752,0.1472511323608039,-0.06945334151486904,-0.01345044921485794,0.005473241398122429
2026-05-05T05:55:41.100Z,1,-7.853555916881305,-6.3153413402687875,37.156099146614,38.49853997980571,0.11681729795709472,-0.2215853002183188,0.018687023836783112,0.001634608801582315
2026-05-05T05:56:41.100Z,1,0.12147179359089932,69.97617759770947,-92.19048735303659,115.74008011476928,-0.1621111249783258,-0.32029175991032943,0.12506193506123253,0.005724434991580094
2026-05-05T05:57:41.100Z,1,-2.092627525144053,-21.449948801091523,23.952617700160772,32.221224188700425,-0.34970480746621124,-0.2927500608356226,0.13273806829072754,0.0033575696647823697
2026-05-05T05:59:01.100Z,1,-1.66965261223595,22.018996112819877,38.116184050068114,44.050736840609034,0.08976037291590425,0.7518764355842755,-0.042802616630588375,0.0037309851041296225
2026-05-05T06:01:41.100Z,0,-12.134741339195898,-11.642525547358673,90.51472843657393,92.0636541336309,-0.49904945344958485,0.018052804260371147,0.31721388406502626,0.0039014014397204025
2026-05-05T06:02:41.100Z,0,-15.422360862885398,-19.068090137807303,41.513724498145166,48.21649715394619,-0.020200109580592596,-0.006933817596532776,-0.05947047466658972,0.0013696154399888319
2026-05-05T06:03:42.100Z,0,1.8665866114133678,-31.565166973450687,43.88942348487035,54.093672508658706,-0.05560397770376646,0.11437465017483106,0.1562639746426342,0.002223623452943165
2026-05-05T06:04:41.100Z,0,-5.598115425073047,-37.36402933145655,26.820873159522307,46.333236679877764,0.0206672747551373,0.04207962507685181,-0.01537343393742674,0.0021365362640521604
2026-05-05T06:05:41.100Z,0,-7.976182144375343,-36.45873436516922,24.207178908909555,44.48422533705829,-0.027182591073149354,-0.12816829446382627,-0.01717594694561342,0.00728844775398028
2026-05-05T06:06:41.100Z,0,-7.092230467605987,-38.694346534157376,23.29625882975961,45.719447308276244,0.0138140843204404,-0.15166164921787129,-0.1632162469586973,0.001138441722676206
2026-05-05T06:08:09.100Z,0,-8.177494230267257,-44.84229617946767,21.27202414067142,50.30111280652211,-0.06199096331616083,0.03807447928227958,-0.051452282268549254,0.0054085981143187955
2026-05-05T06:08:41.100Z,0,-8.051618209265143,-43.965213925730495,20.770455981619307,49.28671659795773,-0.03220412696647301,0.013537163744636871,-0.10214566817223769,0.002029184239049909
2026-05-05T06:09:42.100Z,0,-8.65072787223653,-44.861778676477115,18.190382721513743,49.17625750595355,0.03445768332310806,-0.07490163575329944,-0.13767599898395488,0.0035793602225591215
2026-05-05T06:10:41.100Z,0,-8.71541235596851,-49.96441374942151,20.736857990414137,54.794327563832304,0.04050994337667646,-0.008038174602376102,-0.14267996521022397,0.0024940770834095127
2026-05-05T06:11:41.100Z,0,-5.984805905427493,-41.63095340163636,28.58037939040514,50.85068602245552,-0.012847701511553566,-0.12208784498124459,-0.23954453446051183,0.006190619738593365
2026-05-05T06:15:11.100Z,0,-12.568705374064848,-43.47885272596841,8.911578427614586,46.12807408962597,0.06156718762095892,0.08119022556396516,-0.09053253224138025,0.003202927801908226
2026-05-05T06:15:41.100Z,0,-8.464664435564373,-46.63882507134076,9.496242877503391,48.34262277566626,-0.044112082373981565,-0.07566885944054746,-0.10137140781221743,0.0016041095989835254
2026-05-05T06:16:41.100Z,0,-10.225088970287288,-44.87202430220805,3.135661674605217,46.12898637045723,0.007666797606553644,0.10245561488009258,-0.0654653519447379,0.0025390713839707744
2026-05-05T06:19:41.100Z,0,-9.68084378317613,-2.9768358967885433,3.863423339680594,10.84003358907423,0.0018532769554546746,0.20608469484173497,-0.02107244950666498,0.00613602769169261
2026-05-05T06:20:41.100Z,0,-15.846798685316799,-42.78541882922582,0.40743515637586825,45.62761331005469,0.049469825125214584,-0.049967217146118514,-0.06983830939999436,0.0017847160920368618
2026-05-05T06:21:41.100Z,0,-5.492139837599552,-43.40878858738506,10.142597693629796,44.91501769558668,-0.11969020575630651,0.2328518673264668,-0.08496006641101062,0.008603185757107223
2026-05-05T06:25:27.100Z,0,-1.479211400692293,-62.1360667018962,14.81453738961136,63.89483053908684,0.13059467444920259,-0.10114472047551004,0.10151407266345558,0.003990289851452988
2026-05-05T06:25:42.100Z,0,-8.440074590907898,-39.90949351737072,-0.959030769081437,40.803459068186726,-0.18313734998764986,-0.03762548571639712,0.2405328533789941,0.003168615045474163
2026-05-05T06:26:41.100Z,0,-7.9910003664736,-38.5915484475845,-0.5879587743038428,39.41458351878811,0.034663402284529354,0.06010788721511062,-0.01020277493868349,0.004927273180878774
2026-05-05T06:27:41.100Z,0,-9.338397692090439,-35.57566943709389,-2.9854224503651494,36.9018519123385,0.16218860282224412,0.11770300516644738,-0.12826712716229594,0.001093633925231519
2026-05-05T06:28:41.100Z,0,-10.745980980345848,-34.951136896779644,-5.682832229467749,37.004765365499395,-0.1348111430723442,-0.11036485786330985,-0.007959768280052515,0.001585476179380011
2026-05-05T06:29:41.100Z,0,-18.738742768618977,-69.10051308659604,42.030562113723136,83.02162092476176,0.08664943734615349,0.3036818162445165,0.20739524551327548,0.0025554397098826913
2026-05-05T06:31:14.100Z,0,-25.50153155107182,-45.470718129763554,-0.44847070284959045,52.13554876145483,-0.010162122106915916,0.03269205095479677,0.012953868203879892,0.0018482144205255674
2026-05-05T06:31:41.100Z,0,-10.457301847964118,-32.41861346486985,-2.6663571725293878,34.167691193517506,-0.029211692622599372,0.04740304996309064,-0.03261792987174772,0.0006053137978188388
2026-05-05T06:32:41.100Z,0,-1.4273685651460255,-61.421832180712954,-1.003038634735276,61.44660231419801,0.17132816361264958,-0.3195580627965988,0.0019780827500426312,0.006794033359909233
2026-05-05T06:38:45.100Z,0,-25.37807914086443,-34.563338065709104,-11.080459127015274,44.28823561161508,-0.1070824822451133,-0.0033961033152341003,-0.01692474131331778,0.0010177346558416023
2026-05-05T06:43:05.100Z,0,-14.441080696087738,-23.20475740452821,-4.388702857568205,27.681515324236713,0.06824060213900252,-0.12759104390358544,-0.025541514275140287,0.0005800626672107178
2026-05-05T06:43:41.100Z,0,-23.596867049491266,-23.329597947849834,-17.186724668135867,37.369316019670414,-0.15241459088555231,0.30708676342650065,0.18769458467726707,0.001083370098846017
2026-05-05T06:45:03.100Z,0,5.615495055280917,3.45718016524188,2.076540671623661,6.913602575483606,0.06137395208913321,0.20027564004765352,-0.03515307055135253,0.0033206607955808686
2026-05-05T06:45:41.100Z,0,-9.20022656873698,-17.60473694957909,3.907091768724058,20.244413996685616,-0.015612188376867842,-0.03200400829728167,0.012890903488660399,3.715935647242337e-05
2026-05-05T07:03:37.100Z,0,-17.931396481912998,-15.778969006305488,9.16741239689145,25.5842196040487,-0.0016583593511754202,0.02221304526628387,0.02568935806952083,0.0007188222542294759
2026-05-05T07:03:41.100Z,0,-20.47737726854848,-11.907390445458077,7.94093474996771,24.98334188458976,0.05308658472102934,0.03128030858245978,0.17489218378897042,0.0011158313679590958
2026-05-05T07:04:42.100Z,0,-19.21247535017301,-15.194617362567442,5.092303908895701,25.018536427544994,0.0076403970936667065,0.011789189654720644,-0.03343586329773718,0.0060087616274586645
2026-05-05T07:05:42.100Z,0,-18.49772081465062,-14.05246982699282,4.1566478912500315,23.59905305869572,0.007847770490343464,-0.007524339564746185,0.013505495893295638,0.0015848158969888559
2026-05-05T07:06:45.100Z,0,-19.229750006957147,-12.554617486557618,4.1993586582975695,23.34601290809344,-0.011085561291146462,-0.03974328730205201,0.0633458611549731,0.008590440945243622
2026-05-05T07:07:55.100Z,0,-18.265657145377645,-12.31748401232835,5.450878366900724,22.695081368375753,-0.005641228053576697,-0.011556258855627277,0.06096860991444686,0.0030971351441335285
2026-05-05T07:08:41.100Z,0,-17.76715520406924,-11.969861318448238,5.582075960774091,22.13840455092056,-0.031381333625901675,0.0022619031669890433,-0.04753274166446886,0.0003188023057303698
2026-05-05T07:09:41.100Z,0,-13.64711687426734,-8.33341896532147,17.755955513166555,23.894845193410266,-0.08196729170517614,-0.018372428682411623,-0.24425595182675508,0.006517682687770966
2026-05-05T07:10:41.100Z,0,-17.076641573794404,-6.893790018239088,4.343570808487129,18.9209575768183,0.016294314074905003,-0.05943196508173543,0.03652804327503034,0.0032547028558291007
2026-05-05T07:11:41.100Z,0,-15.655858884656482,-9.700647808585927,3.7766991545140627,18.800849497461744,0.06049123887308383,-0.06928225982960612,-0.016595412336339876,0.005001606450965894
2026-05-05T07:12:41.100Z,0,-15.47483709464359,-8.317474127579771,6.364250570186414,18.685680193368242,0.1377437556548955,0.16609695102243194,-0.006787698681343102,0.0011108496706915558
2026-05-05T07:14:16.100Z,0,-14.2162711013043,-7.8892690034990665,8.622553686109313,18.403569259934017,-0.033382251781510774,-0.0459601477675875,0.004362040612271301,0.004854785680855295
2026-05-05T07:14:41.100Z,0,-13.038943825449678,-7.416567254040274,13.417339089755842,20.12571773046678,-0.015204412467717532,-0.031150836830473594,-0.0013254170667664766,0.002546438468948225
2026-05-05T07:15:41.100Z,0,-14.57716924869601,-8.19613593739632,3.731681724275404,17.134641989277135,0.038266087590166364,0.03369737539848927,0.13765972642598712,0.0018140086531927284
2026-05-05T07:16:41.100Z,0,-12.236722102898057,-4.9235247270189575,7.466740217751067,15.156868840248706,0.01833104300619226,-0.09238092114305374,0.06850317551254648,0.0005814048997285301
2026-05-05T07:17:41.100Z,0,-11.573864715046511,-5.666981393005699,7.928784006253409,15.130586187213348,0.080949064889424,-0.22225596326608255,0.04790870420023907,0.006769070785226634
2026-05-05T07:18:41.100Z,0,-10.795772837809636,-5.6413621259707725,-1.8032969874184346,12.313633006824517,-0.012873931698020868,-0.00048820848075337153,0.23230220242176358,0.002440882708759769
2026-05-05T07:19:41.100Z,0,-11.253329412284074,-6.638922823185567,11.219450997032254,17.221753679239523,-0.03837380839044613,0.006562077499161489,0.12505115837857517,0.003898425555721275
2026-05-05T07:20:42.100Z,0,-10.299878322712175,-7.9812322746875,11.446159716342663,17.343648241855433,0.008615619138563346,-0.0100636201310067,0.35503353369925605,0.0020535986832004023
2026-05-05T07:21:41.100Z,0,-10.722439018536534,-7.7742753874190385,10.426695652313356,16.856038636988064,-0.025827339202422195,-0.10407692235636645,-0.03421389065660918,0.0021804011693487713
2026-05-05T07:22:42.100Z,0,-10.853416828012996,-7.5394840741864755,14.83695049682865,19.868960138689975,0.18738789590111438,-0.05004269256991822,-0.24341514615144888,0.007122587232154501
2026-05-05T07:23:41.100Z,0,-10.892067806707928,-7.529786839768349,16.61833466596363,21.248620614718508,0.009774081245694788,-0.04755556577962228,-0.01856513271203397,0.001140674218563734
2026-05-05T07:24:41.100Z,0,-6.75579614835442,1.7386785339112976,15.797813069866606,17.269472558038725,0.003355407268035293,-0.02959467071783628,0.03375478691669542,0.0005571539084528448
2026-05-05T07:25:42.100Z,0,-6.784819725908164,0.5103394087200286,16.6016660666628,17.94183773235474,-0.043617488174607644,-0.09129739292132455,-0.055273743505779294,0.0016043436882269362
2026-05-05T07:26:41.100Z,0,-3.531383596964588,0.6087049969210057,12.907593838349385,13.395789285368076,-0.10016516847999313,-0.17343852281392902,0.024446350778362103,0.005750469644760499
2026-05-05T07:27:41.100Z,0,-5.438346190203447,-3.564473073311092,20.873402718457612,21.86275414081615,0.035008869966990375,0.009492713655023799,0.042000149995224945,0.003390351121672492
2026-05-05T07:28:41.100Z,0,0.7894520322224707,9.127171886575525,21.158538809743277,23.056718450848276,0.0003145933898940356,-0.16371962592676148,0.045572940948090945,0.0010704937007016916
2026-05-05T07:29:41.100Z,0,-17.722144836625375,18.08831830840063,52.686725068952,58.456416887521286,-0.04427028766784691,-0.13125137321545743,-0.11453565144137201,0.004709636888436024
2026-05-05T07:30:41.100Z,0,-0.18951717083837138,-1.2058475822414039,21.871234491754876,21.905270674953282,-0.048777291788593136,-0.05633607527100182,-0.0021003643784212045,5.130484967614684e-05
2026-05-05T07:31:41.100Z,0,-2.431190720926679,-1.80654529867752,24.38520815553602,24.572600005423,-0.12946661882864974,-0.20024947266250592,-0.024655767549397467,0.0039001008253005598
2026-05-05T07:32:41.100Z,0,19.848203607580217,52.60876871761866,34.689264679855114,66.06798632061442,-0.11815888730182245,0.0760262781214216,-0.15375872070055863,0.0013723279641839187
2026-05-05T07:33:41.100Z,0,22.264152882598864,7.998805098395678,16.643299676161405,28.925297071808448,0.06838952712817647,0.05586843484062243,-0.04292607082057032,0.002220878577066044
2026-05-05T07:35:42.100Z,0,-5.824238288369088,-16.469797118588758,28.469192957345513,33.40166038402508,0.22748660245341945,-0.19357790152163545,0.10398134172184825,0.007148942591917278
2026-05-05T07:36:44.100Z,0,3.3390399867130327,7.242572271934478,38.05778487731004,38.88443172935245,0.15958929875758976,0.6071362444206585,-0.41866870998763517,0.0010570957933913085
2026-05-05T08:41:32.100Z,0,-42.749066183571216,-19.234572842151465,3.3779166788008297,46.998529477807104,0.005618389855577277,0.025697327191487318,-0.012606750000143663,0.00396232269284475
2026-05-05T08:42:32.100Z,0,-41.85760668713101,-17.308083333091417,-1.8923706529676565,45.33442459023832,0.021482163202080073,0.010474537000426665,-0.003261824885747444,0.00011757792236172575
2026-05-05T08:43:32.100Z,0,-42.17765784221683,-16.03908010588384,-2.8443347891879966,45.21390441104438,0.017813915018649595,-0.0012063341388035553,-0.011667394571368561,0.001188373608068458
2026-05-05T08:44:32.100Z,0,-41.771475190898855,-16.359801670887464,-2.9346275423449697,44.956771338108126,0.00978776743831844,0.002523100612439322,-0.04055021025317629,0.004171617693684636
2026-05-05T08:45:32.100Z,0,-40.04511349467066,-15.60072087863773,-3.713861982760136,43.13683318883305,0.022627165928490456,-0.0038013380816437348,0.012196797617658461,0.003126188553101795
2026-05-05T08:46:32.100Z,0,-38.11691188207078,-12.313381645526533,-8.593205738179677,40.96781082548374,-0.002429635928002938,-0.0048476683254250474,0.03968167241641396,0.0001629446423793851
2026-05-05T08:47:32.100Z,0,-39.62631165450148,-12.181083403902448,-6.98336990444659,42.04034756581869,0.030540997173922335,0.0184866626864455,0.08681421402334522,0.009122132087913506
2026-05-05T08:48:32.100Z,0,-37.68828528563972,-11.956279555761284,-10.94562944399513,41.026409451870585,0.02381536541129492,0.017312280558900994,0.010084109012264975,0.00017634241823414457
2026-05-05T08:49:32.100Z,0,-36.10928359967147,-10.659228024451295,-10.83192709575087,39.17690836151333,0.04495116973757263,0.012582181863951547,-0.014385229941460409,0.0069714376867917255
2026-05-05T08:50:33.100Z,1,-34.328808372265485,-8.470236529319664,-10.917273692029994,37.005389553266916,-0.018109071741712057,0.023832614496344107,-0.0641834781429651,0.0017225082211635987
2026-05-05T08:51:32.100Z,1,-33.14302107992262,-7.930053332074749,-13.40045914730581,36.61854581373155,0.0037567696145046625,0.026829923733595606,-0.052434262664213804,0.0030519598845516922
2026-05-05T08:52:32.100Z,1,-29.954761529552343,-7.376326682333456,-14.953125511055987,34.282559650152244,0.05256090237004685,0.053837457423489,-0.011183611282383765,0.008057881556531227
2026-05-05T08:53:33.100Z,1,-28.75921497161471,-5.218339656039461,-14.90548517449497,32.81001375855291,0.010196592159950058,0.06623312812448212,0.00761281515071488,0.0012630498594669865
2026-05-05T08:54:32.100Z,1,-27.97562707655743,-4.097785778412799,-16.14776737642387,32.56037392069499,0.005225911802853034,-0.012144572746897175,-0.010557128656607517,0.0017622913985338145
2026-05-05T08:55:33.100Z,1,-26.20733689127519,-5.160102377885778,-14.490539226244437,30.387939886579755,-0.001744970882455732,0.005527371869540332,0.04788104981034991,0.0020539711378717396
2026-05-05T08:56:32.100Z,1,-22.715171522577293,-3.4130733652091294,-13.645446073041967,26.717527685560707,-0.036183236741482716,-0.014289519337351564,0.007513460713148845,0.0039045227947329783
2026-05-05T08:57:32.100Z,1,-20.908409866933653,-1.3325942204573948,-13.076266323878372,24.696683005883212,0.01522284509736238,-0.006907614498424808,-0.01938895836328669,0.005402256690365563
2026-05-05T08:58:32.100Z,1,-22.408353755054122,-3.180278027230088,-13.684784847100673,26.448474864414525,-0.029786638321205317,0.01297784950617109,0.00105440961206682,0.00017325196310211425
2026-05-05T08:59:32.100Z,1,-18.85845634205907,-1.8351288640587882,-12.379899948882667,22.63340443453867,-0.0008536214215482119,0.03503944351473942,0.031080928657445384,0.00489664098000455
2026-05-05T09:00:32.100Z,0,-17.477613496339472,-1.834421740113612,-11.820370270925196,21.179075286466155,0.04027188618449529,0.01102975596467548,-0.008843726125640217,0.0006926708255503463
2026-05-05T09:01:33.100Z,0,-15.97462791869475,-0.7841144933991018,-12.09272143933049,20.050872412160615,0.13464821308506458,0.04230945360983451,0.03208249064545754,0.003422478843703537
2026-05-05T09:02:32.100Z,0,-11.771970956942823,-0.04834664650843479,-10.895084099956875,16.040090247703315,0.15801977979035264,0.06511671309272771,0.0006458042030033084,0.00023005010655945663
2026-05-05T09:03:32.100Z,0,-12.034918589961308,-0.5304284691192152,-9.25318971252409,15.190198803301097,-0.004466111185541521,0.01536558117010145,-0.01471402284369816,0.002007837390626952
2026-05-05T09:04:32.100Z,0,-10.55539089247759,-0.0008089164111879654,-8.192002666476128,13.361331716370811,-0.06548403709427664,-0.10618385227245675,-0.06631920090516275,0.0028944299511924555
2026-05-05T09:05:32.100Z,0,-9.88137148488022,-0.2716502526709519,-9.880329247152986,13.9762728334176,-0.025597921277376035,-0.034224846237274065,-0.016782577206164717,0.008039960540318507
2026-05-05T09:06:33.100Z,0,-8.91125829275552,-1.2015953811896907,-5.5166320039461425,10.549293079977598,0.09535980364189234,0.05015833674892889,0.031460943307415334,0.001307322862266942
2026-05-05T09:07:32.100Z,0,-8.30576906537317,-1.6024077954170934,-3.67668855960801,9.223423945286035,-0.041059523754882754,-0.00965005675745978,0.029322424569322436,0.0018241739631968098
2026-05-05T09:08:32.100Z,0,-7.295505988622608,0.14611307642553584,-3.267276831820709,7.995051879561711,0.04630637577140995,0.004047719159405716,0.015149185798257747,0.002530895885622235
2026-05-05T09:09:32.100Z,0,-7.714165181823773,-2.393490589383873,-2.396836353909748,8.425079593769707,0.02916490500837199,-0.033245236757295515,0.00843687283591521,0.0016528202931704458
2026-05-05T09:10:32.100Z,0,-8.454721883936145,-2.981703880323039,-1.9414733446865284,9.172905696275881,0.028923430478222656,-0.013731860159627018,0.01083709328408844,0.0020175267347697554
2026-05-05T09:11:33.100Z,0,-7.970661374201882,-1.8751203308511322,-1.1490630586195039,8.268486252637123,-0.040618445546591886,-0.005493380348386978,0.003772746501873314,0.005807415514938973
2026-05-05T09:12:32.100Z,0,-8.226901418311172,-1.9378461549877102,-0.7789646656419791,8.487870205023741,-0.050575269895158925,-0.0930260895684043,-0.08705607025216722,0.003986595122713412
2026-05-05T09:13:32.100Z,0,-7.558379494184919,-4.460023385718159,0.5785031312370847,8.795201819862866,-0.07740326059346714,0.01274112436178143,-0.029241352526021558,0.006399441320856282
2026-05-05T09:14:32.100Z,0,-5.863331824002671,-4.847434229986902,2.6643882374628447,8.060722261208456,-0.023502787981133366,-0.015755517185578327,-0.02402016787694805,0.00030286890554426547
2026-05-05T09:15:32.100Z,0,-5.783697509286867,-4.597834693868208,3.9779355138307437,8.391377223273015,-0.03131142058965253,-0.043163690356173845,-0.0526068328641216,0.0013451242086054843
2026-05-05T09:16:32.100Z,0,-6.040601694621728,-5.313180812891005,4.106462865820504,9.032264192986316,-0.0006034995418957578,-0.0012718842072878545,-0.01967991996654206,0.004113480424069589
2026-05-05T09:17:33.100Z,0,-8.047550982155371,-5.788744010146729,4.946168544847751,11.078683012860367,-0.033240538521717156,0.04760445733031915,-0.013629278772242515,0.0028206989143183007
2026-05-05T09:18:32.100Z,0,-5.930547572461364,-6.758151021131198,3.8126106574054575,9.766268466441302,0.013765665825005158,0.0059778875698413,-0.01748647924504354,0.00029239163368257145
2026-05-05T09:19:32.100Z,0,-9.470038849940465,-4.980826108862857,-0.3464244982751552,10.705618827471714,0.026943664330758565,0.022401848971398408,-0.02117586027594598,0.007203869936228571
2026-05-05T09:20:32.100Z,0,-6.079950761431974,-8.622203644563342,6.133328632131452,12.203520682962031,-0.048975522072503,0.014465279952524668,-0.02379969647670066,0.00231191743277637
2026-05-05T09:21:32.100Z,0,-5.854043245562934,-8.113752320468848,5.8570659302858985,11.593447302271679,0.0906571377345955,0.0849607855295531,0.05736645641896132,0.008253645968900006
2026-05-05T09:22:33.100Z,0,-5.715169128507114,-11.398481388027903,-1.5710212392150424,12.847437248522526,-0.02448844131208716,-0.0699123470417895,-0.032203525484053586,0.0007241542982135497
2026-05-05T09:23:33.100Z,0,-2.9320035782802734,-12.439978140307062,6.737678033459815,14.448045071805831,0.04172099447075084,-0.03564283802814927,-0.04839552880531173,0.0015821238098223391
2026-05-05T09:24:32.100Z,0,-4.364265597814665,-9.149249723861885,5.18240564451844,11.384766707411794,0.0334772308656639,0.061666290256834344,0.01238191132069133,0.007855126307653074
2026-05-05T09:25:32.100Z,0,-4.510107679379871,-8.983920857190242,7.207875649328344,12.369534212088976,0.035728846020433025,0.03692330013693734,0.06681665411090165,0.004110001465163184
2026-05-05T09:26:32.100Z,0,-3.73036726796272,-9.289247489391528,4.042368341288238,10.795670459943832,0.019687943282775677,-0.02880408372885057,0.08602180211869648,0.003935415032639375
2026-05-05T09:27:32.100Z,0,-5.172646035134676,-9.116382876982243,3.4702862722042482,11.041177046654889,0.03474790065460809,0.03321021539726132,0.044511226078847166,0.00024099194650660624
2026-05-05T09:28:32.100Z,0,-4.2054493175101015,-8.47477741979219,4.341311786447477,10.409353692920302,0.017214309676383266,-0.031118356446313555,0.11941438558841969,0.00130880203174387
2026-05-05T09:29:32.100Z,0,-5.353644284696202,-8.61108142885314,6.367814234181424,11.973357449873586,-0.05310336800601334,-0.047201826576692696,0.0322904801732804,0.004164686686735712
2026-05-05T09:30:32.100Z,0,-4.182714928333553,-9.16231676433199,4.3397253093644395,10.967058330400256,0.037920941180935586,-0.054965285078090176,-0.08268312993087168,0.002996759969393873
2026-05-05T09:31:32.100Z,0,-4.753156370384204,-8.905842735202896,8.282919220619078,13.058073407696522,0.019380689127324047,-0.00021489636581328853,0.00808709835631305,0.00021489750687676235
2026-05-05T09:32:32.100Z,0,-4.421678904463988,-10.332803518849687,13.093534603285661,17.25568663660688,0.05081374484561252,0.08257716500859047,-0.06576608836872389,0.009115173237211104
2026-05-05T09:33:32.100Z,0,-3.8900618724255764,-7.3954393938038265,10.677931091777282,13.558883346333085,0.019204885247425807,-0.040767707610189774,-0.022816560171445843,0.00024881822484263
2026-05-05T09:34:32.100Z,0,-3.7913720429969544,-9.954845628726616,10.526728207878477,14.976163067446238,-0.004828763056075047,0.0017935351663833643,-0.059291559243668246,0.006970431789643518
2026-05-05T09:35:32.100Z,0,-0.808549471457809,-8.72985741057164,14.798345660892664,17.20044176630263,0.09677458620860335,0.02227911862595633,0.315504967833391,0.0015959632686771597
2026-05-05T09:36:33.100Z,0,-1.5328267240874993,-7.9941327271626506,15.256952829076909,17.2924933267082,0.05527779917269271,-0.03386006368910621,-0.008620034722905956,0.0029515602804875913
2026-05-05T09:37:32.100Z,0,-2.1382232662290335,-8.648414395565851,14.824807833065279,17.29572194448637,0.043384472481200476,-0.04028508346543003,-0.026846355657639265,0.00813304096214642
2026-05-05T09:38:33.100Z,0,-0.911519925466564,-11.259979381293306,14.176893891090003,18.127391556451194,0.0202949906915606,0.0397360586584794,0.08292451297897685,0.0013433229690129368
2026-05-05T09:39:32.100Z,0,-2.260637067593052,-6.000527611831785,17.432913134143746,18.5748020693178,-0.03543305795172813,0.14574344862439137,0.045802195183242134,0.0018164958807384175
2026-05-05T09:40:32.100Z,0,-1.0629959224388585,-8.992350685048223,19.335747865625308,21.350959620050865,0.03585219192281386,-0.006616006007764685,-0.026397580328740844,0.0019780075188406726
2026-05-05T09:41:32.100Z,0,-3.008461551871733,-11.225443396597257,21.401724325187388,24.35354644503788,0.059142724236238564,-0.00020961103688876825,-0.006667923587500013,0.0038304698100725568
2026-05-05T09:42:32.100Z,0,-2.8441038193705026,-8.96469046438142,22.833043386526697,24.694178908166588,-0.04688178750456018,0.04774377366937102,-0.0019412881746561084,0.00548390349668689
2026-05-05T09:43:33.100Z,0,-4.618061321707501,-7.874914782178166,24.46244833754463,26.110383985392843,0.06205052323338123,0.005213206066528864,-0.03683222646255757,7.600255715948207e-05
2026-05-05T09:44:32.100Z,0,-4.847725375839218,-8.95344766627204,25.1612899041902,27.143234443870746,-0.04840917996595806,-0.01793764117224983,-0.012921251762776365,0.0049083469399004995
2026-05-05T09:45:32.100Z,0,-3.0052842912482447,-8.554621879056867,26.15965169206902,27.686470808234684,0.1540640452621922,0.07320358921381054,-0.1211111628185435,0.0005995075546788581
2026-05-05T09:46:32.100Z,0,-6.076673478673911,-8.789425828126696,27.3216012597004,29.3368345659279,-0.007590623129161145,-0.009870626258123849,0.014531025924746643,0.0032751485220049066
2026-05-05T09:47:32.100Z,0,-8.057421640842222,-8.90804016353286,29.121989958184713,31.501833631997336,-0.0004454360400529822,-0.056393597949622176,-0.02316789820344667,0.00015707958002111322
2026-05-05T09:48:32.100Z,0,-9.904242345328385,-10.273782590275005,29.923306147793483,33.151906068306374,0.06396570673272706,0.059739424104421346,-0.015106725588687198,0.002070078632346813
2026-05-05T09:49:33.100Z,0,-8.953651024057763,-8.870937350820896,32.489278177990855,34.84845179731336,-0.009872623312867645,0.053511601842970435,0.007611662882212045,0.00279353407420537
2026-05-05T09:50:32.100Z,1,-13.11209712184791,-9.668209434721575,33.81641359669629,37.5359986299717,-0.0371138406813909,0.03969165466055635,0.0516079267374181,0.007962612101857109
2026-05-05T09:51:32.100Z,1,-17.105370631725236,-11.189058012632813,34.473155857540405,40.077265356271795,0.03222915543399374,0.0676575382496658,0.057480397492426505,0.0013105466747683064
2026-05-05T09:52:32.100Z,1,-14.927847594663035,-7.86751824057319,35.72136451705887,39.506383788393386,0.04390649878777131,0.013594250163340149,0.03290500889097103,0.0017569721253827477
2026-05-05T09:53:32.100Z,1,-18.8587675229428,-8.680757827733032,35.951842406802825,41.515583115159735,0.008593362555597839,0.007757604653546579,0.02851485947363841,0.0026002615952532442
2026-05-05T09:54:32.100Z,1,-22.746360244127573,-10.433858898295512,36.27264405861297,44.06775491068269,-0.0010978716095122465,-0.006166504651128335,0.03770705204253488,0.001647702789809956
2026-05-05T09:55:32.100Z,1,-16.66791842217208,-8.517266024909986,36.53180321862237,41.04797158778272,-0.05845778030533211,0.05023718216645712,0.07161233138575085,0.002068066859562112
2026-05-05T09:56:33.100Z,1,-23.63401388447528,-9.246206269153845,36.713639760819206,44.63127028385497,0.03780889921767283,0.008407806203258872,-0.008192810931895167,0.00579590632467283
2026-05-05T09:57:33.100Z,1,-25.42264959356544,-9.92463630268503,36.2871559168525,45.404484389008864,0.04560280224064073,0.013110678725336555,-0.008128994011258328,0.0038646583836235786
2026-05-05T09:58:32.100Z,1,-20.890804516966455,-9.268758581129077,37.964938332606835,44.31334044731902,-0.07794537915684074,0.007061894323312501,-0.007915745859676804,0.0064093423113579726
2026-05-05T09:59:35.100Z,1,-27.973818690043117,-9.02831094629164,37.37048132916243,47.545744346046504,0.013290865860327017,-0.006656357855794326,0.018887967375036396,9.133668839306204e-05
2026-05-05T10:00:32.100Z,0,-28.93172181029513,-10.595754120799938,38.24944197367586,49.11552039421299,-0.158304610547777,-0.027205003903851832,-0.03367841892121248,0.001319908626933478
2026-05-05T10:01:33.100Z,0,-30.487223100863048,-7.425664947220412,35.736933230964496,47.55775088315878,-0.051629256315077754,0.029243746739071597,0.12694851690397968,0.003993305561421643
2026-05-05T10:02:32.100Z,0,-33.45747153070988,-7.578369444217969,37.647877362360305,50.93325784350183,-0.0414856756725257,0.03807913662989826,0.13221598567536574,0.0029791946614660574
2026-05-05T10:03:32.100Z,0,-40.184839634093805,-9.31765209003288,31.740850296955614,52.049222419383725,0.01912731380571131,-0.006293629962739189,0.014009911981638368,0.00033722471655088586
2026-05-05T10:14:26.100Z,0,-26.878028593273484,-21.627944644706076,30.019414237358433,45.731407607566766,0.057165507755918554,-0.014465245337103028,-0.04268656845130003,0.004749435518417899
2026-05-05T10:14:31.100Z,0,-50.50370232106616,-1.0339488233057637,10.804818371980218,51.65691723627688,0.01565735197406326,0.05950767095708187,-0.03717735150154944,0.004312684469288688
2026-05-05T10:15:33.100Z,0,-51.66518533155795,-0.40953871791771235,8.954741802881472,52.43707179145282,-0.032044449929102825,-0.020970986186696905,-0.20746349416567167,0.00296208856576078
2026-05-05T10:16:32.100Z,0,-50.46875178970822,0.5473995911415841,7.75967271601985,51.064734153653454,0.03464085968563069,0.04004362524279159,0.1231820665614225,0.0001912412959955014
2026-05-05T10:17:32.100Z,0,-49.24173255261621,1.5073925019351009,5.3158797936703195,49.550772293870715,0.0012610566022530634,0.04323583904985995,-0.04232166297551965,0.009110249050730612
2026-05-05T10:18:33.100Z,0,-50.1173618406483,2.719588130162265,1.9083767119809636,50.227363250911566,0.0338509716204527,0.030601890583681346,0.04072554309675347,0.0004210753213375765
2026-05-05T10:19:33.100Z,0,-48.21448633833825,2.325048279544717,4.080233713466441,48.44265526917911,0.035885397350554626,0.033089085063386925,-0.09118065323177049,0.006679683489602001
2026-05-05T10:20:32.100Z,0,-45.367124966332995,4.383541264132873,-1.4283210884968867,45.60078467369915,-0.005142637068189515,-0.002821346972881056,-0.04230093670831714,0.0016588550985220548
2026-05-05T10:21:32.100Z,0,-44.95641643347881,4.988356334024502,-1.5858112801652169,45.26011350926846,0.0540514826203875,0.025922328052041532,-0.09355266001254137,0.003061154266681404
2026-05-05T10:22:32.100Z,0,-44.074002105844556,4.963501528891356,-2.7391051407903433,44.437109559754234,0.027231554223128285,0.021774009353492385,-0.013007505535345132,0.008088291243616432
2026-05-05T10:23:32.100Z,0,-41.98585564381574,5.360894897876278,-3.9309359181061154,42.508864080820445,0.0383568663231415,0.013117476534540984,-0.016580332896865002,0.0013016620271979122
2026-05-05T10:24:32.100Z,0,-41.36513044068124,6.6220689468536875,-4.224845726639614,42.10433629598456,-0.012472456181633618,-0.02485368588164838,0.038333592921269144,0.0017852095650465153
2026-05-05T10:25:33.100Z,0,-39.31065964343361,7.200669622307032,-7.411457761918427,40.64612294879053,0.011263089162660833,0.032554250508354254,0.0625035200609858,0.002002381530378476
2026-05-05T10:26:32.100Z,0,-36.970281330468424,7.4430811257570895,-9.062282943887112,38.785643354901964,0.0008957244839180589,0.012233733779343225,0.02006014114019905,0.003878332154999177
2026-05-05T10:27:34.100Z,0,-34.78297169021971,8.166630528990027,-12.002646379187354,37.691013436938476,-0.01967657892443242,-0.016367590262911236,0.023761578434644548,0.004985104332131792
2026-05-05T10:28:32.100Z,0,-33.876325659548456,8.706807178782583,-11.299884431537066,36.757330147963344,-0.027987467457357695,0.0695563163251034,0.07053190014438826,0.00013711813781501513
2026-05-05T10:29:32.100Z,0,-30.24747058589128,7.7118792183910045,-13.655158431902237,34.071188851047744,-0.07099611382166415,-0.013578335626651672,0.051083800364892795,0.004890932667937569
2026-05-05T10:30:32.100Z,0,-28.767167222213175,8.497562998854846,-13.232470263574214,32.78500810106136,-0.009151575906862774,0.017053064368832693,-0.08187306566220798,0.0006547297691098933
2026-05-05T10:31:32.100Z,0,-27.94665059172985,8.50068939553239,-12.900644414457929,31.932798590224373,-0.10332215764208286,-0.04485659644348772,0.029002570249403448,0.0033225033133386923
2026-05-05T10:32:32.100Z,0,-23.17882633451518,8.127463531536705,-14.531415214605659,28.539020337799723,-0.011185997291995875,-0.0014482175492158689,0.027151477082654196,0.00018018173478968866
2026-05-05T10:33:32.100Z,0,-21.907948551415757,8.53803408585918,-14.05419256843743,27.39300210881412,-0.08046404149775199,-0.05781638685609103,0.05586849886629608,0.0020504747422817595
2026-05-05T10:34:32.100Z,0,-24.985358430058113,7.412520710545323,-11.485816800814064,28.480477291376317,0.007687193885441701,0.023184768084272278,0.0035352115999032208,0.002890572990286022
2026-05-05T10:35:32.100Z,0,-17.992631257584435,7.802921947586583,-13.258215344194468,23.672782781172273,0.036153078594391985,0.06468866918951655,0.03732804031031378,0.007999609128569988
2026-05-05T10:36:33.100Z,0,-14.811606695730006,8.132886222938396,-14.262106961496102,22.111879752870642,0.029551917121395377,0.012123187884460762,-0.015158252133495864,0.00129756409555762
2026-05-05T10:37:32.100Z,0,-14.323687500109372,7.161732181828029,-12.373663234939158,20.23773636790206,-0.05764881099312724,0.06123061766305504,0.05764855316048312,0.001778806791586409
2026-05-05T10:38:32.100Z,0,-12.813931615710317,6.735471603349197,-11.391377795462176,18.42082813693707,0.012936150759257359,0.0033722667203139878,0.005901378202999297,0.0025867635285575694
2026-05-05T10:39:32.100Z,0,-11.02770655961649,5.999351604828007,-10.80574728780448,16.564018416171084,-0.03333486718548606,-0.012798918954226579,-0.03133039226099754,0.0016471093280519156
2026-05-05T10:40:33.100Z,0,-9.988319484364183,6.288964693766275,-9.284552005993874,15.01734027693229,0.01639450623788785,0.036244015727548984,0.03859012843943077,0.0021992596826658577
2026-05-05T10:41:32.100Z,0,-7.562776831946394,5.409572889412573,-8.35381547221914,12.499812206572566,0.012666087057855435,0.0430903810189065,0.01308915201470029,0.005658085308811071
2026-05-05T10:42:32.100Z,0,-5.99721797152597,5.266834278131682,-8.47306564696737,11.640404123960455,0.060592471075260335,0.0025012651365674543,-0.007384941525856448,0.003973905349414745
2026-05-05T10:43:32.100Z,0,-7.586916829495749,4.291275349885382,-6.148744444772092,10.666930643504504,0.13424058162381236,-0.01167873016383325,0.0785737994659641,0.006470510443864103
2026-05-05T10:44:33.100Z,0,-5.10900022527494,3.519280296359284,-6.504275766246792,8.988482650013147,0.011735601863849254,-0.021254442817086883,-0.0075646474071433545,0.00018507917466684535
2026-05-05T10:45:32.100Z,0,-2.479792316989915,3.355261973410961,-5.7181615238732775,7.078454920300375,-0.06640309431826807,-0.014741779552629453,-0.03194041176879381,0.00134708196132456
2026-05-05T10:46:33.100Z,0,-0.8733951071917545,3.645436187184714,-5.0918536999233766,6.322894757112892,-0.04079390282640816,-0.007600900827409163,-0.01357165636406421,0.0039169506856654174
2026-05-05T10:47:32.100Z,0,-2.376187444497191,1.7111122255073496,-3.3486230918242654,4.448308490962099,0.031514179966496414,0.04817296283654571,0.022524875560314683,0.0028858921539379277
2026-05-05T10:48:32.100Z,0,-0.22115361480246065,1.206197715532653,-2.6283267766302743,2.90033161811681,0.02217165746376537,-0.019949121724982533,0.02252906908761787,0.0002884191932646097
2026-05-05T10:49:32.100Z,0,-3.1229604974214453,1.9650717573540533,-2.107551474637148,4.249254346147164,0.091452707629891,-0.05440841809267738,-0.004258515144073272,0.007226533164730217
2026-05-05T10:50:32.100Z,1,-2.127049772752798,-0.5805217067518242,-2.7651732912090665,3.5365985803019493,0.11548355473767202,-0.0408645264369234,0.03447068781436968,0.00230304879424081
2026-05-05T10:51:32.100Z,1,0.6690721074846806,-0.42985884363133664,-0.6088773170631612,1.00158259654214,0.12948154164593717,0.07077890587503521,0.015869101074095227,0.008255611744103475
2026-05-05T10:52:32.100Z,1,-0.8822456129564671,-0.3802033712645425,-1.0209947804469266,1.4019066540970992,-0.09357711922053369,-0.030421762738153113,-0.12018574841565766,0.0009194490368909939
2026-05-05T10:53:32.100Z,1,1.341945113381371,-2.6297919920352797,2.9495056360246963,4.173272829044667,-0.03323402914912066,0.00391344059924581,-0.03702079372747136,0.0018061934296715058
2026-05-05T10:54:32.100Z,1,2.044354081590427,-2.090881632170749,2.326821530914458,3.7370132522365447,-0.10762276888609534,-0.007516941693319623,-0.054845704234196546,0.007862818397561746
2026-05-05T10:55:32.100Z,1,2.170063863559335,-1.516271561740723,1.3837442002113676,2.9871398749453157,-0.0038410571390201653,0.0021719428929811713,-0.01436011865685316,0.004094080325631272
2026-05-05T10:56:32.100Z,1,2.7871348602275248,-3.5718620895295317,1.812172885365726,4.879578883691554,0.06667656189218718,0.042617764236085875,0.04449408819429124,0.003959330129035166
2026-05-05T10:57:33.100Z,1,3.775075598696276,-4.817933285721665,4.26209353190643,7.458493024482589,-0.00814082062738919,-0.021141490724019274,-0.03021837814554118,0.0002864371633165383
2026-05-05T10:58:32.100Z,1,4.625950669833401,-4.512998358222831,5.556984355280292,8.523300352908137,0.049516105490532425,-0.09939154707226672,-0.1425204999363494,0.0012920643049709002
2026-05-05T10:59:32.100Z,1,4.369417250472907,-5.302886170284182,4.191681313386653,8.048763947136,-0.0029223105935116678,0.020810316465780243,-0.01883802622559827,0.004118987442265762
2026-05-05T11:00:32.100Z,0,6.387148549947597,-4.896534866247748,5.06376483826898,9.508597932017464,-0.029487679909401265,-0.017028953624764753,0.029068080932059814,0.002944906649036065
2026-05-05T11:01:32.100Z,0,5.831435232266813,-6.03906195556192,3.102832387412491,8.950054468862966,0.021532785686950717,-0.014192256057643515,0.027560918273383805,0.00023035635489536502
2026-05-05T11:02:33.100Z,0,7.194776953156179,-6.364615189568212,8.299412149426644,12.694620275652214,0.023412462006433543,-0.01318450223170009,0.016477262700043127,0.008962849212809987
2026-05-05T11:03:32.100Z,0,8.33497814517159,-8.367922990942134,10.051865482637368,15.509158440865273,-0.06912148073556779,0.04780426806272331,0.05402756575279,0.0003296975524108909
2026-05-05T11:04:32.100Z,0,7.756464905838811,-6.644612901936853,11.586850363528356,15.445670260590571,-0.010994731292512938,0.013633786737243803,0.06870581083456839,0.007036759870446982
2026-05-05T11:05:32.100Z,0,6.974732329069866,-9.222384554277596,14.684522476272832,18.69049138694091,0.007976490859817886,0.008008044279361748,-0.029538815297686094,0.001577793472128862
2026-05-05T11:06:32.100Z,0,9.4907649823881,-9.171609101372269,14.51617330621957,19.61918247316897,0.02062283779125096,-0.04089476297541861,0.07486652002819394,0.002946077620870394
2026-05-05T11:07:32.100Z,0,10.633063644718277,-9.300127618075749,15.794786491824198,21.19032082124848,-0.014944388194493285,-0.030291253523273554,-0.042260940591454244,0.008049745838774816
2026-05-05T11:08:32.100Z,0,9.778070057564037,-9.955904583534902,18.20038443293015,22.934355967271628,-0.05649806595897644,-0.047551394183997786,0.04914513005882526,0.0013723768439960079
2026-05-05T11:09:33.100Z,0,10.99032504225761,-11.17888086878338,19.490171936013212,25.012425394357155,0.07989928321716633,0.06478007070276348,-0.04767054845533636,0.0015183381320551658
2026-05-05T11:10:33.100Z,0,11.194982813776733,-9.267392732908775,20.009710873637232,24.730562822412328,-0.051168397604328675,-0.021146984287234716,0.01848338441767794,0.0019542174637975575
2026-05-05T11:11:32.100Z,0,10.481272338893177,-10.709356121878955,23.970068728885963,28.26856157031677,-0.002039387656083136,0.008068713748476952,0.020580321042018568,0.0037777057162133674
2026-05-05T11:12:32.100Z,0,10.059414013994683,-12.045820850232758,27.014920120564057,31.24259143191089,0.0732936807210649,0.0020578092982947993,-0.026124907237523587,0.005389551272401739
2026-05-05T11:13:32.100Z,0,11.138454839510814,-9.741657306733487,26.88495529764623,30.688204324301736,-0.040138394251876264,-0.02506733541829398,0.11618070389607382,0.00010751438302509472
2026-05-05T11:14:32.100Z,0,8.413033102442569,-10.691194415983318,31.091371729417006,33.937503739078075,-0.06924705922450869,0.0028788727564066363,0.1251755156381762,0.004995913160552703
2026-05-05T11:15:32.100Z,0,8.829654697365186,-13.34759409840558,32.549328710956615,36.27092320060794,-0.04768161136770033,-0.04652122636095157,-0.06262728695283215,0.0006802057080862216
2026-05-05T11:16:32.100Z,0,8.837461925395473,-12.784144546760245,36.46040650892246,39.63453453582052,-0.19128629300357858,0.07840946427339901,0.2774126330917781,0.0032247930453178685
2026-05-05T11:17:32.100Z,0,7.244331706715457,-11.785353516273744,38.27737376013829,40.70051893224203,-0.00560076573563606,-0.0038654658818249032,0.042921536142159766,0.00027171508130352447
2026-05-05T11:18:32.100Z,0,6.571777230419684,-12.54088244434115,39.02119906342705,41.51043199963892,0.016249876940044317,-0.011666329552628696,0.003392483996833562,0.002022793149897637
2026-05-05T11:19:33.100Z,0,4.669654756071395,-14.009103251169108,39.97964110567409,42.61962402909395,-0.0473177144000303,0.03365510914332681,-0.01660468884612243,0.002877697701976584
2026-05-05T11:20:32.100Z,0,4.303667587919335,-13.059103470709488,44.21326952387972,46.30199715084907,0.010466258753449864,-0.003264765787491797,0.019110456531024056,0.00809051001249389
2026-05-05T11:21:32.100Z,0,1.384399899507116,-12.74262775916668,47.31713860473974,49.0224716944239,0.012406318052438081,-0.019182112588111977,0.042998452664200215,0.0013273882817269361
2026-05-05T11:22:32.100Z,0,5.232446227637411,-14.42223362448658,46.319210181991366,48.793939665985995,-0.1239513568060957,0.02451879713505356,0.03655919844991473,0.0018573897173699613
2026-05-05T11:23:32.100Z,0,-0.6278082755670766,-12.326737030434742,51.08107284286234,52.55110457284576,-0.011202272241828126,0.030399607561459874,0.0820551044231621,0.00249605071580704
2026-05-05T11:24:32.100Z,0,-6.0269499981586705,-10.798911706160652,52.53994248460003,53.97579250555602,0.06192136975302631,-0.00758023530766927,0.023796546809506935,0.0016520428172427304
2026-05-05T11:25:32.100Z,0,-5.980295596600627,-10.304251047500657,54.218387637547494,55.5119364018947,0.17990973855086523,-0.05096015393823983,-0.00608259580481274,0.0019833674133913565
2026-05-05T11:26:32.100Z,0,-9.091233768231177,-9.512798303376258,55.69777750474714,57.23099057292003,-0.023540911117336805,0.03940505289845575,0.04996267329726578,0.005743730250420974
2026-05-05T11:27:34.100Z,0,-12.613402304850752,-8.314902944448477,56.75954315927356,58.73568990255457,-0.07959213589381342,-0.0005551140238591046,0.01773996543619205,0.0037650501706867462
2026-05-05T11:28:32.100Z,0,-18.58690018980269,-8.596217819786034,56.74695190651846,60.328967918833264,-0.14289350882065038,0.03809220621797671,0.03160973607663209,0.006367691613065764
2026-05-05T11:29:32.100Z,0,-20.994663098463207,-6.573929206524554,58.38657987857232,62.39379082687055,-0.021485737759951995,0.03764167996589407,0.023338658217575414,0.000333154434536629
2026-05-05T11:30:32.100Z,0,-24.195933846385742,-4.785901246123103,59.25102783771763,64.17968810505631,-0.013663725691781536,0.022393956231825385,0.016421754047257764,0.001362954593241781
2026-05-05T11:31:32.100Z,0,-27.41296306703589,-2.8200282201851223,60.32639680745433,66.32267527058713,-0.14437498365516,-0.0008040751158233661,-0.05391790127440288,0.004166553625080508
2026-05-05T11:32:32.100Z,0,-32.289734434925776,-2.0895618299618945,58.39329096329493,66.75904169506394,-0.1111560210349527,0.04848627170828124,-0.010884906227026647,0.0029401551278907625
2026-05-05T11:33:33.100Z,0,-35.8314224267815,-0.8582007733366481,59.11553989699314,69.13229635276701,-0.04140864869617289,0.024329522724908514,0.01433092294345073,0.00037200218262465815
2026-05-05T11:34:32.100Z,0,-40.565529335253814,0.032438197422379744,58.105389759475656,70.86465650510533,-0.11399457599337026,0.018337466683560066,-0.015493520185927423,0.007184130342534623
2026-05-05T11:35:32.100Z,0,-40.08687626628671,1.70615150454978,57.89360097151075,70.43818307703265,-0.013236268366245696,0.02253051322453903,0.059608184202808445,0.0023260325462290143
2026-05-05T11:36:32.100Z,0,-44.16750211566978,3.1899830091788317,56.72424198019144,71.96237810803542,-0.14244581474898155,0.003564312659243285,-0.031114588637137786,0.008272853101335995
2026-05-05T11:37:32.100Z,0,-48.25299278127204,3.8836089449887368,54.539944891985215,72.9248882042878,-0.046804433297964465,0.04500071773672065,-0.0117722730355041,0.0009287035775259896
2026-05-05T11:38:33.100Z,0,-49.953286556046805,5.35190827167753,53.43549376993906,73.3438869595563,-0.0460931655572594,0.03429317506264962,-0.04532939656520796,0.0015891224577195488
2026-05-05T11:39:32.100Z,0,-52.99560374896828,7.517830939605119,52.821323077296256,75.200691289311,-0.06416477000392717,0.008718488293191912,-0.02582620205249242,0.007900081128778425
2026-05-05T11:40:32.100Z,0,-57.94875370520458,7.898650990000533,49.319942758302204,76.50427110384429,-0.08027197519666629,0.05228799738965506,-0.0007058511952706681,0.004064194185330896
2026-05-05T11:41:32.100Z,0,-57.69074263571383,11.489369410128347,45.427149952956825,74.32263012132299,-0.0902125314388158,-0.013162172393610394,-0.029654651368282714,0.003965933622684864
2026-05-05T11:42:32.100Z,0,-60.24309944587003,12.311001351918094,45.533740362770914,76.51217743964779,-0.05430163763975315,0.022130106218432033,-0.034468045354785204,0.00015765878449895815
2026-05-05T11:43:32.100Z,0,-62.86978829666623,13.879876580858763,42.56892417834024,77.18403047307638,-0.06160841393221261,0.0023720975579344383,-0.1299839231521105,0.0012247472441295174
2026-05-05T11:44:33.100Z,0,-63.7610905978363,15.072617384475961,41.59211524802231,77.60518358878527,-0.03192806740148768,0.050855080749423465,-0.04164395093919637,0.00398447076671752
2026-05-05T11:45:32.100Z,0,-65.86540081389103,17.932323692775753,35.02781195129501,76.72526876780745,-0.004643479205590495,0.009577850508257768,-0.05957998867822667,0.003056250963300198
2026-05-05T11:46:32.100Z,0,-69.10041957462454,17.903954768144104,32.299101581884315,78.34954718902839,-0.004506141292992538,-0.008167815644055665,-0.04566396299310327,0.00016815826976312865
2026-05-05T11:47:32.100Z,0,-68.68898400125545,19.516852187734912,29.586719090730185,77.29461811145973,-0.01790114970123824,0.010928340198113062,-0.04617060761180625,0.009134195153380858
2026-05-05T11:48:32.100Z,0,-68.89627812802246,21.634829476852246,26.01933392452338,76.75785773627449,0.004947478384309534,0.016069547863040157,-0.043763166397869924,0.00021468516313837086
2026-05-05T11:49:32.100Z,0,-70.1076848968114,23.378020355949047,22.00401987101941,77.10898915066895,0.03680243439507791,-0.0181411370583362,0.18762492678536802,0.00697961465892352
2026-05-05T11:50:32.100Z,1,-69.63055852179423,24.653463296317568,14.842333906017302,75.34256969560833,0.00682852716238358,0.012288355841549858,0.050243095467639165,0.0016281422682569615
2026-05-05T11:51:32.100Z,1,-69.66464807283046,25.94566626839878,12.27152008232224,75.34541123620792,0.005539501036544436,0.043565175877890994,-0.10653154637429996,0.0030394877282826516
2026-05-05T11:52:32.100Z,1,-69.51472377075163,26.79794669097646,9.071893939108122,75.05148917522386,-0.014290128435234806,0.012621220262243327,-0.24781256565475918,0.00808524405917806
2026-05-05T11:53:33.100Z,1,-68.6566768477519,26.6339772953188,3.9118109289120184,73.74557808497906,0.024163454821035657,-0.0007444027696479338,0.0010994169644951146,0.0012943411833320378
2026-05-05T11:54:33.100Z,1,-67.30268559124397,29.19055164454676,-0.4450406322575873,73.3616920079625,-0.0020794462933793056,0.026077679984304325,-0.0035120408514721646,0.0015654142165872514
2026-05-05T11:55:32.100Z,1,-67.2694757743102,28.25621273359502,-0.6736198374710511,72.96608590764697,0.05251565292674343,-0.03858594969718965,0.12324199124691404,0.0020707320309893114
2026-05-05T11:56:32.100Z,1,-65.2336287023445,27.517477718390637,-4.142194277847011,70.92105235466333,0.03390473125985949,-0.021772657496921255,0.07688704073749442,0.00386306380475516
2026-05-05T11:57:34.100Z,1,-62.25595474461443,28.236172304957563,-7.5668892241083086,68.77749006854393,0.049483415873297076,-0.0283749231342334,0.02560916574978478,0.0047431914483267515
2026-05-05T11:58:32.100Z,1,-60.394756432742724,29.296489099209566,-12.521733315224992,68.28326796022608,0.04749158375982887,-0.04434647469686581,-0.06383351675820492,0.0007726506617557867
2026-05-05T11:59:32.100Z,1,-58.21121577901067,27.73858303648069,-13.393150522460928,65.85856901162954,0.05475894335482678,0.017258511302742363,-0.05793391857933372,0.0019341450759076879
