epoch_utc,withheld,dx_m,dy_m,dz_m,position_norm_m,dvx_m_s,dvy_m_s,dvz_m_s,oem_interpolation_error_m
2026-05-03T12:00:11.100Z,0,13.485117498021282,-10.957425771721319,-4.062101193447631,17.844165421336772,0.04491161499475815,0.04365050313603902,-0.038979580614828535,0.0036585043367378545
2026-05-03T12:01:11.100Z,0,12.25845756016497,-8.247644111634145,-5.1903359836842355,15.659917074175919,-0.006833537709693971,-0.03010985002149802,0.0058933771098779175,0.0013128212891834012
2026-05-03T12:02:11.100Z,0,14.192567788086308,-9.20732968052107,-5.092294676956044,17.667353093833388,-0.06344679177550105,0.005133588566019753,-0.0217226576095797,0.0023435452895418313
2026-05-03T12:03:11.100Z,0,16.179209282199736,-7.801300545906997,-5.520807462744415,18.79112605049206,-0.055354251905059826,0.01222648915233382,-0.031529917243311445,0.005380686187914939
2026-05-03T12:04:11.100Z,0,17.421349882170034,-7.188634606791311,-6.103333353394191,19.809860606516075,-0.045755111228729106,0.03570982577627557,0.0044087626323019435,0.0024925326361045354
2026-05-03T12:05:11.100Z,0,17.465377407461347,-5.902177093048522,-5.796429935799097,19.32546771551457,-0.0528189111110855,0.013956438105311442,-0.0661139213740114,0.0033615553685980115
2026-05-03T12:06:11.100Z,0,18.27858701108198,-5.859195010543772,-6.552742194344319,20.28238988775278,0.005951960484029684,-0.00032235688846027344,-0.06980619638152774,0.003433459307452514
2026-05-03T12:07:11.100Z,0,15.935194070152647,-1.9262132118456066,-7.712268589330051,17.807857652870084,-0.007687398533295919,-0.012449777432789466,-0.07525814318576352,0.0011498354345650507
2026-05-03T12:08:11.100Z,0,18.765257281302183,-2.3134013472372317,-7.90797895842843,20.494458710437083,-0.02645931242373223,0.049603984048129934,-0.035275852964922194,0.004407483905063458
2026-05-03T12:09:11.100Z,0,21.430533855891554,-3.278909337495861,-6.940202392343053,22.763686806813958,0.006687945391270489,-0.011006315138728517,-0.07585042323299263,0.0004230787255983413
2026-05-03T12:10:11.100Z,0,23.968660816535703,-3.161401629768079,-6.556838577125745,25.04961663837031,0.024543318200009878,0.000888875134386069,-0.004336794237502772,0.004284905004567365
2026-05-03T12:11:11.100Z,0,25.72649140165595,-2.257495602407289,-6.086083498303196,26.532792136951667,-0.026225948483116213,0.011249990926498477,-0.009355068256056143,0.0006293753638586993
2026-05-03T12:12:11.100Z,0,25.200262123689754,-1.546297480672365,-7.469018417396001,26.32927046313298,0.051611403673490486,0.06777967909177285,0.07571596651345658,0.003604836533160467
2026-05-03T12:13:11.100Z,0,27.117949849525758,-0.48712459329181,-4.828295086554135,27.548737318679898,0.03412563678839575,-0.013708793439981548,0.030880773291386276,0.002810460146739835
2026-05-03T12:14:11.100Z,0,26.542466354385397,0.3568827223716653,-6.207112774063717,27.26092688154886,0.07971545108720335,-0.061690495407829005,0.012824362690899704,0.0008825921658152268
2026-05-03T12:15:12.100Z,0,29.07569730268733,-2.078310991237231,-4.780869769092533,29.539334216647806,0.03250163618151447,0.02281938999293409,0.005522760824661077,0.007671436672230712
2026-05-03T12:16:11.100Z,0,29.92200052995031,-1.1807588780357037,-4.559469360174262,30.290412147885586,0.012184275029802905,0.01803779837872277,-0.0360469835669619,0.0014347989387450582
2026-05-03T12:17:11.100Z,0,31.371577415484353,-1.38561039761953,-3.7063731006128364,31.62013578830214,0.03132402444272486,0.0476052273574723,-0.0012298321552250968,0.0023953247539823287
2026-05-03T12:18:11.100Z,0,32.226285577053204,-0.31041359306982486,-2.7853820010932395,32.347924069166545,0.012696428272285232,0.016646640479400787,0.02862936472824984,0.0017296422426764898
2026-05-03T12:19:11.100Z,0,33.43175445456836,0.6044961144198169,-0.6237813522602664,33.44303701278231,0.008477330546874384,0.020147652815438732,0.030509867042116667,0.0015998158316149183
2026-05-03T12:20:11.100Z,0,32.282364722959755,2.102388003095257,-6.56201112724375,33.009560697710384,-0.00602758913448298,-0.002097255338728843,-0.037768378557734295,0.0003577729402697164
2026-05-03T12:21:11.100Z,0,33.73155835993202,0.347191734590524,0.09256244720745599,33.733472090739504,0.0008456882332197324,-0.010449543167645459,0.02114144883358371,0.0010689969805350876
2026-05-03T12:22:11.100Z,0,35.075939426690184,0.14880697949593014,-0.4456968144950224,35.079086587772444,-0.04147124715814243,0.009746678873323589,0.14148506095557067,0.0034678839176768453
2026-05-03T12:23:11.100Z,0,35.64364224442329,-1.333834981551263,1.438939599211153,35.69760349626602,-0.005238397177365073,-0.022856379212399247,0.02785122022874731,0.004311475505684152
2026-05-03T12:24:11.100Z,0,35.43759371785882,-0.4681381884665825,2.548873974774324,35.53222425369413,-0.03906349692162081,-0.014578700913148168,-0.06681656239466288,0.0013716628769648443
2026-05-03T12:25:11.100Z,0,35.46981901797608,0.12413392732923967,4.1054619796341285,35.706838119135014,-0.025498132454337963,-0.02199302598748787,0.05400100341851344,0.0005255835086859496
2026-05-03T12:26:11.100Z,0,34.99736955109256,0.5005819124335176,6.969254905015987,35.688050824861335,0.03047458335547759,0.012300861237601879,-0.006950938151173425,0.0017885546578868998
2026-05-03T12:27:11.100Z,0,34.83665658154678,0.3261352367189829,6.344319411255128,35.411147888275025,-0.013981727416734202,-0.019246961760366332,0.017773281654864803,0.000789445054867659
2026-05-03T12:28:13.100Z,0,34.25093658688638,-0.12304949805042042,8.362686794498586,35.257287596761664,-0.07527913666205421,0.04963345866837443,0.16596747606856255,0.006178684618628104
2026-05-03T12:29:11.100Z,0,32.942955354428705,0.4624959528598538,10.931749980045424,34.712467034431846,-0.04783097040839124,-0.019402224137099466,0.11514260553102673,0.000703403218720235
2026-05-03T12:30:13.100Z,0,31.674453977757366,-0.05988289694869309,12.232230538756994,33.95441185919314,-0.007742158743440086,0.04116298895073811,0.08679923680388058,0.006055083320064847
2026-05-03T12:31:11.100Z,0,33.86166407244673,-0.8653996432030908,13.94807943052001,36.632091533214165,-0.016436602852110127,-0.013220676868819226,-0.0626740234106471,0.003156364446221795
2026-05-03T12:32:11.100Z,0,31.05836258328054,0.2059266025753459,11.052897142690199,32.967117365142165,-0.03248755104134915,-0.004937398009996485,0.03493714948055171,0.00012810964875155427
2026-05-03T12:33:11.100Z,0,30.09608473666958,0.25289065501965524,11.04561374631885,32.06000394873743,-0.011879804300285457,-0.0380101898573848,-0.009766810593170305,0.0009172520721585535
2026-05-03T12:34:11.100Z,0,28.245699768376653,0.6334288013931655,10.980531467794208,30.311596110513978,0.024445872472078634,-0.0496687639790494,-0.03761247279232549,0.0023291330369136364
2026-05-03T12:35:11.100Z,0,27.190682343643857,-0.09861200260274927,10.6296963758723,29.194749111496677,-0.004668729209456046,-0.02280494131179367,-0.06640507426247666,0.006159267857155798
2026-05-03T12:36:11.100Z,0,26.17050069693505,-0.6543377858179156,9.109238647397433,27.718251990366674,-0.023769810295171112,-0.026467919836736797,0.04397427635716156,0.0025178760386907113
2026-05-03T12:37:11.100Z,0,25.61559854893858,-1.1992167851531121,8.096610717075237,26.891487780002706,6.373260097447542e-05,-0.05308209992183066,-0.023016513342355438,0.0033204540993841463
2026-05-03T12:38:11.100Z,0,24.72603639216686,-0.573996874209115,10.772145641567477,26.976757955720014,0.019654053386553016,-0.029602698016883977,-0.03428985022235764,7.811202645712474e-05
2026-05-03T12:39:11.100Z,0,21.80118140313425,1.2330477311479626,13.279005334425165,25.556680143386146,0.00619098526266626,-0.0059465280397574816,-0.0603062774944263,0.0015241449685457942
2026-05-03T12:40:12.100Z,0,19.69046297199384,1.3207676820456982,13.112306824041298,23.693698520264768,-0.020591682336590367,0.016112452768446417,-0.01904988833612009,0.004490459514023396
2026-05-03T12:41:11.100Z,0,18.278814804034482,1.9880819022546348,11.418775578476925,21.643843836109234,-0.011376034128485202,0.035279008372857135,0.042000615582793444,0.002410379976562294
2026-05-03T12:42:11.100Z,0,17.73364292057522,0.4365154286460893,10.523879889660748,20.625825677676996,0.005969633805946728,-0.02799701338762617,-0.00949556089135939,0.0018830829237765653
2026-05-03T12:43:11.100Z,0,18.01376177900238,-0.6404520131582103,8.715289652627689,20.021540049182146,-0.048549688983046124,-0.017732067467690626,0.07355760716265536,0.003602613989843458
2026-05-03T12:44:11.100Z,0,16.15730277990224,-0.7056852468849684,8.529979269724208,18.284336770335216,-0.04118789952456403,-0.0260700579852724,-0.019633017146247767,0.003878236881783733
2026-05-03T12:45:11.100Z,0,15.536077702563489,-1.6356681389879668,6.928460386006918,17.089431937939246,-0.0002136446090039712,0.01381850184412059,-0.0012368673871776537,8.833828162580387e-05
2026-05-03T12:46:11.100Z,0,14.625715838519682,-1.246472606453608,7.004463209455025,16.264309471981086,-0.053420883451615886,0.002975528759163737,0.0009110758822927778,0.00014834471876384249
2026-05-03T12:47:11.100Z,0,13.69645447266521,-1.5868308014432841,5.473041510640542,14.83459067488532,-0.014380798299573616,-0.02565080526917285,-0.00711642551820546,0.002236631846773666
2026-05-03T12:48:11.100Z,0,12.95103001575626,-2.0132658460170205,4.326338190224988,13.802159974871955,0.06487028617441215,-0.057456976447545216,0.04473183245412571,0.005382367363922907
2026-05-03T12:49:11.100Z,0,12.116245567995065,-2.2203071839612676,2.685523204263518,12.607347283855866,0.07848729772530483,-0.0756910176185066,0.03986225936003507,0.0024955708154444835
2026-05-03T12:50:11.100Z,1,8.448414484519162,-0.5051572866250353,-1.5168667200669006,8.598358903471642,-0.05890980519929201,0.017684123144401376,0.0028622920202892033,0.0033544050081859003
2026-05-03T12:51:11.100Z,1,13.651284827574273,-4.888689849394723,-1.891241375460595,14.623052343043453,0.129493858403551,-0.1157940201386154,-0.031200588118451833,0.003436708939208872
2026-05-03T12:52:13.100Z,1,11.222036917388323,-4.6621797032457835,-1.4083437113185937,12.233293267546314,-0.09218293739499117,0.008402828133635687,0.01275593198357683,0.0014331261553342126
2026-05-03T12:53:11.100Z,1,12.529749422355962,-7.12728609187252,-1.5780092662680545,14.50113584747267,-0.0017151345796939665,-0.005185521035684648,0.009025174568577654,0.00443410771899011
2026-05-03T12:54:11.100Z,1,11.50421369675314,-7.840881216907292,-2.8550909860314277,14.211892751380093,0.022600874669542748,-0.0397356173278407,0.0036547197774794427,0.0004039912489619221
2026-05-03T12:55:11.100Z,1,11.038248127988481,-8.4383402045205,-4.4395925210665155,14.586243138497933,0.04500016624975345,-0.08547309999118458,0.02735315568624941,0.004242245061740485
2026-05-03T12:56:11.100Z,1,11.559902811313805,-9.681470262876246,-6.358049190566817,16.364199001712404,-0.02156736067115972,-0.02232593020057294,0.030606362854790348,0.0006031379771909844
2026-05-03T12:57:11.100Z,1,11.917935525161738,-10.6912593441848,-8.155837016147416,17.968246741974895,-0.04943612601326919,-0.025214188741795596,-0.009502868323352232,0.0036381337470043117
2026-05-03T12:58:11.100Z,1,10.934418554825243,-11.555380294339557,-10.321042043415218,18.963444616969305,-0.013855047067856674,-0.03489285958191424,-0.036519006829216494,0.002867654093173515
2026-05-03T12:59:12.100Z,1,11.76748863508692,-12.732157300888503,-8.223323043239361,19.18865967661472,-0.004479436348070465,0.002870041885039143,-0.017990080150021015,0.0007584355004052031
2026-05-03T13:00:11.100Z,0,11.769163215376466,-14.401282418020855,-7.177662138019514,19.935620678607577,0.00507816536732264,-0.07143312824897663,0.026964190009692857,0.007677888904742092
2026-05-03T13:01:11.100Z,0,11.099508190000051,-16.031638140702853,-7.536294847341196,20.904742130922784,0.03171587810513188,-0.036253259750207434,0.021323893458102816,0.0014656434969846724
2026-05-03T13:02:11.100Z,0,10.823127755429596,-16.445412911252788,-8.279938655505248,21.357646976455072,0.009475135952285996,0.002456969718345192,0.004030766129758945,0.0024026910723857343
2026-05-03T13:03:11.100Z,0,10.726530611009366,-17.186253271120222,-8.26534039060789,21.880164812464866,-0.012612029794745183,-0.011133112887584673,-0.03492331171806029,0.0017428829502060819
2026-05-03T13:04:11.100Z,0,10.414481178031565,-18.574881982658553,-9.752591505275632,23.422226622292797,-0.0027270651017374803,-0.05442965093616081,0.1280159298762129,0.0015894139870339297
2026-05-03T13:05:13.100Z,0,11.249255126131175,-19.49096794351135,-9.073288365470944,24.26454479339693,0.04800626580525602,-0.0013754732242077239,0.02152424225965177,7.681327669181911e-05
2026-05-03T13:06:12.100Z,0,11.444744876598634,-19.55463636568311,-7.861658486945089,23.982736767305827,-0.00706909092151875,0.07175872972098318,-0.053874938363840386,0.001061141844435386
2026-05-03T13:07:11.100Z,0,11.230102888703186,-20.233566739079833,-7.796264013450127,24.41913525174622,0.02128652763033756,-0.03682524181458646,0.03531013230029245,0.0035257620982899716
2026-05-03T13:08:11.100Z,0,9.59170135547538,-21.913259873372226,-6.9085357172298245,24.898183847959952,-0.014196064138438658,-0.007444980922421962,0.017332945801307176,0.004342055480260543
2026-05-03T13:09:11.100Z,0,9.410787654928754,-23.359468808394013,-7.113454584214196,26.169236584550383,-0.006243631029079211,-0.02324475669457371,0.059497429138133384,0.001412010436898326
2026-05-03T13:10:11.100Z,0,9.643115269170721,-23.91789920966403,-7.680210171201907,26.90801373145171,-0.0051178411428765,-0.023175078388781856,0.029664222738867707,0.0004789542814772171
2026-05-03T13:11:11.100Z,0,9.787093076070619,-24.743079870404472,-7.3815848354570335,27.613311772330636,0.04394145660757687,-0.02041353920745337,0.03346915890434232,0.0018051906689454883
2026-05-03T13:12:11.100Z,0,9.938455751694164,-25.041264762307947,-6.103417026679381,27.624075423911446,0.018588129270469267,0.013951973047987565,-0.03130302048928724,0.0007407674644023336
2026-05-03T13:13:11.100Z,0,10.973292199878415,-24.085633913500715,-4.938168258377118,26.924271735130212,0.012804688801715258,0.022292090609887794,0.09911593419154041,0.0061520205828846245
2026-05-03T13:14:11.100Z,0,8.650754931522897,-24.173042371614883,-4.258475665665173,26.0251062126597,-0.0068117076663654075,0.010981389769959549,0.019330719220889137,0.0007579366152324392
2026-05-03T13:15:13.100Z,0,8.181133949619834,-25.01642350261335,-2.716437629715074,26.459996805741678,0.002659765721446661,-0.01228990624646542,-0.01662245733902168,0.0060208380090380886
2026-05-03T13:16:11.100Z,0,7.4062360442894715,-24.467404518816238,-3.649788737675408,25.822996999976283,-0.010857663461649736,0.011951672850507578,-0.00970335139260925,0.0031996757500394493
2026-05-03T13:17:12.100Z,0,7.243283574553061,-24.44200450702283,-3.0325842562888283,25.672423113804534,-0.0075572995879014115,0.007659478832522382,0.00042541555433928124,1.2644384127080956e-05
2026-05-03T13:18:11.100Z,0,7.902010755515221,-24.504931374622174,-2.896455506743223,25.909899462517476,-0.036343085062284786,-0.026207298423841507,0.049655498677747545,0.0009378968669741354
2026-05-03T13:19:11.100Z,0,7.915726448572968,-24.210397674323758,-2.075761794912978,25.556033882172702,-0.06862359938875073,0.014052707265399533,0.0653339025422639,0.0024082702255507145
2026-05-03T13:20:11.100Z,0,9.624726048059529,-21.770208491034282,-5.137268491125724,24.35095186626613,0.029635805133487736,-0.022043044322295202,-0.061633462233867675,0.006105334909472573
2026-05-03T13:21:11.100Z,0,5.96826861738009,-22.004515869184615,0.9414046489837347,22.818965612830258,-0.03851439557500669,0.007318650527388115,0.05207152632635825,0.0024924155381880484
2026-05-03T13:22:13.100Z,0,4.471596862458682,-20.90122091840385,-1.2076523244104465,21.408284343144526,-0.010116971179030543,0.03932800752615151,0.03539966769583458,0.0036759843081599682
2026-05-03T13:23:11.100Z,0,4.495630459587119,-20.172640849068557,-2.0776636338268872,20.771683086115186,0.031080305817887677,0.05229613289081669,-0.021566744448975328,7.26811434123501e-05
2026-05-03T13:24:11.100Z,0,4.737822310744377,-19.883309125816595,-1.847969103437208,20.523350892294054,0.002443960005038548,0.02490278659461609,0.019138249564676357,0.0014705127865699478
2026-05-03T13:25:11.100Z,0,4.6457329190161545,-19.528528896898933,-2.037391946032585,20.176650890908668,-0.0008059676224192458,0.014845424209930513,0.001096770093411692,0.004724594300634791
2026-05-03T13:26:11.100Z,0,4.980934935701953,-18.81405632093447,-2.7838232217618497,19.660317896997775,0.0009152236484233356,-0.004399187301551422,0.005392026229067426,0.002383504858587579
2026-05-03T13:27:11.100Z,0,5.020805788262805,-16.596143210790615,-2.5526415529384394,17.52587912586164,0.044769184427639885,-0.016346098797193065,-0.031169083425375277,0.0019388279369381585
2026-05-03T13:28:11.100Z,0,14.17222717373079,-12.712748467947677,-7.8984516080709,20.6119269957512,0.32144265862577015,0.14207124497467305,-0.3490979389448867,0.0035938067132219925
2026-05-03T13:29:11.100Z,0,0.5395577336457791,-6.174669070787786,-4.154906398980529,7.461964075628455,-0.06582441885405466,0.1219376550349871,0.03215654463861739,0.0038118867040632357
2026-05-03T13:30:11.100Z,0,6.235803015442798,-15.294614255708439,-4.947951815665874,17.242177694493133,0.004302781935416888,0.09912576553006147,0.013438256178055497,0.00011989208526211908
2026-05-03T13:31:11.100Z,0,8.174614828931226,-15.50520184537163,-6.537246528750984,18.7075173137636,0.04450730254967894,0.0032538454597386135,-0.03200040004980309,0.00018383518622834503
2026-05-03T13:32:11.100Z,0,9.868128076959692,-15.931339154121815,-7.952717469152049,20.357633313602324,0.0017158660245986113,0.03066331011858381,-0.029049036027295472,0.00215992722721553
2026-05-03T13:33:11.100Z,0,11.24891354538704,-15.496083273319528,-7.762801135186237,20.662229652912437,0.09350273618352611,-0.02437009077960184,-0.038502041206811555,0.005376979398035219
2026-05-03T13:34:11.100Z,0,13.048355666796851,-14.700341071147704,-8.280904354705854,21.329158214685545,0.08225372056561153,-0.012311296807343552,-0.050151160827738295,0.0025755331187357357
2026-05-03T13:35:11.100Z,0,11.158394721860532,-12.451562232854485,-8.091319438221944,18.574730820629444,-0.012053554909075004,0.040874780348643114,-0.018892011919291463,0.003304281387815273
2026-05-03T13:36:12.100Z,0,10.929382471658755,-11.369595084943285,-8.946908249271246,18.131912773567105,-0.008010231129285117,0.009120646406790556,-0.0663155450375541,0.0032685959148128383
2026-05-03T13:37:11.100Z,0,12.199504485579382,-12.703380090897554,-10.092977967843808,20.299556145070373,0.05720138954079523,-0.035030542500646966,-0.01472190702855869,0.001226696349201347
2026-05-03T13:38:11.100Z,0,13.255409842713561,-13.321287321559794,-10.908075133329476,21.72898269860368,0.082338014600003,-0.011220165586856012,0.00038098652854756665,0.004431518903008487
2026-05-03T13:39:12.100Z,0,15.149720481531403,-12.26562287138222,-10.838923247547427,22.30340315417651,0.11627089868038176,0.0004248189406363956,0.006098475381577373,0.0001943706704842781
2026-05-03T13:40:11.100Z,0,15.230777481519908,-11.012574916094309,-11.08125192490661,21.818513542343116,-0.017950335835514863,0.005206744789931772,-0.049819680868701255,0.004227570729340558
2026-05-03T13:41:11.100Z,0,17.21616923896363,-11.267226856944035,-10.711165441762205,23.19646415795475,0.07717895163095179,-0.029963303717184253,-0.004507822782606752,0.0006379257794628738
2026-05-03T13:42:11.100Z,0,16.09222405568289,-8.979823952358856,-12.558051797441294,22.300259599853888,-0.023898577952152777,-0.023097155518070345,-0.004686160307798559,0.0036606544410108396
2026-05-03T13:43:11.100Z,0,18.547088840023207,-10.36342548650282,-13.5101865012075,25.177772569300465,0.04539541152581705,-0.027618152095509885,-0.0077998066423390355,0.0028473612090476564
2026-05-03T13:44:11.100Z,0,19.137285958095163,-11.031899824047287,-12.988781463718624,25.625123833495152,-0.01671275480807921,0.0298786677572771,-0.02346829831534336,0.0008893736507793549
2026-05-03T13:45:11.100Z,0,21.795786948132445,-13.202867305153632,-13.008144925606757,28.61090470732207,0.012030117664707518,-0.005123641372284382,0.0033880207226388848,0.007677707968410771
2026-05-03T13:46:11.100Z,0,23.326761580392485,-12.857586184509273,-12.749949815315631,29.529926322522815,0.04874231478790847,-0.0012405093325895677,-0.02582638021664252,0.001431923741642991
2026-05-03T13:47:12.100Z,0,22.932043300443183,-11.1292695537486,-13.831351980115869,29.00078530542323,0.04924240485326692,0.006108530159476544,-0.0287104637424207,0.0026063316195460797
2026-05-03T13:48:11.100Z,0,24.220198888542654,-9.963701451852103,-12.982078684217413,29.23059609014867,0.06026564680361446,0.001972054266996537,0.0209973099272176,0.001701058797394654
2026-05-03T13:49:11.100Z,0,26.83686231557658,-11.683850884310232,-10.308180046195048,31.032049985406783,0.04162343779423594,-0.015997409191115253,-0.010219481612061543,0.001560760889808084
2026-05-03T13:50:11.100Z,1,26.897442357039836,-14.612160496199067,-11.382524727196142,32.658069582910024,0.0199275734900084,0.06897420871032622,0.04154638374753716,0.0003459621739926495
2026-05-03T13:51:11.100Z,1,27.95744028617264,-13.817753076637018,-12.32245414485078,33.5319495942865,-0.024634052954830565,0.008130452733734472,-0.013446720151577551,0.001122159407397823
2026-05-03T13:52:13.100Z,1,29.315000049109585,-14.655795236649283,-11.989509086561156,34.89856573033653,-7.960139658536036e-05,-0.011767368524040478,0.039100324166874145,0.0030826954292558057
2026-05-03T13:53:11.100Z,1,30.354405108255378,-15.727076136954565,-9.891330838399881,35.588892354895314,0.004755079647367211,-0.0019203177155091566,0.027596780273420052,0.0043071942577082726
2026-05-03T13:54:13.100Z,1,31.725759402206677,-15.020870883290627,-8.99747231414949,36.236789037980174,-0.020606420295443684,0.01836084024464668,-0.045201511655879045,0.0020045177416620685
2026-05-03T13:55:11.100Z,1,32.35823440775221,-14.704179070577084,-7.415013539684878,36.3077215192629,0.0054377070082267664,-0.00276497954931898,-0.01712304836409828,0.0005040661630028975
2026-05-03T13:56:11.100Z,1,32.66636531361655,-14.732588192146068,-6.499555473965302,36.41956615613597,0.03638024241858773,-0.0820498513984802,0.12509453206721588,0.0018104952885342183
2026-05-03T13:57:11.100Z,1,32.72431934811948,-15.348558656341993,-6.62718239982496,36.7475016318855,-0.012231974416465619,-0.01062967862353048,0.03778560440936829,0.0007675022263420611
2026-05-03T13:58:11.100Z,1,33.68128072960985,-16.92365640906246,-5.159597702913743,38.0455025764505,0.010591374827839672,0.015982363333222338,0.005796910402811051,0.006109968574507992
2026-05-03T13:59:11.100Z,1,33.68207487653763,-18.17830515778951,-3.27399657908245,38.41421611849248,-0.015816328722273454,-0.010640319630716988,0.0550355447304085,0.0007382189141399907
2026-05-03T14:00:11.100Z,0,33.26103619110654,-17.486322358081452,-3.411515463994874,37.732034610896804,-0.006366004135394121,0.009326992003622081,0.002136698344201715,0.0057236233557109075
2026-05-03T14:01:11.100Z,0,33.0090900150708,-17.065633501033517,-1.7410982964065624,37.20036684889537,0.011831595701394804,-5.513359724318434e-05,0.016712121818279746,0.003190738060902104
2026-05-03T14:02:13.100Z,0,32.798116840695,-15.735518239239354,0.7613370471517555,36.38547287933305,-0.03327986380607939,0.021476620950977576,0.019418100720369758,2.378069593292623e-05
2026-05-03T14:03:11.100Z,0,31.82880428698809,-14.043204601421166,4.101307141354482,35.03005992122328,0.01749741876722055,-0.011555866481494093,-0.21035779738864946,0.0009190640394624146
2026-05-03T14:04:11.100Z,0,31.055663805318545,-14.35431995878389,2.4940447365224827,34.30336740053212,0.041546149149418454,-0.06793279853312129,0.03192450970623817,0.002352571369741062
2026-05-03T14:05:11.100Z,0,31.411832070716628,-15.98187342960955,3.353564096869377,35.402964063913814,0.015345543078026935,0.01829398334685095,-0.017550864532811516,0.00614336553006539
2026-05-03T14:06:11.100Z,0,31.419584906871023,-16.18693667091975,5.709530529202311,35.80231798881655,-0.05691584641098757,0.027525042090026375,0.07441465754887133,0.002508064158521041
2026-05-03T14:07:11.100Z,0,29.953376566027146,-16.19011214143029,4.507736971390841,34.34594869066156,-0.005754941812430303,-0.024796381774550014,0.02647490352236659,0.0033187344780928156
2026-05-03T14:08:12.100Z,0,28.78667495224363,-15.50798624316485,5.189829331357032,33.10747076738021,-0.03133546131373066,-0.0008730963658720725,0.03692989535819535,0.000260916468752224
2026-05-03T14:09:11.100Z,0,27.84186511826192,-14.588734913104418,6.692885636766732,32.13713362724125,-0.01473708833321652,0.01431553124842111,0.04063201519644011,0.0015060886754773568
2026-05-03T14:10:11.100Z,0,26.100567127286922,-12.92786211706698,6.9800928695258335,29.951476086348592,-0.008822742129321881,-0.00728096295254943,0.0021560618828075917,0.00478241234030266
2026-05-03T14:11:11.100Z,0,23.9690074590726,-11.035121929580782,9.934278011314746,28.195338518625455,-0.027503125242578363,0.05583041815704348,0.06793417991346473,0.002358607092361018
2026-05-03T14:12:11.100Z,0,24.04941278473416,-12.874041718077933,8.429025891018682,28.55107148463625,-0.022630574783910617,-0.028296653933779226,-0.050859888668597364,0.0019039394459387782
2026-05-03T14:13:11.100Z,0,23.31622275733025,-10.930887970516778,8.739103483094368,27.19379497572315,-0.019381347616587163,0.0352190648644779,0.013015395994742107,0.0035648443737680622
2026-05-03T14:14:11.100Z,0,21.58519071781484,-11.081760138949903,10.852970888663549,26.580309313697562,-0.013196126308123723,-0.01485387195643284,-0.037443471538445294,0.0038163306017527827
2026-05-03T14:15:11.100Z,0,20.381047958380805,-11.588268765081011,9.11957548760256,25.156346036888028,-0.033042077092648725,0.044358921278409014,0.015850591370103473,0.00010675418366473432
2026-05-03T14:16:11.100Z,0,18.96978628974466,-10.738921156189463,8.287886850666837,23.320940974302353,-0.009006924193366572,-0.021436105797967286,-0.03620696571093873,0.00016264408586962254
2026-05-03T14:17:11.100Z,0,16.51315042818169,-9.062156138497812,7.193917853328458,20.16331483220724,-0.009253407918130563,-0.003052076200660281,-0.019450173306623242,0.002185516062331307
2026-05-03T14:18:11.100Z,0,16.81930795257358,-10.860785797376593,4.946034595832316,20.623022241251938,0.03278041892706973,-0.08447503306374671,-0.08458609303119147,0.005384377615014679
2026-05-03T14:19:13.100Z,0,16.590367660683114,-12.489185140111658,2.7085331093985587,20.941733361527984,0.006357252269606484,-0.06092581615169124,-0.060120908305094645,0.002565466724828505
2026-05-03T14:20:11.100Z,0,14.670429341549607,-11.008007606505998,3.1044475317685283,18.602024701838165,-0.0002580874753632667,-0.011764683936821285,-0.05480311312400232,0.003318798519142802
2026-05-03T14:21:11.100Z,0,13.433033696401253,-9.999787199376442,2.77085927882581,16.974092007071235,-0.019595538585354122,0.008512216715494958,-0.00762336769266625,0.003441519579586546
2026-05-03T14:22:13.100Z,0,11.21426892314048,-6.970068736336543,1.5770510308357188,13.297698132520171,-0.0012252551558344926,-0.020587532571614275,-0.03611456922225642,0.0014643516232487519
2026-05-03T14:23:11.100Z,0,10.502733390239882,-8.71306548560824,0.42725161188172933,13.653111834406575,-0.007166217461884727,-0.005593260744785056,-0.009533857332932882,0.0044376554864483395
2026-05-03T14:24:11.100Z,0,9.578743942711299,-8.06959212604852,-1.0090945699516851,12.565385965099466,-0.01595139068211182,0.011471571899290822,-0.0036019986735524867,0.0003781577798743028
2026-05-03T14:25:11.100Z,0,8.985765680790792,-8.179622048373858,-3.6874330142779854,12.698321304767356,0.011159413315864342,0.015330774372879219,-0.009060302865293579,0.004217653511195891
2026-05-03T14:26:11.100Z,0,7.844567694064608,-9.703065902613162,-4.946859303686324,13.422300368702983,-0.06960746477502333,0.015029564279289698,-0.026277778259142792,0.0006174815197439984
2026-05-03T14:27:11.100Z,0,8.90361393612693,-12.340014647634234,-6.1390571496531265,16.408483333755388,0.00578366605918923,-0.01821092385687756,-0.015360531832264712,0.0036716486300968436
2026-05-03T14:28:11.100Z,0,8.624132326986,-13.827761563334207,-7.208564145685159,17.819821696309013,-0.023253060152939042,-0.020414491045228633,-0.035020232878935076,0.0028841778857215577
2026-05-03T14:29:11.100Z,0,7.864571011396038,-13.85760388984636,-8.288737704788218,17.96073037211888,-0.0046672648377210635,0.016649956150027734,0.009627979574489132,0.000883497993895878
2026-05-03T14:30:11.100Z,0,7.712124484442029,-14.898800344781193,-8.990140387595602,19.033489957594746,0.00872688842701308,-0.027815430924782447,0.005089760690246692,0.0076430426517884046
2026-05-03T14:31:11.100Z,0,7.045714308787865,-15.476550045605109,-11.302171390525473,20.418245996558813,0.03523847162512084,-0.07759374312032996,0.012712211735710355,0.0014776818622861047
2026-05-03T14:32:11.100Z,0,6.055948919311049,-15.890080105236848,-12.770304781497543,21.266166727374436,-0.03187521206360344,0.007676790808819334,-0.005663339268657808,0.0024222175833023244
2026-05-03T14:33:11.100Z,0,6.868539255265205,-18.42403015052696,-12.862894289355609,23.496292643474263,0.05020749263584534,0.08330406972589799,-0.025733651884962683,0.0017692488820777177
2026-05-03T14:34:11.100Z,0,8.623437267033296,-19.936111749302654,-12.862442492860282,25.24390320178874,0.055412175034241784,0.06523751672427025,0.0022112301385490696,0.001595179742064989
2026-05-03T14:35:11.100Z,0,7.926352987851715,-23.412228557390335,-12.696470994342235,27.787765175013323,0.013429656590346895,-0.08381718040961772,0.04481153280000427,0.0003969226013770693
2026-05-03T14:36:11.100Z,0,7.8814108683218365,-24.965027052530786,-12.775069233612157,29.13025243509708,0.07534903375594482,-0.07500489427725299,0.04873594029408679,0.0010647749405767852
2026-05-03T14:37:11.100Z,0,7.92704275113465,-25.363981501868693,-12.959731830960664,29.565591716315584,-0.004154006022716317,-0.037742603298696054,0.05878166108974625,0.0035189155763053342
2026-05-03T14:38:11.100Z,0,8.071576834936423,-27.564600653022353,-12.589879010192817,31.360207512932313,0.017210417154078783,-0.04991763145945072,0.018742776608959844,0.0043580516111958465
2026-05-03T14:39:11.100Z,0,7.803398492796987,-28.73059502007891,-12.145107790274778,32.15344089646646,0.04528238036316523,-0.05615391154289995,0.07060583620877026,0.0013855719953380526
2026-05-03T14:40:11.100Z,0,7.579400224813071,-30.002024508121394,-13.851082280780247,33.903115825875915,-0.044219554455438015,0.03521294534003516,-0.029193387976356178,0.0004977659933118008
2026-05-03T14:41:11.100Z,0,9.126294463612794,-31.378848415442917,-11.815368185125408,34.74945041099194,0.03297303849203459,-0.03639670193678057,0.091875119300866,0.001800537447949276
2026-05-03T14:42:11.100Z,0,8.886457107678325,-32.92762740238686,-10.577644982731726,35.708323114614814,0.017422544178025134,-0.03634072870184468,0.06493418384811989,0.000759412301267266
2026-05-03T14:43:11.100Z,0,7.898308097082918,-34.70737210318475,-8.146884011694056,36.515156691507826,-0.010698623742477764,-0.04093347051714602,0.038630462155797574,0.006138969553145677
2026-05-03T14:44:11.100Z,0,7.531200373477986,-34.88886197555985,-8.467769313938334,36.68316761362378,-0.009239832685636884,-0.0190207747579052,0.042278090348624175,0.0007531760833901759
2026-05-03T14:45:11.100Z,0,7.86578789602288,-35.83908031600913,-4.787363672221545,37.00309646573756,-0.004238380613585946,-0.005372769700251467,0.1306388233095479,0.005713424574837789
2026-05-03T14:46:11.100Z,0,8.322183537416095,-36.66219307569918,-4.542172141555056,37.868277855136256,-0.008836105527265659,-0.04638230272657751,0.17109718830043974,0.00320052106643318
2026-05-03T14:47:13.100Z,0,8.496822055064968,-38.89510665248963,-5.850899489814765,40.24000908777104,-0.015963897916027037,0.005371753127647594,-0.014472903526741021,5.3127028941401855e-05
2026-05-03T14:48:11.100Z,0,9.734055812145925,-38.331749981352914,-4.882493730292481,39.84863415743715,0.052916775376665726,0.08050157228733923,0.03751047708189237,0.0009315535518830835
2026-05-03T14:49:11.100Z,0,9.268867819855586,-38.66677650779593,-2.1047208638265147,39.8178523539432,0.013843321901685357,-0.0033546799302897057,0.07428312652785207,0.0023912032982176686
2026-05-03T14:50:11.100Z,1,7.33163403015169,-38.89239051961724,-0.16515680090378737,39.57774847880278,0.016856368424633672,0.058569883488956975,0.056158403563322246,0.006127374409091892
2026-05-03T14:51:11.100Z,1,6.422050598757778,-39.18263783009479,1.85860072633659,39.748914927043224,0.013863732588603739,0.004853778479585458,0.0016471362611625295,0.002491626966463525
2026-05-03T14:52:11.100Z,1,6.233404546264865,-39.24626798902864,2.882807145397237,39.842633702374684,-0.011638842679406736,0.03038703816571342,0.09290426423502751,0.0033842827549946915
2026-05-03T14:53:11.100Z,1,6.8372273306067655,-39.84552468864422,4.071969642609474,40.63243103795397,0.039738673992761875,0.026044138648373405,0.042437215674206996,7.466200942692099e-05
2026-05-03T14:54:11.100Z,1,6.047531945114315,-38.03142561696404,6.580338344974734,39.067413912622776,-0.07933541359372853,0.0754735242667337,0.09072862750381105,0.0014823070767723606
2026-05-03T15:26:11.100Z,0,11.63366501702967,-13.346659553462814,2.0710265689558582,17.82595394400595,0.05173371192412901,-0.050684039898385436,0.041503515475049824,0.0018267730638351627
2026-05-03T15:27:11.100Z,0,13.573322558499967,-15.864077822698164,2.557939941652876,21.034426714004137,0.014940137476937565,0.030074666967472297,-0.039638477927539384,0.0007517455494003945
2026-05-03T15:28:11.100Z,0,14.62431034792644,-15.917523304324277,3.2008065909394645,21.851388151071234,0.029241922355982553,-0.0422855132100608,-0.03901154192131884,0.006127787877656714
2026-05-03T15:29:11.100Z,0,13.914690946762676,-14.746615342119185,2.537349209887907,20.43329217735759,0.07661590798369033,-0.0556143132204312,0.020674617532190354,0.0007306653551039098
2026-05-03T15:30:12.100Z,0,13.696440099607798,-14.441806935792556,1.1307526065138518,19.93581852921992,-0.036311609203476536,-0.0060796125485040875,-0.030060587160818386,0.005884437037854891
2026-05-03T15:31:11.100Z,0,14.397307457235442,-13.849111021045246,-0.09972431689675432,19.977244130029167,0.00867316136776708,-0.021825789981555488,-0.034694771891441434,0.003176613116532929
2026-05-03T15:32:12.100Z,0,13.323965062483012,-13.306793695846864,-2.397386901975551,18.982788715251026,0.011868504167455995,-0.08564155643053795,0.011539426432616295,4.9415228461205256e-05
2026-05-03T15:33:11.100Z,0,14.726157299207898,-15.807373317784368,0.1781505516191828,21.604733222788415,0.047751828580189226,-0.041413291787861795,0.05961918683272671,0.0009188844374793423
2026-05-03T15:34:11.100Z,0,15.795336447752106,-17.888358439677177,2.474954552781128,23.99190324260224,-0.014649762326790494,-0.03165011374939297,0.04332375761917362,0.0023562089114684795
2026-05-03T15:35:11.100Z,0,15.65256781611879,-18.019915814193155,3.698509504829417,24.15365847539705,-0.008757857161256766,0.008156085343102859,0.01143490104316136,0.006130942898943797
2026-05-03T15:36:11.100Z,0,15.374578431988084,-17.565920783681577,4.213005290694127,23.721059177855995,-0.0059971423689297865,0.005384391243090647,0.005575987220396428,0.0025059613382176797
2026-05-03T15:37:11.100Z,0,15.073974272013402,-17.38208859455881,3.1247119077306706,23.21907682852028,-0.008894678249937726,0.017978434152077227,0.04302038014440679,0.003353289793443316
2026-05-03T15:38:11.100Z,0,15.266804445104754,-16.580641167706744,4.05468626468064,22.900512225762807,0.020203183983547035,-0.030378039582501515,0.09438330953653873,4.543537407822375e-05
2026-05-03T15:39:11.100Z,0,14.82986995824831,-16.010724718512392,4.831538782127609,22.35200474216446,0.021020053815101747,-0.02846565604830431,0.06165328768414913,0.001523003177340597
2026-05-03T15:40:11.100Z,0,14.9134368259638,-17.896601680263302,6.64471697746194,24.225012143951286,-0.026785008591545534,0.02715740238290465,0.11392573418089746,0.004736833109119974
2026-05-03T15:41:11.100Z,0,14.469590895487272,-18.412777217463372,6.6337244024907704,24.339386290350625,-0.03731958364849852,0.027148024906331614,-0.13432759999032484,0.0024287363835845508
2026-05-03T15:42:11.100Z,0,14.16060810242925,-17.653920340762852,6.906218467520375,23.661774632298922,0.013562826613133794,-0.006363597125691456,-0.043759142514421256,0.0018687089184719744
2026-05-03T15:43:11.100Z,0,14.04202615435679,-16.932066944718827,6.92220634300611,23.060579571971605,-0.004044689837723325,0.013906077595216004,-0.00508737065185727,0.0035912865123450565
2026-05-03T15:44:12.100Z,0,13.93805493103173,-16.337263570221694,7.296361266526219,22.68066233501603,-0.012892720621993092,-0.00024413419996704988,-0.007997039546125961,0.004055581035244497
2026-05-03T15:45:11.100Z,0,13.587031102360925,-14.117592640104704,6.531698134494945,20.653738563481102,-0.04470482453022839,0.034172672865651066,0.0290913199667564,7.046876408106413e-05
2026-05-03T15:46:11.100Z,0,13.336387337631095,-13.946860292435304,6.363621276250342,20.319198187516694,0.01966325451863149,0.054023247986201284,0.019888307286386464,0.00017323629554839468
2026-05-03T15:47:11.100Z,0,11.198792566119664,-14.91982232346345,4.463209827918035,19.18161346369798,-0.037020483605765264,-0.0025135000489839854,-0.059002004586083956,0.002209119666891114
2026-05-03T15:48:11.100Z,0,11.857479895070355,-14.487971213384299,5.720591901081207,19.57616691389215,0.01991360366171424,0.019083482207804536,-0.03481769166491233,0.005364415698630187
2026-05-03T15:49:12.100Z,0,11.453794926183036,-13.617432648970862,7.696698363361065,19.38718793061229,-0.01825917488193496,0.006502751061177037,0.0052689641210079685,0.002553108985065303
2026-05-03T15:50:11.100Z,1,11.442096362770826,-13.866045313079667,5.738132503211091,18.87100809240777,-0.012594538981704206,0.005569336945399073,0.016021937647714424,0.0033168135492836247
2026-05-03T15:51:12.100Z,1,10.788992547759335,-13.260796900794958,4.3902765110033215,17.650088455381947,-0.00021997194486755856,-0.053018054156694916,0.02235189438959395,0.003237844439007002
2026-05-03T15:52:11.100Z,1,11.334790990076726,-12.810092449399235,3.669750271455996,17.494085354934423,0.022173201019215494,-0.0350355978753214,-0.025966420629686127,0.0012040043844421637
2026-05-03T15:53:11.100Z,1,10.119485626773894,-11.859103940878413,1.450235475658701,15.657123572543597,-0.017487544860861348,0.078108619885775,0.035655991379890395,0.004442420909609405
2026-05-03T15:54:11.100Z,1,8.280518122319336,-12.665932655181678,1.087431331143307,15.17153048639486,-0.044551091342270865,-0.043906427277029536,-0.03921375111559655,0.00038199689796759666
2026-05-03T15:55:11.100Z,1,10.197410082355418,-12.160118372776196,1.2018709617223067,15.91540590234143,-0.020502418883627804,-0.011989420289904018,-0.058073734446217884,0.004208958067233732
2026-05-03T15:56:12.100Z,1,9.015714271299657,-12.143711568569415,1.1719773078766593,15.169916456345458,-0.015237933304379503,-0.009589246540819829,-0.04612844142659611,0.00031729988114918015
2026-05-03T15:57:11.100Z,1,8.12110898505125,-10.814659151037631,0.8294845106320281,13.549808421287018,-0.006071976578647664,-0.01852222042142415,-0.02487228014924625,0.003662924433918797
2026-05-03T15:58:11.100Z,1,6.920553032614407,-9.442847377613361,0.1428511000085564,11.708194878413224,0.005940430249262718,-0.03604289071446054,-0.006827044938262361,0.0028851883491995073
2026-05-03T15:59:12.100Z,1,5.168472200239194,-8.043330495638656,-1.7036175554494548,9.711363607751062,-5.402685854249967e-06,-0.006276824376261203,-0.016669410278780106,0.0007702924444899424
2026-05-03T16:00:11.100Z,0,4.175199900373627,-6.125595879893808,-5.19900377923932,9.054549099121207,-0.02957434858985586,0.001177088351900224,0.015192830939980695,0.007645554461499502
2026-05-03T16:01:11.100Z,0,4.840971197381805,-4.597456705596414,-9.134665535214026,11.314315036003752,0.0035933877402527514,0.08434770028187266,-0.07442397623780295,0.0014807376763404235
2026-05-03T16:42:11.100Z,0,-9.022557313926427,-23.931383761009783,16.139382071742148,30.242310144191727,-0.006303900245807625,0.041095463164886326,-0.01829407290188101,0.0037373643376399546
2026-05-03T16:43:12.100Z,0,-8.61223176087833,-22.371905372892797,16.576152941070177,29.14518025750571,0.005834357274636659,0.05572892580429922,-0.04200634139372994,0.0026686196240989124
2026-05-03T16:44:11.100Z,0,-8.212214968239095,-21.99029956591403,14.706111610848893,27.699882100722984,0.04585514853339134,0.26274819346117084,0.025462917515817196,0.0008974964012101412
2026-05-03T16:55:11.100Z,1,5.01170905795334,-17.056247767868626,3.8108658363853465,18.18118571555288,0.007738411672120193,-0.03309071835344568,-0.04258592578931797,0.0004886624631420872
2026-05-03T16:56:11.100Z,1,0.8133799840379652,-10.050295863948122,10.74027444337844,14.73171846969709,0.012554456571445272,0.01685051896416212,-0.028447770842099374,0.0018067196184876285
2026-05-03T16:57:11.100Z,1,0.8970830430143906,-7.634162032445602,9.299369109157851,12.064968037755309,-0.023731409372951262,-0.01942619791206468,-0.05062343387951529,0.0007505808620035809
2026-05-03T16:58:11.100Z,1,2.265105121182387,-7.607331077451818,9.360138189094869,12.272504807533101,-0.0007781720545718684,0.017576789487883104,-0.05164419168668388,0.00614184586666087
2026-05-03T16:59:11.100Z,1,3.207059159194614,-5.5472201675002,8.78741944598005,10.875459556123747,-0.02372353279056494,-0.07767002648417787,-0.0026709103888578056,0.0007330086873931967
2026-05-03T17:00:11.100Z,0,3.336926293968645,-6.3136179978755536,8.71039891444525,11.263565091179897,0.05777933937500812,-0.002311453880743386,-0.05544590414263695,0.00571560006023379
2026-05-03T17:01:11.100Z,0,4.1505736196540965,-5.928763597694342,6.053723284821899,9.435309469154094,0.045473286582664585,0.06728395786748109,-0.20122363548491506,0.0031788304333600723
2026-05-03T17:02:11.100Z,0,4.694988313303838,-8.983557438114076,6.7947788529636455,12.203124155995313,-0.005437846611444641,-0.048030647501917656,0.019764303766933722,9.451275201703814e-05
2026-05-03T17:03:11.100Z,0,5.803985490501873,-8.85460933932336,5.946153624790895,12.142779626411846,0.04435537993879857,-0.017663006356194444,-0.06185584918849685,0.0009194581221789209
2026-05-03T17:04:11.100Z,0,4.973551093826245,-7.282334971478122,5.1462852388795,10.210429221125942,-0.015421022244943572,0.004126766242507074,-0.07510312072067649,0.002355956204324495
2026-05-03T17:05:11.100Z,0,6.051334877611225,-7.358646481861797,8.101017311673786,12.505791191685931,0.0024884507243139176,0.035214390854854116,-0.011278610698717273,0.006147989731203535
2026-05-03T17:06:11.100Z,0,6.716043426422402,-7.195059908099211,7.066205024784722,12.116326994556603,0.010812202421852518,0.03969006423876209,-0.06940594657267596,0.002488619497125683
2026-05-03T17:07:11.100Z,0,6.313398912197954,-6.281893360210233,3.6698783605970675,9.632714944146036,0.03998610899297317,-0.02402307019089278,0.021943065144469642,0.003349660319153983
2026-05-03T17:08:12.100Z,0,6.66398578641747,-7.70438937615836,3.317929711556644,10.713308536202353,-0.008829554473510637,0.018403283454482278,-0.029799222371007517,0.00024061627138657142
2026-05-03T17:09:11.100Z,0,7.533431679348723,-8.221735716460898,1.9993727955807117,11.329034497010413,-0.01273337889745596,-0.02642185387369267,0.02800504465971798,0.0014908354842427692
2026-05-03T17:10:11.100Z,0,8.370304020445474,-9.358325318316929,2.3498603568441467,12.77349152952336,0.009821077348703966,0.02690723357634539,0.028871968430488337,0.004738287194350766
2026-05-03T17:11:11.100Z,0,8.65845502562479,-8.970811133394818,2.9005502628933755,12.800683093076652,0.04641295877438889,0.018722727830322583,0.01854026775705009,0.002396609762337713
2026-05-03T17:12:11.100Z,0,8.497757110262683,-8.540686022342925,-0.4436661292857025,12.056203103445924,-0.0652969179845142,-0.025787403076904525,-0.05975199845742463,0.001904394649948535
2026-05-03T17:13:11.100Z,0,8.938742552231815,-7.891773347182607,1.6496647367603146,12.037549531449164,-0.04803729500713061,-0.00028779800764766605,-0.03167579414481425,0.003611570381866209
2026-05-03T17:14:11.100Z,0,9.33910475077937,-7.470313741350765,0.4266289261067868,11.966890873607685,-0.07223006892442818,0.015395066981227501,0.029587758795662777,0.0038774565690855487
2026-05-03T17:15:11.100Z,0,9.082938665869733,-8.526474677069018,-0.9964589562514448,12.497738822608847,-0.004506791252634201,-0.0187520254693041,0.07178666025597913,9.35550486374479e-05
2026-05-03T17:16:11.100Z,0,9.048197807828728,-10.081520979611014,-2.2172333337948658,13.726728397124521,-0.011517509734604303,-0.016302694072933832,-0.002437491142925907,0.00015245863936240464
2026-05-03T17:17:11.100Z,0,8.394937447974371,-8.785996492406412,-1.2159342122686212,12.212583884196887,-0.012101507042894255,-0.019198703029132957,0.029985601294191255,0.0022558534561401495
2026-05-03T17:18:11.100Z,0,8.206425105413473,-8.771703711772716,-1.135581254857243,12.065560235822906,0.006869037367573938,-0.010643521121345145,-0.03245576346921908,0.005355877194671293
2026-05-03T17:19:11.100Z,0,8.296266480954273,-8.206131107272086,-1.2064368047504104,11.731330488763854,0.01429176372580443,0.00819957352415912,0.00023862724463086238,0.002473269249606128
2026-05-03T17:20:12.100Z,0,8.170078119121627,-8.143255227878399,-1.5798041076777736,11.642961959808785,-0.00021626161417209744,-0.005004659167973102,-0.0433243909796488,0.0035204492521553137
2026-05-03T17:21:11.100Z,0,8.954800225183135,-6.354308427034994,-1.7385868313795072,11.117030486108874,0.006901377022083821,0.07516715478494973,0.0624084274405412,0.0034394793504559946
2026-05-03T17:22:11.100Z,0,8.670494405862428,-7.779200709137513,-5.486687717166205,12.876225340558456,0.04644450361324104,-0.005028635019499461,-0.01622676034918058,0.0011333024770249524
2026-05-03T17:23:11.100Z,0,7.619913456814231,-8.976897930097039,-6.853111762211483,13.623983204704874,-0.0026814469280544984,0.03600011885485088,-0.008669293333873895,0.004378185007681901
2026-05-03T17:24:11.100Z,0,6.418412276282481,-8.512481948855566,-5.276100147966645,11.895192215735698,-0.011846523237490914,-0.04733804369383421,-0.11569949054468509,0.0004084324447431806
2026-05-03T17:25:11.100Z,0,6.238498143915194,-7.8805448101775255,-4.885900685621891,11.175592651247168,-0.0125517095503902,0.010777248354187918,-0.02436805066530212,0.0042801493319034375
2026-05-03T17:26:11.100Z,0,6.215950879095544,-7.465185208275216,-5.760854287473194,11.294001843752197,-0.009659212864221445,-0.019738622490272917,-0.04556734022109765,0.0006346784597705934
2026-05-03T17:27:11.100Z,0,6.407962284754376,-8.203752215194982,-6.666183452580299,12.361291715456217,-0.060546309472719884,-0.049889054549723255,-0.04558243863161948,0.003616442743349247
2026-05-03T17:28:11.100Z,0,6.598211013510991,-3.807345312452526,-6.911149856023258,10.285730855874183,-0.021616547170921763,0.057324492440891106,0.00182500549428255,0.002823787793695828
2026-05-03T17:29:11.100Z,0,5.749303640527614,-5.873828950825555,-10.284788496846886,13.165607973785887,0.008874195972730092,0.002067845350062214,0.04306922805685787,0.0008785785666855151
2026-05-03T17:30:11.100Z,0,5.943503990579302,-6.578184731552028,-10.882242027491884,14.036414983654728,-0.0844728994695565,-0.06456444963243158,-0.05029715622395514,0.007682116566339351
2026-05-03T17:31:11.100Z,0,5.446828459298558,-5.89795171708829,-10.345326068545546,13.095019900200894,-0.03397683979899924,-0.005710422913640656,-0.018137036225773784,0.0014581086323469392
2026-05-03T17:32:11.100Z,0,4.053788924238688,-5.920383534430584,-10.594583760394016,12.795677039259848,-0.059057002398610337,-0.06218120411638495,-0.060778578258258165,0.002382393444155636
2026-05-03T17:33:11.100Z,0,4.819094465574381,-4.031154628137301,-10.667023864698422,12.379793101426536,-0.028468848279228354,-0.0288132227055371,-0.02470776998997337,0.001729440662609734
2026-05-03T17:34:12.100Z,0,3.3387542216587462,-4.468353333322739,-12.665932002846603,13.839772207836164,0.028287907519519706,-0.07769970097948331,0.025882380906061542,0.0017679178741385848
2026-05-03T17:35:11.100Z,0,2.6432733466208447,-3.843853681246401,-14.050851545789556,14.805017199233658,-0.052679385714071714,-0.08387782787000475,-0.07838139186056026,0.0003511927896241108
2026-05-03T17:36:11.100Z,0,2.646888453000429,-5.331604140337731,-17.443911199848117,18.43155064393878,-0.015203416423359428,0.01043375019227355,-0.023780821256202955,0.001079439438824801
2026-05-03T17:37:11.100Z,0,2.1860412437035848,-6.374909843543719,-17.364788293093625,18.626704601094772,0.007903398647091109,0.1938619710618733,0.03657299780002177,0.0034862153208004283
2026-05-03T17:38:12.100Z,0,-0.33033617933142523,-11.88104944776569,-18.875740989487078,22.306099073433508,-0.02467204349398955,-0.04280439737996966,-0.01844811076434638,0.00435176857037557
2026-05-03T17:39:11.100Z,0,-1.7842023239609262,-11.31954362790566,-19.724839252205584,22.811942692419628,-0.05084298343649429,0.01055101948332915,0.000760463763072039,0.0013865537987920416
2026-05-03T17:40:11.100Z,0,-2.0601509293101117,-10.69264114539692,-20.47238945715435,23.188262690447015,-0.03168648232554361,-0.09120887748159667,0.009273959727273962,0.0005092107777597711
2026-05-03T17:41:11.100Z,0,-2.6234382405618817,-11.421651795899379,-21.696835801321868,24.65946556067946,-0.02012481324831228,-0.09597768958879982,0.05611177213538099,0.0017918045993701494
2026-05-03T17:42:12.100Z,0,-2.2971102719111514,-11.831296304990246,-23.10323643882839,26.057932032419675,-0.015122009616397314,-0.05851745363072425,0.05414805020009794,0.0006642608892640507
2026-05-03T17:43:11.100Z,0,-2.772710286308211,-12.612193150744133,-25.406254413155693,28.499703537220693,-0.03187433546791851,-0.10829755397834262,0.007815912922204404,0.006148195735750248
2026-05-03T17:44:12.100Z,0,-5.335946777449863,-16.545072103326675,-25.252993759750098,30.658203351566993,0.07481220211946749,0.004411528896852701,-0.059408453143561246,0.0007339844363875455
2026-05-03T17:45:12.100Z,0,-4.635134186173673,-17.287293279878213,-25.15503605673075,30.872492884180613,-0.0023840298176702746,-0.04410867725335166,0.027965496244952703,0.005902031024040278
2026-05-03T17:46:11.100Z,0,-7.366549222751928,-20.272775574085244,-23.16351291301544,31.651221262376072,-0.030985390580301475,-0.1390191202981228,0.06111537889541552,0.003184624017609966
2026-05-03T17:47:11.100Z,0,-7.24213377407068,-20.857587543105183,-23.88600690619569,32.52735442120462,-0.021891659509117034,-0.06506893596203156,0.07194745897098898,9.711759491595633e-05
2026-05-03T17:48:11.100Z,0,-8.144002856170118,-21.921629864664283,-23.422486313393165,33.09827040112124,-0.015636458584100676,-0.07329367071040593,0.04566104045089503,0.0009156046724827668
2026-05-03T17:49:11.100Z,0,-9.505706040272344,-23.341639550380933,-25.316122485492087,35.722494900614315,-0.015588705270630498,-0.004869148514607957,0.02398502435863037,0.0023830458111726584
2026-05-03T17:50:12.100Z,1,-10.326279881155642,-24.819849798404903,-23.81980082100199,35.91712559979636,-0.004033268543479629,-0.05196939947715862,0.04318336871289574,0.006170512733799734
2026-05-03T17:51:11.100Z,1,-11.493126342429605,-26.06829440992442,-24.372821061660943,37.49243034359455,-0.05217225912212964,-0.0013408039674089878,-0.01260004377101609,0.0024788811742966718
2026-05-03T17:52:11.100Z,1,-12.964122226094332,-28.37264689969743,-21.264098948449828,37.75231729678972,0.0032128723411739557,-0.046002130893008086,0.02094695794507828,0.0034054741144583264
2026-05-03T17:53:12.100Z,1,-11.226925659002518,-28.60059273052684,-18.560681498456688,35.89619286188142,-0.04228427283803349,-0.03606940606815101,0.015074145742310918,0.00022488690162310746
2026-05-03T17:54:11.100Z,1,-14.534120382450055,-29.441996948207816,-18.909305993474845,37.88975709535087,-0.0014911511876380956,0.023150151236883687,0.0006036853434920886,0.0014568642025248944
2026-05-03T17:55:11.100Z,1,-15.809051177029687,-30.0917753415888,-17.44776072064269,38.20818494107509,0.002657670733485773,0.0013277926083077318,-0.03433366105776159,0.004696698215881347
2026-05-03T17:56:11.100Z,1,-16.375390828443415,-30.97448943708514,-17.221645874997193,39.0404598758285,-0.009554569956327086,-0.0033647046189244634,0.009856565619248414,0.0023947973159071994
2026-05-03T17:57:11.100Z,1,-17.16772006238898,-31.70024351356915,-14.736783754415228,38.94623019477665,-0.009982791048690487,0.014745521765391345,-0.025803834930115954,0.001979091530339713
2026-05-03T17:58:11.100Z,1,-17.70899660618852,-32.501768601150616,-15.62586710042524,40.1763767112079,-0.027480221787445913,-0.017279428951688658,0.07238658794928021,0.003654196428333376
2026-05-03T17:59:11.100Z,1,-17.363193666597,-33.035978350426376,-10.471351170053822,38.76216654419851,0.008037603205224286,-0.043307629979061346,0.07986193423747956,0.0038254495652704297
2026-05-03T18:00:11.100Z,0,-18.16951082560081,-33.31304130335866,-8.667487604725466,38.92319598772658,-0.04284076325689057,-0.025657012056257145,0.054728678333892944,0.00017004898154621812
2026-05-03T18:01:11.100Z,0,-19.76431844036597,-32.947435330896724,-6.73171072594414,39.00612397551958,0.03730424487624617,0.01956264667857255,-0.00802767298624385,0.0001162965320493306
2026-05-03T18:02:11.100Z,0,-20.269286071084025,-32.17787360568991,-6.514895361760864,38.583718965256445,-0.013483702015815169,0.0061431321762839275,0.04300505156409895,0.002152878440365797
2026-05-03T18:03:12.100Z,0,-20.688236406158467,-32.17513257743576,-5.575845201747143,38.656594931350526,0.014694364527834125,0.020828838898978574,0.06106993837312613,0.005405026895525654
2026-05-03T18:04:11.100Z,0,-20.749309306211217,-32.85372576237933,-6.244248625080218,39.35596236971301,0.0005450420252905985,0.009859456491234653,0.07451325033136502,0.002537278987805266
2026-05-03T18:05:12.100Z,0,-20.027653422687308,-32.54766250074681,-4.290033388315351,38.45596991826704,-0.06071173814437003,0.09935391032112051,0.036467611016499646,0.0034042180361480642
2026-05-03T18:06:12.100Z,0,-20.71077794272469,-32.84800200731297,-7.0313994719981565,39.46350386623196,0.07985553521061561,-0.05906806816913246,-0.0971313286646236,0.003223843134491428
2026-05-03T18:07:11.100Z,0,-21.02001846307644,-28.85522813130592,0.6835933663751348,35.7061992739123,-0.004470244757914799,0.046051263743684956,-0.10278093668913968,0.001233529344999079
2026-05-03T18:08:11.100Z,0,-19.78448837974156,-28.404290958860656,-2.714762989853625,34.72174626102237,-0.021644221115835194,0.05812013445005704,0.012224821364537064,0.004470989842117583
2026-05-03T18:09:11.100Z,0,-19.33775934054438,-27.61740905179977,3.009671157997218,33.848609122481285,0.009433845426620735,-0.022459401923136113,-0.10029595977734118,0.00036431829909414374
2026-05-03T18:10:11.100Z,0,-19.74493437228375,-26.74047943264668,3.4173467583968886,33.41547444703903,-0.02595065206856262,0.053542177940180125,0.09893191057486206,0.004180650765332427
2026-05-03T18:11:11.100Z,0,-19.26377338918428,-24.325161372416915,7.831565885680902,32.00218531922045,-0.038383786633566785,0.08383211009910241,0.19365692570794124,0.0006174875686516936
2026-05-03T18:12:11.100Z,0,-18.90295506404982,-23.30585192248691,5.8271389334549895,30.568611223543677,0.038341432293975686,-0.02414302106501509,-0.2422927637022454,0.0037081533462785085
2026-05-03T18:23:25.100Z,0,-9.5997790972433,-22.25401832129137,-8.164019905279929,25.57436824584428,0.07111208552923465,-0.18138519906818473,-0.30605075084455535,0.004267235768227463
2026-05-03T18:24:11.100Z,0,-9.892536273582664,-16.154017151166045,5.1673405693009045,19.634560158135923,0.001016421860011718,-0.00022854868164667863,-0.02282928392638439,0.0014145431023502458
2026-05-03T18:25:11.100Z,0,-7.82802368485136,-16.65867387691833,4.51965251988895,18.953011081320394,0.021787406721429647,0.01942620477833612,-0.022667102385298676,0.000481858285802276
2026-05-03T18:26:11.100Z,0,-6.42003244274747,-15.647157217244967,4.085202688315803,17.399403051591566,-0.01709018074502744,-0.07462789561329952,-0.013848772438151968,0.0018114183937310122
2026-05-03T18:27:11.100Z,0,-5.243024963874632,-14.41748002616805,4.156843433179347,15.894413748381334,0.030287976695353436,0.037264413113025086,-0.007215838083496351,0.0007393780385672216
2026-05-03T18:28:11.100Z,0,-3.3768362732189416,-12.481678058975376,4.275089617976846,13.618799566252818,0.04174104054055494,0.011699067038906108,-0.0047951472721408095,0.0061424155681678175
2026-05-03T18:29:11.100Z,0,-2.2415941880353785,-11.099344743342954,2.6885756929004856,11.638240309078695,-0.02018705077688754,-0.0957577442839419,0.027052782050951407,0.000762388227651762
2026-05-03T18:30:11.100Z,0,-1.7362163093821437,-10.408177076897118,-0.3592168941395357,10.55810749680294,0.025033923218231724,-0.053748454665214496,-0.022646087487032673,0.005695349563403814
2026-05-03T18:31:11.100Z,0,-3.723337566952978,-16.059113247138157,0.16543995070605888,16.48592524850156,0.05820473485937394,0.04120648685779216,-0.09468170682325194,0.003195068690218708
2026-05-03T18:32:12.100Z,0,-2.72362230998624,-14.044339190149913,-0.3685759943437006,14.310745264976314,0.02632262216949871,0.07240789952511761,-0.07811388392298113,8.0646589785147e-06
2026-05-03T18:33:11.100Z,0,-2.1161346899134514,-16.310681721734,-0.361919146598666,16.451363156961715,0.03871053258802659,0.13730614840534727,-0.091112907363744,0.000948880193489463
2026-05-03T18:34:11.100Z,0,-1.8788163506542332,-15.16190100574022,-1.6354651920664764,15.365153412244636,0.014840836656371259,0.02467868221467384,0.024482585771146148,0.0023838317115758116
2026-05-03T18:35:11.100Z,0,-1.8454087985446677,-15.755289901790093,-0.9690975070952845,15.892571959926853,0.004248529952399771,0.021968473082445428,0.005772746230370274,0.006104361487691981
2026-05-03T18:36:11.100Z,0,-0.7360202557720186,-16.179873328837857,-2.4416208716502297,16.379607420052025,-0.007304417560138887,-0.004125970974655502,-0.00135816569457603,0.0025056945079390282
2026-05-03T18:37:12.100Z,0,-0.08215404568545637,-15.401870143250562,-5.260909423668636,16.275795561533116,0.0012652725651651764,-0.02350702825459905,0.013125810558456408,0.003515118601379415
2026-05-03T18:38:11.100Z,0,-1.1698186435751268,-19.526270238657162,-3.534257826686371,19.87799495616744,0.032464653717978464,0.06640790029877053,-0.06806025850103481,5.276868081507892e-05
2026-05-03T18:39:11.100Z,0,-0.6895720575812447,-21.35175366538533,-2.4800228120511747,21.506357370744748,-0.02907213545322307,0.07274129244549954,-0.0475086739877284,0.0014918012702749522
2026-05-03T18:40:11.100Z,0,-0.8509142016919213,-21.147235069292947,-1.7167300939036068,21.23385900560444,-0.0072873235721360174,0.07756609774833834,-0.211847051267533,0.004722110799730389
2026-05-03T18:41:11.100Z,0,-0.1534552216071461,-20.249663305548893,-1.2707461755780969,20.290076597585287,0.02393451907201083,0.010062547228351093,-0.06543711002482411,0.002397808028942567
2026-05-03T18:42:11.100Z,0,-0.5645382711918501,-20.151547557361482,-3.5579627319748397,20.47102027790417,-0.058989151390242966,-0.15048510819681837,-0.039500634946509905,0.001927815334486721
2026-05-03T18:43:12.100Z,0,-0.08635512949695112,-19.476134065371298,-4.351194764240063,19.95645637925373,0.054929086659605275,0.004835112045853407,0.027266985638263463,0.003560260567659756
2026-05-03T18:44:11.100Z,0,-1.72990055716582,-21.78361023038633,-2.603153454401763,22.006695311069276,0.05768571181885562,-0.0029195452500019314,-0.08348882935127477,0.0038476588551983764
2026-05-03T18:45:11.100Z,0,-1.5514304909629573,-23.29844870382658,-3.6561419219651725,23.63455145177668,0.023894283273762085,-0.08865111990274954,0.032889408803971065,0.00012237741739871708
2026-05-03T18:46:11.100Z,0,-1.8718875576269056,-24.160328875268533,-2.543386339311837,24.365842248125364,-0.008367099731287908,0.02036961415097238,-0.06058109843198878,0.00012369154206049178
2026-05-03T18:47:11.100Z,0,-1.7715391966248717,-23.327890630298498,-2.7192532215849496,23.552561866333072,0.013303774405226676,0.0005322222831338763,-0.07570649924359962,0.0022058233682427
2026-05-03T18:48:12.100Z,0,-1.4138776732579572,-22.9955893856868,-1.1313495197100565,23.066775522508493,0.00033853082470614027,0.039060814269298305,0.03663935980680044,0.00536113641741778
2026-05-03T18:49:11.100Z,0,-1.8630440313245344,-23.308389926832263,-0.6331215763566433,23.391297889906795,0.01324243581768414,0.008784385705951081,0.0603367727300963,0.002475850011394171
2026-05-03T18:50:11.100Z,1,-1.0285139927646014,-22.29181771679123,-0.9537955129417242,22.335906160988134,-0.050840105870086916,-0.0160560050366243,-0.0009161518519373857,0.0033433657946951
2026-05-03T18:51:11.100Z,1,-1.4843482520063844,-22.756177275368827,-1.795727520402579,22.875129097969662,0.00385073519648671,-0.006743112743734514,0.06398168053778353,0.003408254887946894
2026-05-03T18:52:11.100Z,1,-2.487151182890557,-23.485969726607436,-0.010900429515459109,23.617299037464857,-0.01105478793395065,0.030561224138025977,0.0038789710388176246,0.0011371172999624672
2026-05-03T18:53:11.100Z,1,-2.912696416728977,-22.716461034406166,1.427246608727728,22.946861119243398,0.018709560881013942,-0.0012033252918541848,0.010424860689139948,0.004397276463210799
2026-05-03T18:54:11.100Z,1,-2.6153603246115154,-22.05346369464678,0.8519207967765396,22.224336651577165,0.010216437593690841,-0.006734600117574985,-0.011272477123291935,0.0004182000097329148
2026-05-03T18:55:12.100Z,1,-2.141545699657854,-21.670077279850375,-0.1923407744470751,21.776488749840397,0.010789363121155304,0.020000478524906384,0.045968064137813514,0.004301206475142251
2026-05-03T18:56:11.100Z,1,-2.538361016490853,-19.402929999159824,1.1891343719980796,19.604362008415475,0.0007915026731808439,0.027215999471863483,-0.021812826679123987,0.0006399222244021179
2026-05-03T18:57:11.100Z,1,-2.1044811406909503,-19.761433467465395,2.009525146604574,19.97451588588373,0.1297643417119687,0.0912433753841313,0.09449116433835059,0.00361689691495518
2026-05-03T18:58:11.100Z,1,-2.117517447004502,-19.305917544897966,-0.2202398945883033,19.422946171987807,-0.05017161019083005,0.012832410901886249,-0.06766463781993082,0.0028063193609908924
2026-05-03T18:59:11.100Z,1,-1.575698090618971,-19.268876743353758,-1.57801897785248,19.39748899517157,-0.0016473740700462258,-0.004391140742576738,-0.07000931106526664,0.0009037649906494084
2026-05-03T19:00:11.100Z,0,-2.6863403400056995,-19.20683933121836,-0.17457768717576982,19.39457601718682,0.06592069874411521,0.014202459489354169,0.041242030337507174,0.007671628771820111
2026-05-03T19:01:11.100Z,0,-2.6206019704204664,-16.719618209663167,1.846829392889049,17.024217061900696,-0.010242319698150482,-0.004341055947598704,0.04146209448840921,0.0014283773452179013
2026-05-03T19:02:11.100Z,0,-2.892307250021986,-15.955003838826087,1.8840421416825848,16.324129487268866,-0.021239438043885173,0.00031507136322161955,-0.04033650066581629,0.0024125400509434217
2026-05-03T19:03:11.100Z,0,-3.094161842000176,-14.857883512377157,1.2984153045181301,15.232085289771252,0.04532150229286103,0.0037591981811857522,-0.02746776269013651,0.0017236688587457022
2026-05-03T19:04:11.100Z,0,-2.248614615837141,-14.381219952156243,0.4036171922052745,14.561547371096827,0.002224385511784277,-0.05099115317275249,-0.018539689514263102,0.0015709418100076811
2026-05-03T19:05:11.100Z,0,-4.04607643304189,-14.943949314329075,-2.000906798457436,15.610764991741007,-0.010173143344616165,-0.04083148954059368,-0.07638462598080764,0.00036637736632978035
2026-05-03T19:06:11.100Z,0,-5.590901429513906,-14.27375135881448,-3.647681246548018,15.757656396946118,0.001824731894473075,0.018284766174492262,-0.09860183594323502,0.0010960806494069958
2026-05-03T19:07:11.100Z,0,-3.1816407231417543,-13.791792370284384,-1.9747921905945987,14.29112237272573,-0.025333727299514663,-0.03805823704228217,-0.028956948175284936,0.003510188733603976
2026-05-03T19:08:12.100Z,0,-3.858851269342267,-12.52212435065303,-2.4856015752448,13.336886689290774,-0.027214669131581104,-0.013486690368935683,-0.023076568394841956,0.0043444023466274635
2026-05-03T19:09:11.100Z,0,-3.9761006896696927,-11.645433218291146,-3.5053201609116513,12.795028759895946,0.005977296019921141,0.019067219081403408,-0.014323311170905129,0.001414474678537587
2026-05-03T19:10:11.100Z,0,-4.57171774132803,-11.195691916327632,-4.859966039930441,13.033165022394773,-0.025643843907463548,0.002511441068775433,-0.03000820632781398,0.0004959495091897562
2026-05-03T19:11:11.100Z,0,-3.295232093478262,-9.202873350659502,-5.017251880872209,10.9874587095599,-0.00022688154510674963,0.010863614052669668,0.009571076234671239,0.0018160241819004236
2026-05-03T19:12:11.100Z,0,-2.0882043691017316,-6.978216436436924,-6.3819221911671775,9.684267291592382,-0.0668665238152677,-0.012793286998380449,-0.049740746119297796,0.0007501609113556462
2026-05-03T19:13:11.100Z,0,-3.2185860254685394,-8.987128737317107,-7.616754312380181,12.21240046836061,-0.0029195459816389047,-0.07084627953451994,0.051401148067675706,0.006131907832377997
2026-05-03T19:14:12.100Z,0,-5.962494035884447,-8.877030686562648,-10.603396106517948,15.059383052763234,-0.008521132766725614,-0.02084456267803514,0.032499232140104084,0.0007809126012057138
2026-05-03T19:15:11.100Z,0,-5.807757169350225,-8.169821717274317,-10.439759077939925,14.472891896079895,-0.012634272866129947,-0.026303804191218916,0.0021206066334045204,0.005709641509480698
2026-05-03T19:16:11.100Z,0,-6.43785113334161,-9.146080252321553,-10.667315817045164,15.456013002632861,-0.028336615083057737,-0.051962455036802524,-0.007517091065167847,0.003204732210391236
2026-05-03T19:17:11.100Z,0,-7.126590599909832,-8.891314134416461,-12.047442151697396,16.58266031172599,-0.007831071844821569,-0.01833759113489819,-0.046289636518537236,5.360662948529801e-05
2026-05-03T19:18:12.100Z,0,-8.208049343011226,-9.026988479490683,-13.242832981404717,18.006421643390034,0.0015270488133850568,-0.010684624705437074,-0.00901335977321338,0.0010244919223723636
2026-05-03T19:19:11.100Z,0,-6.8668036847157055,-7.681336532186833,-16.158091171291744,19.163502656479828,-0.06685134386019698,-0.040621549580066585,0.019519744993701238,0.002397406279687168
2026-05-03T19:20:11.100Z,0,-8.517014497556374,-9.098716703192622,-16.5013875484874,20.67902252578484,0.061245425780787066,-0.03043705707606037,-0.020574100594750178,0.006107199617434962
2026-05-03T19:21:11.100Z,0,-12.343931576651812,-10.489967760804575,-15.821617515939579,22.643666911798256,0.009136899701389645,0.01045847634362218,-0.025567913794155572,0.002505581701840046
2026-05-03T19:22:11.100Z,0,-13.81295744158706,-11.811094948825485,-15.380707546228223,23.808946255470193,0.011971388507170388,0.025516994576424423,0.0180497337058938,0.003396705055787017
2026-05-03T19:23:12.100Z,0,-15.129628043723642,-12.283180797567184,-15.442752333456156,24.864850188159544,-0.004868047923878294,-0.013306337358631737,0.013021201406893113,0.00020062425486836867
2026-05-03T19:24:11.100Z,0,-16.690544427547138,-12.800619951576664,-15.605651657097042,26.190962335799785,-0.04679543241903339,-0.0035414655901178094,0.005223302440349187,0.0014929016260039742
2026-05-03T19:25:11.100Z,0,-18.414770835534,-13.86899869203262,-16.19839734848938,28.175183873479583,-0.006042312522769322,0.006577188455203498,0.023391355883362053,0.004728732988708003
2026-05-03T19:26:12.100Z,0,-19.103809194803034,-14.465757284597203,-16.779862216935726,29.253673881884737,0.009455718880779784,0.0012899891341788816,-0.05456396035263822,0.002440164711753877
2026-05-03T19:27:11.100Z,0,-17.98445968688611,-15.476317609682155,-14.853991153358947,27.992824976573115,-0.020229515583114477,-0.003460778599695402,0.005870471840196956,0.0019377607449926261
2026-05-03T19:28:12.100Z,0,-18.873452744173846,-15.577611454773432,-15.609199567734322,29.026131472654242,-0.10650062293571239,0.03144413725664208,0.053649547423262334,0.0035534751449997856
2026-05-03T19:29:11.100Z,0,-21.188604783674236,-16.060010968431015,-13.592803626124805,29.860429256848587,0.004666578905965224,-0.03587536335292185,0.021631469619975974,0.0038214991607852943
2026-05-03T19:30:11.100Z,0,-23.718070682207326,-15.775740665958438,-13.298425064022013,31.436745690818032,-0.05276716469460041,-0.030849978902125486,0.04233206793191613,0.0001436637851715003
2026-05-03T19:31:11.100Z,0,-25.086476235173905,-16.005020961301852,-12.038954490890319,32.10028677603029,-0.015453105697282865,-0.006786479868736706,0.004437510149113422,0.00014011930461282007
2026-05-03T19:32:11.100Z,0,-25.945463514290168,-16.057461085665636,-11.027338183339452,32.44397202715421,0.004059751159246616,0.009628999251276582,-0.011042409108874551,0.0021481516552711126
2026-05-03T19:33:11.100Z,0,-26.288088500677986,-16.489787490172603,-10.174765652664064,32.657350544359275,-0.026678297831317366,-0.030985966442464985,0.009295540055909157,0.005447789861498902
2026-05-03T19:34:11.100Z,0,-25.935449333246652,-17.632404993833006,-12.202600988530321,33.651934697268636,-0.026876317157586982,-0.018539014648766283,0.12439006827635879,0.002522869789745788
2026-05-03T19:35:11.100Z,0,-26.709867107456375,-18.48273779421561,-10.735935621596582,34.20948568655735,-0.049200874689958596,-0.051649561092936835,0.15695314625774337,0.003278654236488533
2026-05-03T19:36:12.100Z,0,-28.161802219301535,-18.077069670482615,-6.034598343831021,34.004175174262166,0.011760537300453677,0.021021741312132747,-0.001281873231784303,0.003188432261849485
2026-05-03T19:37:11.100Z,0,-28.509867521052,-16.476796701951457,-5.149543269908463,33.32889394375447,0.0009342631672737411,-0.020954747943946472,0.06485560215263586,0.0011954937025046661
2026-05-03T19:38:11.100Z,0,-29.584455158783385,-16.109531119468556,-2.0397637563291937,33.74785350378339,-0.0026792472658243582,0.012062855775596404,0.03643201893654968,0.004477193271425836
2026-05-03T19:39:11.100Z,0,-29.68162805200336,-16.118668257036006,-1.271871144126635,33.79982494636792,-0.007232706460413851,0.017440932686518806,0.06420976584231575,0.00041386122476243985
2026-05-03T19:40:12.100Z,0,-29.24928751676248,-16.662033675629573,-0.7031197774267639,33.66954950496754,-0.02195869224852487,0.03602224338727922,0.027834468884213592,0.004232725821707803
2026-05-03T19:41:11.100Z,0,-29.075363192959003,-17.81337053421339,-4.291793847187364,34.36731599962983,-0.03917413636500555,0.121840534955453,0.15941645959882678,0.000590628700308732
2026-05-03T19:42:11.100Z,0,-10.682292606873034,-21.886011840024366,0.33062169768527383,24.356071118050245,0.27171685731275375,-0.601150667258743,-0.7695617140277555,0.003662703349554739
2026-05-03T19:59:37.100Z,1,-32.68607311474625,-21.942533470792114,-16.43457743489307,42.66086598092995,-0.16168864039478592,-0.07752789934520332,-0.29617795059877494,0.0006955614353445237
2026-05-03T20:00:11.100Z,0,-18.136106171368738,-14.17212755586661,3.015796193949427,23.213413648198163,4.854506308049622e-05,-0.015633634012079956,0.01582325205884416,0.005782890031347339
2026-05-03T20:01:11.100Z,0,-16.89153293864365,-11.859986023409874,3.8147035030533516,20.988928422122186,-0.032747292773693815,-0.038278899385235654,-0.014838551889440055,0.003194786366315204
2026-05-03T20:02:11.100Z,0,-15.427010830535437,-12.083073793291987,3.5426636417241752,19.913407572236142,-0.03617890887519515,-0.047932174283449314,-0.010238114845684265,0.00012744724199874414
2026-05-03T20:03:11.100Z,0,-13.463519004289992,-11.300335592750343,4.665183412541296,18.18592490802457,-0.12860384190793717,-0.1429348563570798,-0.03354870561800283,0.0008961662310470178
2026-05-03T20:04:12.100Z,0,-12.757267429151398,-9.998353484661493,3.136333607812958,16.509134839918982,0.07508218578983206,-0.04919751080523227,0.11419203999363248,0.0021687980925379187
2026-05-03T20:05:11.100Z,0,-16.531227072846377,-15.677756804507226,3.6027328824275173,23.066278659059986,-0.04563520116653008,-0.07743063588061538,-0.035267729870724907,0.006161627956590919
2026-05-03T20:06:11.100Z,0,-10.37935959357128,-10.329351020118338,-0.5517203521776537,14.653702379142514,0.053783034350218806,0.029834323891364534,-0.028925483893438297,0.0024880460727062974
2026-05-03T20:07:11.100Z,0,-11.763773929487797,-12.250894375938515,-0.8116825324577803,17.003811884633276,-0.013206827825906764,-0.024692834340367398,-0.04146844456620613,0.0033598401350055864
2026-05-03T20:08:11.100Z,0,-11.021594107660349,-12.000309482573357,-0.9914693737300695,16.323785586395026,-0.021486588504648907,-0.0743999092027714,-0.021745657428517973,7.966918705609979e-05
2026-05-03T20:09:11.100Z,0,-10.40582034693216,-12.518290941898158,-1.0332745614505257,16.311234211977265,0.02589570445632461,0.061581905369756385,-0.08640545117799547,0.001483361768939157
2026-05-03T20:10:13.100Z,0,-10.173593133913528,-13.001743613131111,-0.9808015847738716,16.53811676052334,0.031460614510647744,0.07919482014351331,0.001644501972819512,0.004179207520784838
2026-05-03T20:11:11.100Z,0,-9.89725528870622,-14.681152875709813,-0.6175670287120738,17.716469768120792,0.037509953920267236,0.08185282282635598,-0.04805748610436922,0.0023871817575187022
2026-05-03T20:12:11.100Z,0,-10.548997519435943,-13.90723360600532,-2.7046788941333944,17.663742048542264,-0.004780646860602644,0.059230307048352415,-0.03122544987288478,0.001935795970367668
2026-05-03T20:13:11.100Z,0,-11.637986778623599,-15.140433429223776,-3.647723051471985,19.441742312468154,-0.09377391698839332,-0.14003987394239914,0.14751747813601668,0.0036210118507205144
2026-05-03T20:14:11.100Z,0,-11.079808170507022,-15.176181039350922,-4.137520410040452,19.240522216870566,0.001709254792814363,-0.005138517901404072,-0.012342958669364634,0.0038406646973275227
2026-05-03T20:15:12.100Z,0,-10.080635181111575,-14.978608636283752,-5.47193316197081,18.865841483026788,0.023943076683519138,-0.000372348202049011,-0.06616651407398422,8.130524537986089e-05
2026-05-03T20:16:11.100Z,0,-10.429306530113536,-15.127291271710419,-6.134081700110983,19.37091464598075,0.02219662255331656,-0.003266096328502499,-0.07754551608751825,0.00012295524385627976
2026-05-03T20:17:11.100Z,0,-10.604150726521766,-15.709361733570404,-4.752067648951197,19.54006667458345,-0.021975648136773884,0.0030203435112952093,-0.053216086481455704,0.0021843640626592912
2026-05-03T20:18:11.100Z,0,-10.72051240134897,-16.39528871010043,-3.206125284123118,19.849788849570093,-0.033819509106081114,0.04290476973789481,0.1955188990283574,0.0054189077780944245
2026-05-03T20:19:11.100Z,0,-8.738660060771508,-16.25145320986121,-8.243356848652184,20.20957305893057,0.04565180494431331,-0.002201161593440304,-0.21998711174431307,0.00249011722080338
2026-05-03T20:20:11.100Z,0,-12.105134689136321,-16.331329179138265,-5.120640985296632,20.963481645466338,-0.06203665370208,-0.0022596319544376797,0.13888812151074958,0.003312483920926672
2026-05-03T20:21:11.100Z,0,-13.164192576823552,-15.788941137998336,-1.7483343954154407,20.631124584400755,0.03478021568614764,0.05822513803188656,-0.04032540631371262,0.0033925975323917668
2026-05-03T20:22:11.100Z,0,-13.698855706479662,-17.492159509970406,-2.498601478691853,22.357935981179473,0.025354183748937942,-0.026347030410711625,-0.028321460839197954,0.0011554334622325838
2026-05-03T20:23:11.100Z,0,-12.813955528145016,-16.97776438703613,-4.582158936500491,21.758633237828654,0.014788985731151172,-0.003776737083960313,-0.04307485702326197,0.004431571786142704
2026-05-03T20:24:11.100Z,0,-12.608836469098605,-16.924718537784322,-3.530885750478774,21.398504827922565,0.010563433711752168,0.04505044375413547,-0.04150223690468913,0.00043149285618474545
2026-05-03T20:25:11.100Z,0,-12.456437061700854,-16.278090690661884,-2.241632547338668,20.619504777826645,-0.006572869418519645,-0.011859244114731382,0.08543743565769812,0.004267463522492558
2026-05-03T20:26:11.100Z,0,-10.792970671218427,-15.83777453345192,-2.494710295650293,19.327361370385326,0.010929432283646179,0.02104005308645185,-0.04327588422792239,0.0006159732737129584
2026-05-03T20:27:12.100Z,0,-12.964923375363924,-14.408886730734594,-5.070920072284935,20.035455705516146,0.013664846416183707,-0.07534704757716781,0.07492598144017218,0.0037346619653544806
2026-05-03T20:28:11.100Z,0,-12.702354777516689,-15.820286466123434,-2.976976812533394,20.50594235109596,-0.04559172300755421,-0.018172314890207986,-0.08559548265923977,0.002809147618642201
2026-05-03T20:29:11.100Z,0,-13.124925833778889,-16.011962152106207,-1.4256516287787235,20.752809271742404,0.031698533598856216,-0.057371957885354874,0.029876139402196245,0.0008865230795540138
2026-05-03T20:30:11.100Z,0,-13.094957879502545,-14.664582966133821,-1.3909053950555972,19.709452890797422,0.0016904230450975888,-0.0022201414862088598,-0.031795251079325126,0.007691501429922643
2026-05-03T20:31:11.100Z,0,-12.496458885834727,-14.553848103787459,-0.8590499674028251,19.201925584689945,-0.017542985209395567,0.007281426442240502,-0.028886366769453886,0.0014113383366663092
2026-05-03T20:32:11.100Z,0,-10.906359870887172,-13.200038725017293,0.8993179553726804,17.146383897490164,-0.05466549057864256,0.03153921943654936,-0.048767525278492485,0.00240516149029496
2026-05-03T20:33:11.100Z,0,-11.075904169274509,-12.685281637914159,-1.5869712515268475,16.914801244866204,0.047085075681074784,-0.016432622709672273,0.09195972595943402,0.0016937283265976068
2026-05-03T20:34:11.100Z,0,-11.549352878319041,-11.650959150756535,-3.937395099455898,16.87114344701488,0.0764711354985792,-0.05389152543600062,-0.03081338809218792,0.0015421279862356276
2026-05-03T20:35:11.100Z,0,-11.566103817585827,-11.818283271168184,-2.5300892393715912,16.72865591002251,0.03313623849354741,-0.03417283432005647,-0.05308742814014167,0.0003623168130927483
2026-05-03T20:36:11.100Z,0,-10.84402607739321,-11.414081656766939,-1.173754650153569,15.787712361621129,-0.005088145906384511,0.01995450002922894,-0.004031105032886728,0.0011219196513507198
2026-05-03T20:37:11.100Z,0,-10.28772509562259,-11.03780201947302,-1.8324446127735428,15.199612308314586,-0.009678087018905046,0.03164827670421033,0.0020278837267184713,0.0035307174425918833
2026-05-03T20:38:12.100Z,0,-9.84241572814426,-9.601420655599213,-2.1460579255290213,13.916392872835786,-0.031006888256968068,0.01381640852349264,-0.007131916121672077,0.0043399324869781335
2026-05-03T20:39:11.100Z,0,-9.262338426196948,-9.30824440001743,-2.6495873335079523,13.396068078721687,-0.04376810108652762,0.024706715255673473,-0.028362147686422645,0.0014304573963495064
2026-05-03T20:40:11.100Z,0,-8.401869495173742,-8.142543580106576,-3.649709729870665,12.256133488183723,-0.03256429500098079,0.018605524637393955,-0.04253672689547017,0.00048310865058864475
2026-05-03T20:41:11.100Z,0,-7.844234943149786,-7.918662151496392,-6.138510905657313,12.724721932197472,-0.03888035096988318,0.025644812347014323,-0.02020215055598129,0.0018157462762213832
2026-05-03T20:42:11.100Z,0,-9.84148092356918,-8.369597865112155,-6.065466660402308,14.272168756048183,-0.005490981205724665,0.01770770332654159,-0.06838586199453545,0.0007443365304551088
2026-05-03T20:43:11.100Z,0,-12.024916215523263,-9.493638205640309,-7.658201709091372,17.128217355786845,-0.030506773650795793,-0.0005619775558241002,-0.0651722857929471,0.0061309225138332655
2026-05-03T20:44:11.100Z,0,-10.749290648163878,-8.657792126996355,-7.170789759129548,15.553933255695188,-0.044058874867580755,-0.0593714838591497,-0.04993589386970143,0.0007549420419735329
2026-05-03T20:45:12.100Z,0,-10.316097876966523,-7.910932354207034,-8.193857492187817,15.366978451285577,-0.030303541662224376,0.0009739110041206978,-0.007544082047061806,0.005874843399130788
2026-05-03T20:46:11.100Z,0,-9.946739054612408,-7.602780590787006,-9.930034529588738,15.979533043584972,-0.06559183442655936,-0.03513358164033281,-0.03214265832252039,0.0031980906414229293
2026-05-03T20:47:11.100Z,0,-10.49180169866304,-7.241013055136136,-11.03272417185508,16.859157025217957,-0.07604881725820078,-0.023513312560896615,-0.03536432041251203,7.029475609937361e-05
2026-05-03T20:48:11.100Z,0,-9.46002151704306,-6.888258835715533,-13.273086713525117,17.695054331521217,0.024855482755992142,-0.027915362493136087,0.013578245044776338,0.0009273823758422588
2026-05-03T20:49:11.100Z,0,-12.636060846489272,-7.039705201805191,-14.42768084382351,20.430013645999704,-0.00490627104965391,0.008209083821819618,0.006549904933095263,0.002389828743599308
2026-05-03T20:50:11.100Z,1,-10.93137857333204,-7.5786968141073885,-14.717872228061424,19.838030291216064,-0.019846407398160792,0.035014055696613866,0.005502771761811687,0.006116617935293084
2026-05-03T20:51:11.100Z,1,-11.336299838148989,-6.730946933657833,-15.256740871350871,20.163964953839876,-0.02792085913705389,-0.00419280043817416,0.013111638505591827,0.0025080266130170148
2026-05-03T20:52:12.100Z,1,-12.0044442028302,-6.196353081122652,-17.155752487042264,21.836238584551566,-0.050765790751583495,-0.00046684513121952875,-0.012932379433117092,0.0035174539928595604
2026-05-03T20:53:11.100Z,1,-11.511613112816121,-5.437194528440159,-19.8450358664104,23.577654025334557,-0.0853532861658235,-0.051409787165335175,0.002477058422378775,3.6266529281214595e-05
2026-05-03T20:54:11.100Z,1,-12.812595400646387,-6.331211542146775,-21.873880174098304,26.128786316300424,-0.014148463808538736,-0.017934934278374115,-0.03435136441698461,0.001518901109306349
2026-05-03T20:55:11.100Z,1,-13.686231667634274,-6.3245479564102425,-23.08823461612519,27.574978183170515,0.11610846266330022,0.06232840702269371,-0.08336105843831376,0.004733860000835155
2026-05-03T20:56:11.100Z,1,-15.863997967244359,-7.044882867376145,-23.904854971988243,29.54215458208108,-0.056528328544080964,-0.0326373702392857,0.008972894670833398,0.0024427036997538795
2026-05-03T20:57:11.100Z,1,-16.861792384588625,-7.879043224420457,-25.13596856260847,31.276449289100867,-0.055201499910229046,-0.007665937679313117,-0.002992096042042647,0.0018792839588132714
2026-05-03T20:58:11.100Z,1,-20.38483378601086,-7.935931447718758,-23.969382142695395,32.450758646428376,-0.02753273946920487,0.0062878445752367895,0.019849471679656006,0.0036202808850533067
2026-05-03T20:59:11.100Z,1,-22.140314732496336,-8.049452875184215,-24.086917172553513,33.692236597193414,-0.01844252000626767,-0.00865501987590278,0.011749095934376896,0.003911694521106586
2026-05-03T21:00:12.100Z,0,-24.43972559467511,-8.79242411474479,-23.812294788967847,35.23680309099094,-0.02952690207314035,-0.010341965472449033,0.01051323998613185,4.468117069036021e-05
2026-05-03T21:01:12.100Z,0,-26.65302717468876,-9.728996412377455,-24.209351134231838,37.297853974555736,-0.04267470848429156,0.022579785853960033,0.021750796836528252,0.00019308060930744566
2026-05-03T21:02:11.100Z,0,-29.793432973747258,-11.576461449294584,-24.9176834940954,40.52843518765668,0.014027968001428803,0.03670797073507259,-0.03792696555660058,0.0022571775814920784
2026-05-03T21:03:11.100Z,0,-32.06263792435493,-12.67559967300258,-23.375039134407416,41.654243868705436,0.06398602679436038,0.016681142075203326,-0.019520698196551223,0.005353106079998922
2026-05-03T21:04:11.100Z,0,-31.312723508563067,-12.23179042403899,-22.903170415702334,40.677494583516726,-0.011887333103643982,0.005777471278722857,0.04656689985438334,0.0025103573798940714
2026-05-03T21:05:11.100Z,0,-34.82971211360564,-12.132816009852831,-21.342555921364692,42.61242498969247,-0.029770840394682807,-0.04220988663572456,0.030907302384974855,0.0033676123350371346
2026-05-03T21:06:11.100Z,0,-36.48944553015099,-12.072566990582345,-20.441809306248615,43.53267826073864,-0.018464770546344766,-0.025524405264931715,0.04766183856208528,0.0034533869816362243
2026-05-03T21:07:11.100Z,0,-37.09988701803013,-11.541778461946706,-19.192797255527694,43.335640451100396,-0.028411595622834795,-0.023445542144617804,0.05190103476016006,0.00117534984406535
2026-05-03T21:08:11.100Z,0,-38.87678380579018,-11.44133559466809,-17.72172263918037,44.23084820091072,-0.05546979185577783,-0.05012322625796983,0.015990632453721787,0.0044284237694964465
2026-05-03T21:09:11.100Z,0,-40.07127184922865,-12.14526982857933,-17.1598965771409,45.25125917984997,0.044394570810624145,-0.02139430006753429,0.056826850804547746,0.00040757920024129016
2026-05-03T21:10:11.100Z,0,-40.96199334071571,-12.259616475958524,-14.444513876696874,45.13122063180344,-0.04843729322256962,0.012777637081740068,0.12534044451362192,0.004253441329269792
2026-05-03T21:11:11.100Z,0,-43.353150164421095,-13.588663152560798,-11.12249696325307,46.77453724143278,-0.03737969908712557,-0.011981660524185145,0.07117028196423902,0.0006064891153225536
2026-05-03T21:12:11.100Z,0,-41.889456974558925,-12.380584948743945,-11.101394404249731,45.06935152645527,0.0392909136284203,0.07090602495019027,0.02888321942062788,0.0036317826499305613
2026-05-03T21:13:12.100Z,0,-42.82785913187581,-11.798871107089326,-10.435568741741008,45.632663435143776,0.027194384725426346,0.013955482636163197,0.0033123038121196657,0.002598769196833386
2026-05-03T21:14:11.100Z,0,-44.05342224583819,-11.579978348663644,-9.738445197399415,46.57936479803457,-0.021825931105112772,0.021406503893039996,0.04203171919225923,0.0008663946517398047
2026-05-03T21:15:11.100Z,0,-44.20210865646368,-11.490893215636788,-7.395789937618247,46.26623764012333,-0.003455759371107092,-0.008555045448943588,0.0005168346828843262,0.007669646084953795
2026-05-03T21:16:12.100Z,0,-44.335407105155156,-11.725244728381767,-5.606706557045982,46.201134678026136,0.00712191728080569,-0.06504012792918346,-0.021170952329174764,0.0015704825886524907
2026-05-03T21:17:12.100Z,0,-47.046884274095646,-12.515529375832557,-14.780145846088999,50.877308367180134,0.20535907333041337,0.06671514959633029,0.2985932376412537,0.0026141595516230793
2026-05-03T21:41:15.100Z,0,-328.11178660358564,-96.84739046633695,-61.074942248183106,347.51533796216097,-0.025830247244174043,-0.09199074133037222,-0.20859730165856405,0.0026286415335091775
2026-05-03T21:42:11.100Z,0,363.82206515099824,34.341449443445526,260.5984758054092,448.8400559583741,0.6370472226595592,0.13036659736087586,0.25445451621752824,0.001910906564660643
2026-05-03T21:43:11.100Z,0,17.739196962793358,14.358469736407642,9.270480795976255,24.63303830721407,0.0102933678720607,0.029102189170293613,-0.006758983465360302,0.0036582728792839744
2026-05-03T21:44:11.100Z,0,18.029855884378776,13.533760303971576,5.4496860730068875,23.193478597897943,0.27819072954482493,0.16147415315725944,-0.04006915228060848,0.0038902353497730258
2026-05-03T21:45:11.100Z,0,15.820457610971062,3.9145582391029166,15.164186785113998,22.26124897847573,0.006060498198845465,0.00977342714625351,-0.033430953760849036,0.00013405330364014292
2026-05-03T21:46:11.100Z,0,-8.748178909627313,-6.201761880674894,1.811499427731178,10.875385732750388,-0.037982420938664774,0.006114451342131844,-0.027217474496410432,0.0001028569666516088
2026-05-03T21:47:11.100Z,0,-5.812735576000705,-5.13222976508132,12.655771003210248,14.842379085705506,0.025802933296237285,0.004971401118769592,-0.05602453366027049,0.002204770177490089
2026-05-03T21:48:11.100Z,0,-1.6590271934546763,-8.586807311075972,-6.3921077953636996,10.832574629039915,-0.04422773635193167,-0.004176941228895004,-0.004063197355463899,0.005434103964797474
2026-05-03T21:49:12.100Z,0,121.75804825892556,92.95295505467038,-47.41398448504697,160.3538589930616,0.0571792268537763,0.13261458914559654,0.05966185890216025,0.002489995782963199
2026-05-03T21:50:11.100Z,1,-2.0433944455362507,-4.078326594253667,-2.860906085516035,5.384514119174338,0.03466115842787332,0.04704438099567554,-0.02330234803071818,0.0033149938651783053
2026-05-03T21:51:11.100Z,1,-3.4070507681462914,-7.258518931507751,-1.2111774867662461,8.10931827715697,-0.009504900111423353,-0.001427751001426003,0.0015551083301090785,0.003383634525871521
2026-05-03T21:52:11.100Z,1,-5.6126419112843,-6.517050275419933,9.788704367565515,13.030442306854065,0.004696353213873294,0.011600151675672521,0.011184660016816395,0.0011548860659055095
2026-05-03T21:53:11.100Z,1,-5.859308340404823,-8.947117549269024,3.67732807626453,11.30951583618232,0.04400632874723698,-0.058029614219190506,0.061634674417554436,0.004444085433462043
2026-05-03T21:54:12.100Z,1,-6.399490010153386,-8.2943867338372,2.6995226526196348,10.818398505902529,-0.040010491079378596,-0.02762444273773923,-0.08581126184203924,0.00027203347073626207
2026-05-03T21:55:12.100Z,1,-4.553571860469674,-8.847201791589043,0.6355976238410221,9.970555680050635,-0.08736706793754934,0.007258134793186599,0.11098049916391517,0.004278830234769615
2026-05-03T21:56:11.100Z,1,-8.33698641281444,-8.751519959389498,1.4773697121199802,12.17690705036935,0.009412246805062807,-0.009843351257643462,0.0278188236388921,0.0006076052195699579
2026-05-03T21:57:11.100Z,1,-8.861483925556968,-6.72225542967908,15.498551610107825,19.0766799374506,0.027859146371156385,0.035846092016900144,0.006034687694889129,0.003610074197272165
2026-05-03T21:58:11.100Z,1,-7.64598741352529,-7.131644157027495,10.535860443269485,14.843376542764865,0.0017423702436403232,0.007129276863526712,0.04380544546700449,0.002826807257976161
2026-05-03T21:59:11.100Z,1,-7.755490596082382,-8.886017621193787,3.094647464422451,12.19367813578598,-0.008812556846038433,0.030562327324457073,0.050818609264258185,0.000878423252728178
2026-05-03T22:00:11.100Z,0,-7.194426512342034,-8.998976017664972,2.7016205285690376,11.833853796983675,-0.010575267175738645,0.03595075790618907,0.11303889742531048,0.007681462916867888
2026-05-03T22:01:11.100Z,0,-6.701854099901539,-9.248794308973629,2.1508038607862545,11.622435278100847,0.02432633352889013,0.009898715141787306,0.11490761173926778,0.0014257489818624842
2026-05-03T22:02:11.100Z,0,-6.940884152641047,-8.572878651193605,2.6872024282056373,11.353025062890902,0.004558512522123692,-0.025000667529084808,-0.0810520733404152,0.0023993957897582106
2026-05-03T22:03:11.100Z,0,-6.531809960165447,-9.71753851649737,0.20768350168509642,11.710603255690913,0.013550140543827638,-0.007250937024583237,0.06650703479832432,0.0016979725571028119
2026-05-03T22:04:11.100Z,0,-7.64897146385124,-8.679874487711459,0.3593196815927513,11.574804370304266,0.006126881347157109,-0.014181383672484671,-0.036662495614375734,0.001548683047704538
2026-05-03T22:05:12.100Z,0,-7.247890195230866,-8.580924335774398,0.5718605316360481,11.246830629384087,0.03464665722674454,0.04284433338574978,-0.038532312177985695,0.0001523363902263309
2026-05-03T22:06:12.100Z,0,-6.516076498883194,-8.278650432430368,1.371660410768527,10.624347424860835,0.00019056469646727692,0.020395349344948244,-0.023812559313718396,0.0011114566514495471
2026-05-03T22:07:12.100Z,0,-6.16128135402505,-7.902177627784113,0.18091271704179235,10.021902443932287,0.023235148844946707,0.023158889859709042,-0.0060231949483569025,0.003328851419310083
2026-05-03T22:08:12.100Z,0,-5.344856282135879,-5.594752148226689,-5.70403578603873,9.612739699231692,-0.012543035176726391,-0.021409810463057788,-0.017867617184474938,0.0043327753215869035
2026-05-03T22:09:11.100Z,0,-6.114199816238397,-4.6040215979701316,-3.162338587571867,8.28135493804674,-0.04794528265872344,0.093557908470987,-0.09296748608900174,0.001455477473427942
2026-05-03T22:10:11.100Z,0,-5.477998482547264,-7.203062293001494,-3.95030720574141,9.874082275907092,-0.025430569445816786,-0.04072517589015501,-0.011570100407087835,0.00045623627169319924
2026-05-03T22:11:12.100Z,0,-5.997594685595686,-6.4438436827458645,-5.150972869159887,10.19935218134812,-0.02064107331456455,0.008637410509187982,-0.033098150374666346,0.001638745924392423
2026-05-03T22:12:11.100Z,0,-5.901904569327598,-6.22683478172803,-3.8252650019785506,9.39354040177344,-0.022592248362762746,-0.005745897522634047,0.02121832449208938,0.0007119897545063008
2026-05-03T22:13:11.100Z,0,-5.548978162551066,-5.719168968198574,-4.496407895203447,9.149739684566006,0.012365667190650242,-0.011983371363086248,-0.015894185448672715,0.006155278295342286
2026-05-03T22:14:11.100Z,0,-4.419542716277647,-5.658241983610424,-5.535012519430893,9.065562517370399,0.002928371401367258,-0.004014435960958407,0.00673649255933384,0.0007606894106551408
2026-05-03T22:15:12.100Z,0,-4.342586351413047,-4.981945954114053,-6.751741820153256,9.447955298116025,0.016079794447954043,-0.045052364038900006,-0.001440298563082365,0.005833856849954301
2026-05-03T22:16:12.100Z,0,-2.2674255160382017,-5.705325503186032,-8.87335704828729,10.790200316698286,-0.01715438436189487,0.022225170569378783,-0.07231054217893274,0.0033385505728540897
2026-05-03T22:17:11.100Z,0,-5.0168483876404935,-4.903201868273754,-10.156205155908538,12.343364998026974,-0.10636475536873746,0.06648075034143552,-0.13881144929506206,6.781483899438898e-05
2026-05-03T22:18:11.100Z,0,-4.716901625215542,-4.30096705554206,-10.479675964688795,12.27074108926169,0.04838620071456745,0.011732841826317397,0.001628795891051027,0.0009549243225984213
2026-05-03T22:19:12.100Z,0,-4.974739438694087,-4.203146128247681,-10.86248250794597,12.66522783426078,-0.02655702982767849,0.0012766460656399303,-0.025306689561688245,0.002167649140139083
2026-05-03T22:20:11.100Z,0,-4.256223408447113,-3.463840411200181,-11.85048836578062,13.059391356582374,0.006311255280166961,-0.0017501527274088602,-0.059203713455247,0.006115956965576405
2026-05-03T22:21:11.100Z,0,-5.047299669968197,-3.1569371511750433,-13.563362031618453,14.812369011595658,-0.007650868454334159,0.014706657965879444,-0.048358284823635245,0.0025271801649736684
2026-05-03T22:22:11.100Z,0,-4.483657144191966,-2.8513897240145525,-15.072881367359514,15.982032331946181,0.0030307189100575727,0.028231166902425997,-0.007231784443284539,0.0033488444529293825
2026-05-03T22:23:11.100Z,0,-5.091140556032769,-2.6545628445546754,-17.063928149582352,18.004001220592073,-0.030911520606302645,-0.03889376611176942,-0.008384399637684226,5.896508494234896e-05
2026-05-03T22:24:11.100Z,0,-4.558778600767255,-2.211924559446743,-18.187603527167084,18.880254093865307,-0.04459359699127141,-0.009182012955522012,-0.03460549536971058,0.0015192387341449588
2026-05-03T22:25:11.100Z,0,-7.410628048091894,-1.880554326589845,-18.88559085250563,20.374479980864944,-0.04707057565567219,0.028952431321060956,-0.04844204244136563,0.004763972101282702
2026-05-03T22:26:11.100Z,0,-8.561672979340074,-1.7277425822612713,-19.34608703925278,21.226361496169456,-0.04269510002685717,0.008082256973018787,-0.020056712655147635,0.002397911538819216
2026-05-03T22:27:11.100Z,0,-6.737377482750162,-0.9012063070485965,-19.657218692032075,20.79929505678758,-0.0461164313026452,0.010083091594559335,-0.008695745194131632,0.0018923797378122547
2026-05-03T22:28:11.100Z,0,-4.739802508083812,0.11603811407212561,-21.084391756517107,21.61089466916725,-0.02414222165075114,0.01790508692867121,0.006053680405848638,0.0035856551952309188
2026-05-03T22:29:11.100Z,0,-7.124351184756961,-0.07170424953528709,-24.193411319288316,25.220679462841943,0.011894110743204678,0.001939048088983597,0.005838251739831435,0.0038529299442441934
2026-05-03T22:30:12.100Z,0,-6.665187107500969,-1.2254910887463666,-26.607937935523296,27.45740171187459,-0.01329311925646337,0.011503409327984215,0.019118635204762313,3.244112316683595e-05
2026-05-03T22:31:11.100Z,0,-9.231118516254355,-1.3716071790668138,-27.474803958739358,29.016541969813726,-0.013836677622558469,-0.019343613693489914,0.0378182214069156,0.0001664253213279219
2026-05-03T22:32:12.100Z,0,-14.30576534858119,-0.35283219147963507,-27.735287119412533,31.209382633436718,-0.026541331187068806,-0.003165131762239426,0.011524662500761451,0.002020257134646527
2026-05-03T22:33:11.100Z,0,-17.82432055551908,0.36951987527800156,-27.51476609000747,32.78574844642029,-0.02435377790854787,0.04231736228121896,-0.0021713761642061513,0.005377870772453778
2026-05-03T22:34:11.100Z,0,-18.414683432638412,1.4844601114134548,-27.941388960698532,33.49664766509794,0.005706284476936219,0.009927400400400188,0.01800958453124224,0.0025168528941010566
2026-05-03T22:35:11.100Z,0,-19.951914480770938,2.480233303344903,-28.075283019461494,34.53189779479085,-0.05906622609996859,0.0047832973726347205,0.02965707560864672,0.0033504712646739133
2026-05-03T22:36:11.100Z,0,-22.39568757977395,2.424511264678131,-28.992058772018936,36.714909081783006,-0.03293093428569094,-0.025335048641439428,0.036665948892178335,0.003447783632162553
2026-05-03T22:37:11.100Z,0,-24.595647532805742,2.2370784721488235,-29.59223650077547,38.544141691914646,-0.07181587179427851,-0.047562504961851104,-0.011203029282924604,0.0011773088987236562
2026-05-03T22:38:11.100Z,0,-28.80173848461709,2.6415070636858218,-30.950648128055036,42.36107079442695,-0.05831650546284095,0.0011240116171151726,0.09898306257305478,0.00442610226622141
2026-05-03T22:39:11.100Z,0,-27.678554598423943,1.2379431386762008,-28.756580067238247,39.932139750281536,-0.03100297407776509,-0.008953588380489208,-0.030988086878736,0.00040434382793676655
2026-05-03T22:40:12.100Z,0,-32.5125302260858,3.021318362243619,-26.14818989604828,41.83205494818507,0.01218081086662437,0.0012612655047039567,-0.006470896158461414,0.0042776247270106356
2026-05-03T22:41:11.100Z,0,-32.70749693092512,3.602289091077182,-25.118519199168077,41.39682172511732,-0.0061070211572200606,0.012851614206499384,0.023896269278900206,0.0006136432516042907
2026-05-03T22:42:12.100Z,0,-36.277097031415906,4.94845825005541,-23.873202871072863,43.70863557013314,-0.03614005975904888,0.014671150601719418,0.04982060342939576,0.003758813505415732
2026-05-03T22:43:11.100Z,0,-37.914465014637244,5.417221466245792,-22.111530415713787,44.2241192460126,-0.04053651610114173,-0.03337975788286762,0.03703442776803456,0.002843139905197135
2026-05-03T22:44:13.100Z,0,-39.627089294754114,5.402430704521066,-19.89179472457181,44.66739259074869,0.00015900194050288974,0.014062462263653153,-0.04032426008571122,0.0006553206078058459
2026-05-03T22:45:11.100Z,0,-39.16730097171239,6.626399786568982,-18.423941358378215,43.788448873157215,0.2225696613038508,-0.08358272071729012,-0.5255499529819296,0.007697468196078115
2026-05-03T22:46:11.100Z,0,-49.00144654357064,7.700071013687193,-13.628833774419036,51.441014444011316,0.045788888865416766,0.022633277955874664,-0.007669880408567309,0.0014492189163576546
2026-05-03T22:47:11.100Z,0,-40.901913501329545,6.599286262485293,-14.902109996000945,44.02942186285646,-0.022979788672827794,0.034554661863139824,0.07983484822160491,0.002396475926259361
2026-05-03T22:48:11.100Z,0,-41.18230467906869,7.978285544254504,-13.4755038716321,44.05932890432712,0.00959129586508567,0.014628683678574728,0.03777375418589912,0.0017294970247309007
2026-05-03T22:49:11.100Z,0,-56.60200721968067,4.372198718670006,6.599722969440336,57.152949934414416,0.0031311424608659877,-0.004842197105409812,0.02498467680744909,0.0015913779442326278
2026-05-03T22:50:11.100Z,1,-42.1080103130862,8.640589130777698,-10.013119343966537,44.13623083194128,-0.0030250331004566533,0.007904863851534993,0.07165047478552289,0.000362164957434972
2026-05-03T22:51:11.100Z,1,-42.47737129645657,8.317639487927408,-10.345686640903295,44.503296855176096,-0.013988218322324997,-0.010409072795120045,0.14766578605712732,0.0010880076768304046
2026-05-03T22:52:11.100Z,1,-42.26415405844364,8.615165037895167,-12.521642261162924,44.91404359242853,0.11103403435441805,0.1316495446424537,-0.003135952946001219,0.003509417438209281
2026-05-03T23:05:56.100Z,0,218.69362498546252,91.37761943296852,-73.24870635875413,248.07689115624925,-0.3920014966656282,-0.14807179816500593,0.1576961008336042,0.001047799464834917
2026-05-03T23:06:11.100Z,0,180.344404522657,72.82670406517866,-59.556580133175885,203.40801189920776,-0.5792579233068196,-0.05159329594595086,0.3110391667293655,0.0025313838802287405
2026-05-03T23:07:26.100Z,0,-22.547551881871186,7.718294316816809,15.739234983811912,28.560246513332622,-0.06174117684443203,-0.1503320388094309,-0.5059797475333028,0.004909380368041077
2026-05-03T23:08:11.100Z,0,-21.13668704078009,2.1037550614835254,16.375618956772087,26.82063050407264,0.1942761032744933,0.02622246379524462,-0.00523075519076599,2.890874038096857e-05
2026-05-03T23:09:11.100Z,0,-21.80531329486257,7.022185271296166,14.241019156088441,26.97386513786256,0.006751107710645243,0.031411071171660865,0.06985386355040646,0.0015188442647072163
2026-05-03T23:22:11.100Z,0,-6.596237907615432,-0.9386510671447468,10.795569018682727,12.686044726267408,0.02567528814489961,0.042195865774585783,-0.05690912309663787,0.0011991077440679085
2026-05-03T23:23:12.100Z,0,-7.510714525778894,-1.2276324748654588,9.448085188523692,12.131950705088244,0.004628623517355379,0.015494785888248153,-0.013547799228241786,0.004137366759698374
2026-05-03T23:24:11.100Z,0,-9.987639448809205,-0.5497334807387233,9.95312857821773,14.110985690368672,0.0671458481740217,-0.006568750101632048,-0.029180425553221312,0.00037460470265705836
2026-05-03T23:25:12.100Z,0,-7.543427176642581,-1.8851765084946237,8.473596892599744,11.500392529638537,0.060729704723705424,0.0024275657506955817,-0.053121148041235244,0.004236001107961787
2026-05-03T23:26:13.100Z,0,-6.06485385378619,-2.4521647976598615,6.702580796627444,9.365903789703715,0.0011391067911148411,-0.016368874513505993,-0.021319613368930845,9.60392348975976e-05
2026-05-03T23:27:12.100Z,0,-5.548992595322488,-3.2371903932926216,7.028603501566977,9.52218397467773,0.017611870513967176,-0.011866012530781234,-0.0046318637938469465,0.003808436491859537
2026-05-03T23:28:11.100Z,0,-4.337539057814865,-4.214900541228417,7.193180580543412,9.397950761459859,-0.005737877344813569,-0.01862086771599672,0.039361143268301646,0.0028664613683289123
2026-05-03T23:29:11.100Z,0,-4.2437768634044915,-4.336282729809682,6.957272194085817,9.231285195562569,-0.029907444473842304,-0.01877138730149719,-0.01997369514317171,0.0008959831223027721
2026-05-03T23:30:11.100Z,0,-3.086411933963973,-4.986374809504923,2.458193333950476,6.358662346284715,0.005225492621718786,-0.02902459059977991,-0.05093151697099785,0.0076352189018387175
2026-05-03T23:31:11.100Z,0,-3.1245508544088807,-5.384619870937968,-0.7743527212369372,6.273481595826541,-0.03593868801399225,-0.027356927690291855,0.05907139333238831,0.0014527581541569211
2026-05-03T23:32:11.100Z,0,-6.957245167086512,-4.705426387772604,2.691092711756937,8.819652929053767,0.015877927455498764,-0.02649812062582857,0.0032946132311195697,0.002423229032382643
2026-05-03T23:33:11.100Z,0,-5.916644132867077,-4.892341116374155,2.9681227661058074,8.231125812951174,0.010390036170981887,-0.02453241947464324,-0.004059599072903097,0.001741808655834689
2026-05-03T23:34:11.100Z,0,-5.103486269035784,-5.033897307612278,1.9553607880880008,7.430284652246847,0.004774076487912282,-0.02677234888026625,-0.038692780401472504,0.0015660368358488392
2026-05-03T23:35:11.100Z,0,-4.699524375155306,-5.595562821554267,1.9874728832292021,7.572707646820299,0.009527819537780147,0.008190549976694328,-0.036490082772733246,0.0003764526502826832
2026-05-03T23:36:11.100Z,0,-3.8534300335868465,-4.746113039118427,-3.614006352108845,7.1017993436116,0.04338791006741616,0.051375099386019585,0.009047456534183596,0.001108532707942944
2026-05-03T23:37:11.100Z,0,-4.8653596945769095,-6.163912521287784,-0.5345027539078728,7.870910730127546,0.047319976084203574,0.029551780485137513,-0.0605820597989748,0.0035355893294309526
2026-05-03T23:38:11.100Z,0,-5.1640529545693425,-5.176561848884376,-2.523755132642691,7.735216575019856,0.01144977844358408,0.028441611015672663,-0.017607713495015886,0.004315467914014522
2026-05-03T23:41:11.100Z,0,-5.059867167005905,-5.358059720151687,0.3479883444015286,7.377815096645866,0.02113842563922219,0.005041875383859917,-0.030613825999448174,0.0018303579392175203
2026-05-03T23:42:11.100Z,0,-4.564231161793941,-5.906035849989166,2.3307712635869393,7.819588239978547,-0.019782757997965916,-0.022277632050204943,-0.01250028618626775,0.0006970521598808134
2026-05-03T23:43:11.100Z,0,-4.2461189364075835,-4.9294764036176275,-0.4313817289585131,6.520379884026795,-0.03403166745030717,-0.0018511817985178425,-0.05549258778891897,0.0061482929916496214
2026-05-03T23:44:11.100Z,0,-3.593684683664833,-6.465537467477134,-0.22697610256727785,7.400625818138252,0.06644803477495742,0.02304792714635795,0.05536674532957697,0.0007859261546800375
2026-05-03T23:45:12.100Z,0,-3.8105936387182737,-5.385763431831947,-4.08250308373681,7.758472984538837,0.03956052624154438,0.034040896403464416,0.07541721936643597,0.005812930034348438
2026-05-03T23:46:11.100Z,0,-5.049501357916597,-5.688253609179128,-4.068880290105881,8.62609296849698,0.005602608250221408,-0.007668275151750947,-0.06113040912048007,0.0031831116078523194
2026-05-03T23:47:11.100Z,0,-4.152572028488066,-4.943094652581692,-2.8365894686430693,7.051544441452523,0.0024940362317593667,0.029452686285402763,-0.021423656158425786,3.256045609510801e-05
2026-05-03T23:48:11.100Z,0,-3.370781189914851,-4.502063434216552,-3.356156396876031,6.549391327160518,0.001953057937598146,-0.0012341586894670797,-0.00833407369871253,0.000960501157591472
2026-05-03T23:49:11.100Z,0,-3.2378897039961885,-4.3305584370045835,-3.8196300774870906,6.620214501086815,-0.026000580071183776,0.014088701179026941,-0.04702995101535379,0.0023979912331283204
2026-05-03T23:50:11.100Z,1,-2.896073160627566,-4.265095721677881,-4.475930388252891,6.8273152927976,-0.018025613119476702,-0.038217232782855604,0.0440983436202913,0.006079690943488803
2026-05-03T23:51:12.100Z,1,-0.6012534649926238,-3.824436285867705,-6.389493422830128,7.470839633817384,-0.012618754777093955,-0.07409070670982842,-0.02901002526023433,0.0025087870232994008
2026-05-03T23:52:12.100Z,1,-3.210517095794785,-3.3233696863135265,-8.290783457596262,9.491538149059407,-0.032658181720712776,0.004391495213695862,-0.05669859309520575,0.0035311486670214897
2026-05-03T23:53:12.100Z,1,-3.989682061728672,-3.68199625302168,-7.022135044280731,8.87609373210202,-0.005713828801212628,-0.00475595385429628,-0.07883702019562122,0.0002048266226651869
2026-05-03T23:54:11.100Z,1,-3.6491605887931655,-3.4589122531087924,-7.583967239042977,9.09928601926462,-0.006953908357587579,-0.00549712080211151,-0.005484371276232025,0.0014806346546375091
2026-05-03T23:55:11.100Z,1,-3.548553499058471,-3.2733140615164302,-8.645587008686562,9.902171055166193,0.028146978782839227,0.010542170934435546,-0.015719478997588965,0.004718302050118242
2026-05-03T23:56:11.100Z,1,-2.4039328391154413,-2.955624720243577,-9.052231350779039,9.821278074157123,0.03572853437106005,-0.018502395092934165,0.012773777319452506,0.0023919788251303134
2026-05-03T23:57:11.100Z,1,-2.652067632880062,-3.0716531005055003,-9.86066472978564,10.663077623859522,0.005810622997426407,0.006536714891591799,0.03355807101268482,0.0019275301007353608
2026-05-03T23:58:11.100Z,1,-1.1089959371020086,-3.5504962118011463,-11.04303554575381,11.652661902042176,-0.0314667314271766,0.030312630135309604,0.0004085418296995158,0.0035953651867739675
2026-05-03T23:59:11.100Z,1,-3.358440778356453,-1.8468142279743915,-13.056066045464831,13.60700951120105,0.011783206760318521,0.010150439471168227,-0.034537422565428244,0.0038225474513378516
2026-05-04T00:00:11.100Z,0,-3.5970526814708137,-2.879388433711938,-12.617054596375965,13.432041260858393,-0.004539573026596244,0.028545997243334398,-0.0027993980076246316,0.0001109233940006394
2026-05-04T00:01:11.100Z,0,-4.43470637765131,-2.1392908879533934,-13.561092447162082,14.427280219075877,-0.05251694805874507,0.019889557550056836,-0.01351472330224368,0.00017200222620655244
2026-05-04T00:02:11.100Z,0,-4.609732502103725,-1.3912873473600484,-13.771906367310294,14.589404347465234,-0.050526481477186636,0.006920961543421811,-0.007774284614292526,0.002177631750579006
2026-05-04T00:03:11.100Z,0,-4.087921284735785,-1.3497772297341726,-14.91758687939182,15.526345265525551,-0.01169827992082706,0.038177330929922704,-0.03860815561296249,0.005374686076463523
2026-05-04T00:04:11.100Z,0,-3.5011986474273726,-1.293662013267749,-17.1345747405951,17.536407982091397,0.06682266331703435,-0.024881007006039013,0.008704358318567529,0.002552940419407037
2026-05-04T00:05:11.100Z,0,-2.9788685405947035,-2.4258878038381226,-17.987649203632827,18.39331708235108,0.03049939165489235,-0.04512971637926633,0.008220631677602341,0.003328728630953264
2026-05-04T00:06:11.100Z,0,-4.378058938527829,-2.454481797030894,-18.498327285215055,19.167159239493763,-0.05376938758505645,0.03844304411559918,-0.024683076945919424,0.0034700721678335047
2026-05-04T00:07:11.100Z,0,-5.39658504203544,-0.5871526050214015,-19.095798206762993,19.852389968235986,0.02907538201668558,0.008760807804986115,-0.007444002483758538,0.0012051458294271053
2026-05-04T00:08:11.100Z,0,-5.550659578148043,1.9591069135458383,-19.141375814115236,20.025987858489913,-0.03073679174381283,0.028529240103547515,0.019050249011165477,0.0044082400901886585
2026-05-04T00:09:11.100Z,0,-7.549105380348919,3.421424003136053,-20.04160864817095,21.68781250977814,-0.03018006610000512,0.023993638466612843,0.03272104303952972,0.0003615925751735835
2026-05-04T00:10:11.100Z,0,-9.086742944418802,4.4163620636936685,-20.30506657456499,22.67970193395614,-0.07087592197807524,0.020446198805978977,0.017917848644799506,0.0042508278279504725
2026-05-04T00:11:11.100Z,0,-11.118273296233383,4.55119786238356,-20.957947332135518,24.157089217222907,-0.09632157320149659,0.03298295707197807,0.057828368642987016,0.0006613795826406669
2026-05-04T00:12:11.100Z,0,-12.058079619237105,5.465885400553816,-20.504854318915022,24.407421780183515,-0.0996113957052458,-0.0182642591859683,-0.0667911107532504,0.0036705844361406663
2026-05-04T00:13:12.100Z,0,-7.231977175251814,0.5166778128113947,-27.31382574120289,28.259750997601028,0.3264395845725687,-0.0677208015216757,-0.2638158415448899,0.002570098749307318
2026-05-04T00:14:11.100Z,0,-12.701424641818448,5.184513624953979,-21.009568339650286,25.09197742860379,-0.024129644226711378,0.02803487220470746,0.06636987996433419,0.0009127987552967656
2026-05-04T00:15:11.100Z,0,-16.732472927287745,7.714732530985202,-18.46975860553357,26.08878554539747,-0.03909018703041056,0.012760277864343195,0.00638342098291389,0.007676738100578771
2026-05-04T00:16:11.100Z,0,-17.05619226413546,9.16091220551607,-18.18773254399275,26.5636899183856,-0.09109892841419054,0.048365903689617795,0.06204633476869503,0.0014319880500015558
2026-05-04T00:17:12.100Z,0,-18.23170568104615,9.899576344196248,-17.984998912652372,27.456454427383143,-0.05362478993298225,0.03731812373652943,0.04375572965376051,0.0026194766227204042
2026-05-04T00:18:11.100Z,0,-19.722170648947213,11.52722453161914,-16.855759769896395,28.389391644221874,-0.008786239074076718,-0.02813290888914466,-0.05694265135858245,0.0017105914791804035
2026-05-04T00:19:11.100Z,0,-18.083448942434188,11.6130413503015,-18.342165983995073,28.254360867693727,-0.006275276934530893,0.10109535564439831,-0.0007027859094677069,0.0015693473348062641
2026-05-04T00:20:11.100Z,0,-22.543371650499466,5.777664247943903,-19.41383201028657,30.30646602390552,-0.10355287860264184,0.007840379732337865,0.07662871269964455,0.0003388351475808738
2026-05-04T00:38:54.100Z,0,-24.99037645793578,24.66761519804095,0.22761912987334654,35.114982066580296,0.013084874478153097,-0.0687155127092609,-0.018861164878813952,0.000853915207212484
2026-05-04T00:39:11.100Z,0,-15.277000446076272,15.572139787082051,6.804207217101066,22.851160058760442,0.035153329964288105,-0.04941811495662307,0.020831484953909296,0.0014826665137208045
2026-05-04T00:40:11.100Z,0,-14.863136253552511,14.703948997066618,4.323372364524403,21.349718593047935,0.09250296879415032,-0.09714486956990953,0.010664530161186292,0.004727985973289466
2026-05-04T00:41:11.100Z,0,-14.69379856462183,14.21241234424997,5.1940417015430285,21.092141903989727,-0.10355608696377416,-0.11000051085741092,0.039283076144869256,0.0024071672237798575
2026-05-04T00:42:11.100Z,0,-21.922447237557208,12.346293796781538,1.2094993981008884,25.189036349053378,0.18023657463794862,-0.028571655430020826,0.08062496052829715,0.0019265508358148216
2026-05-04T00:43:11.100Z,0,-10.982465218148718,12.112384700685652,7.557200740848202,18.012098390879583,0.006547870333495354,0.006781804423372506,-0.10472142923223515,0.0036306969019764147
2026-05-04T00:44:11.100Z,0,-17.763039480996667,6.922182211837935,-3.7618609730998287,19.431772337032548,0.007854779950022817,-0.0058326252267981715,0.02700791016341242,0.003862462518270081
2026-05-04T00:45:12.100Z,0,-17.49450876195624,7.479399740986992,-0.2555789151301724,19.02799458402012,0.07101706573076072,-0.044629764341941325,0.02058493179646348,7.123676966549797e-05
2026-05-04T00:46:11.100Z,0,-13.570064773375634,11.423363434460043,3.085314092459157,18.00441760120266,0.0315174944316432,-0.04299862176537772,0.017691176378065165,0.0001254064552840307
2026-05-04T00:47:12.100Z,0,-17.604652804948273,12.97420834453078,2.6272808813700976,22.026268121941992,0.020349833035337994,-0.020830456975318157,0.01137447063026542,0.0020092924665095512
2026-05-04T00:48:11.100Z,0,-18.049023296953237,15.426332065999304,3.865099822405682,24.055726129585018,0.07925570002265125,0.03872944591520877,-0.08137946739150692,0.005415884418952137
2026-05-04T00:49:11.100Z,0,-20.114845927309943,19.6292924683803,14.540312521603482,31.643906802329703,8.170938525786653e-05,-0.021823680886878805,-0.0775162489885517,0.002506083207411819
2026-05-04T00:50:12.100Z,1,-28.039685071235,19.3750642233681,9.268307219372218,35.32022892431962,-0.027097412728160908,-0.0710787703539495,0.020511944772927393,0.0034401411539609524
2026-05-04T00:51:11.100Z,1,-24.3481020524996,10.60555875301361,10.818925474723073,28.676769316821073,0.07885127110252022,-0.1469304336974009,0.017644015829709758,0.003404321017857182
2026-05-04T00:52:12.100Z,1,-19.084398535596847,12.62053147138431,1.9606424248763688,22.963801967529637,0.06333295362337399,-0.0025658153068874867,-0.04015043707372712,0.0013137199177308098
2026-05-04T00:53:11.100Z,1,-15.76982158167084,11.983716780378018,3.51539596516659,20.116032148064253,-0.07148483128616157,-0.04718525146341079,-0.04355674030964707,0.004469558116704399
2026-05-04T00:54:11.100Z,1,-10.664660479051236,7.627729675277806,4.970076301674453,14.022086206303861,-0.003193496316944433,0.015692869914429863,-0.050035729316277866,0.00042462406800669833
2026-05-04T00:55:11.100Z,1,-10.841933543815685,5.373897228309943,3.107681893197878,12.493357480607964,0.20597037593983458,0.13569068315444355,0.02534871650361481,0.00422714158907659
2026-05-04T00:56:11.100Z,1,-12.027753261463658,7.439594318384479,5.289960526170034,15.099605773304992,-0.07379513029537321,0.06143194826702114,0.01187670024282994,0.0005803860019671929
2026-05-04T00:57:11.100Z,1,-13.444794863971765,6.4374812905043655,6.310424275625337,16.1871902700338,0.010997252392286327,0.0003180473875843276,-0.056303378400457404,0.0036335595835054846
2026-05-04T00:58:12.100Z,1,-19.897832081369415,11.542064210061653,10.160650049783726,25.147202174431456,0.11724509746757761,-0.030663288067778183,-0.09443137698195159,0.0026232939161672996
2026-05-04T00:59:11.100Z,1,-18.52518382565904,-0.09316266778114368,3.682199219838367,18.8878189887479,0.06575905734784726,0.01621813990637655,-0.08032672187319179,0.0008536467073096285
2026-05-04T01:00:11.100Z,0,-5.575399979534268,4.368448180684936,0.5900198098061082,7.107499406618609,-0.011290933788821178,0.05230696281266489,0.0240575312480118,0.0076475527939625565
2026-05-04T01:01:11.100Z,0,-5.999961566885759,4.363588911473926,0.30129711058179964,7.425040534656316,-0.005159679263400108,-0.020553793685040844,-0.04571036448552945,0.0014941882847924336
2026-05-04T01:02:11.100Z,0,-6.530377518174646,3.37965590551903,-1.361562586225773,7.478085132291576,-0.001242852610161549,-0.004724185192150898,-0.16924302264342828,0.0023980735185559535
2026-05-04T01:03:11.100Z,0,-6.38838551049048,3.3944888295991404,-2.54067290097737,7.667401296050626,-0.04344808263212485,-0.10820976876635413,-0.03327446820122759,0.0017799585505203243
2026-05-04T01:04:11.100Z,0,-6.4744156238703,2.2994870669208467,-1.7131794847955462,7.081008571430797,-0.007852163988353311,0.03621797044361941,0.001153854575441926,0.0016306474260027962
2026-05-04T01:05:11.100Z,0,-6.508262543320598,-0.01964386456165812,-2.2894547046234948,6.899236918582189,-0.021440328644040108,-0.015660059665023596,0.008355445332064448,0.000385172457300925
2026-05-04T01:06:12.100Z,0,-6.855197404092905,2.1233084930827317,-2.4970935401142924,7.598529236237754,-0.010728986723940181,0.036356121722480594,0.017130044374980002,0.001010816375596273
2026-05-04T01:07:11.100Z,0,-7.644920262009691,2.027641697168292,-1.36656162521831,8.026433039657228,0.011958949835744193,0.005097972003209605,-0.04774809455998508,0.003475781785146758
2026-05-04T01:08:12.100Z,0,-8.292600478398526,1.6280286054097814,-0.6430132698369562,8.475326890424606,-0.014422923916512786,0.003457591612576749,0.046621657185941245,0.004359413609440278
2026-05-04T01:09:11.100Z,0,-7.941147571273177,1.7342538517368666,-0.6571502699443954,8.154833391816783,-0.003581441617939163,0.025656514533345387,-0.08901381128323393,0.0013786180163616085
2026-05-04T01:10:11.100Z,0,-8.4436022891623,1.762023227456666,-2.318220956112782,8.931589661029221,0.007139285203017209,-0.03415040727006158,-0.08414659780209277,0.0005040473572848958
2026-05-04T01:11:11.100Z,0,-8.5025779951593,1.2060457120242063,0.4178014942226582,8.597844899265965,-0.0025698364440884802,-0.0599861969723392,-0.042270108056019495,0.001801580355506227
2026-05-04T01:12:11.100Z,0,-9.846959667811461,6.941607169665076,-2.3171793454821454,12.268571429330322,0.007239801754543862,0.05351680199439102,-0.014615386601857239,0.0007441918946774969
2026-05-04T01:13:11.100Z,0,-8.549106019131614,2.481598910435423,-2.084061741697951,9.142694363361151,-0.02416479757449963,-0.07513656909896582,0.081970231439632,0.00614408798716957
2026-05-04T01:14:11.100Z,0,-9.71104028155878,1.9308657385863626,-3.394194206521206,10.466761684594047,0.003273058491792824,-0.00016776740530133338,-0.014281303535312873,0.0007512203665906161
2026-05-04T01:15:11.100Z,0,-9.388250213749672,1.02107608586266,-2.0459596962609794,9.6627009437225,-0.017529141810079807,0.014490576063508342,0.013511886346351254,0.005668796321865236
2026-05-04T01:16:11.100Z,0,-8.864775813492543,0.6007371773648629,-1.9990587161373696,9.107215333476828,0.0043708981500856225,-0.02623985395544537,-0.015372987389683512,0.003160252615194774
2026-05-04T01:17:11.100Z,0,-7.8305561439719895,0.846044648710631,0.621210321696708,7.900588796747487,-0.022270197119311774,0.012705137378610232,0.016885224379675767,6.2084392156105e-05
2026-05-04T01:18:11.100Z,0,-8.530074083637373,-0.003775343145662191,2.4677088931639446,8.879851648927376,-0.01951505669861575,0.012050563400478609,0.0917480469980747,0.0009719749071801025
2026-05-04T01:19:32.100Z,0,-8.076273857113847,1.7248247336354439,-0.5088771304144757,8.274066455541679,-0.003197756390349582,0.026198678135358477,-0.07770667512363438,0.002634114383998852
2026-05-04T01:20:11.100Z,0,-8.725189100914577,0.9902342672489794,-1.2066334438713966,8.863715531233028,0.02119226099139837,0.04371451896112433,-0.18268930794596017,0.006087433960115934
2026-05-04T01:21:11.100Z,0,-8.719572044356028,1.0248387577576068,-0.4201857118459884,8.789640899863704,-0.0011672801969453417,0.011550984101660333,0.005419684158791682,0.002525159143453209
2026-05-04T01:22:11.100Z,0,-8.48946039150178,0.204621005309491,0.8124871956169955,8.530705887424146,0.002890232498664602,0.014106972136218587,0.0030120628577989805,0.0033760733573641164
2026-05-04T01:23:11.100Z,0,-7.234162220811413,0.15022511320239573,-0.12096715090592625,7.2367329419600726,0.009625839130222857,0.016472757682350903,-0.027599944396605736,4.4406195800750343e-05
2026-05-04T01:24:11.100Z,0,-5.809751058222901,-1.6925028778587148,2.582163353508804,6.5791595917933146,-0.01708480430195891,0.0426551707715106,0.007014956016071494,0.0014864679787435148
2026-05-04T01:25:11.100Z,0,-4.443534012807504,-2.950235561684167,3.1765790527060744,6.208022138370165,-0.00045719527719256803,0.059154579820308584,-0.018915823657206232,0.004694490681289361
2026-05-04T01:26:11.100Z,0,-5.659774766172632,-4.828100074291797,1.845643939304864,7.664855007230972,-0.01729605867240025,-0.13250799445607697,-0.08981182046685632,0.0024140606239409727
2026-05-04T01:27:12.100Z,0,-7.799301615250442,-5.080036771687446,2.8517214277599123,9.73489570508538,-0.02575933554860299,-0.0178188715613814,0.009903234843733344,0.0017439604459510939
2026-05-04T01:28:11.100Z,0,-6.087808947540907,-1.9746818634303054,-0.05512358620762825,6.40029880968663,0.03247730973043872,0.019012416418107136,-0.10016180664340624,0.003644413640655529
2026-05-04T01:29:11.100Z,0,-5.07835067310225,-1.8378212735115085,-1.3243170542409644,5.560669766540988,-0.02327321071060595,-0.004474125263165263,-0.044750301864127096,0.0038459900158845897
2026-05-04T01:30:11.100Z,0,-5.998515405735816,-0.48262528571285657,-1.705724223938887,6.254966775882287,0.011323195491463878,-0.04469514319005441,-0.014711400457834145,0.0001467190029848712
2026-05-04T01:31:12.100Z,0,-5.188769806409255,-0.43587531445155037,-2.155756147658394,5.635654705694764,-0.07498813730144605,0.1075028112347276,-0.057224895377849805,0.00011600607658243207
2026-05-04T01:32:11.100Z,0,-0.9009354134832392,-8.447799416444468,3.376508185738203,9.142089866551565,-0.08384602669675445,0.07765079990829094,-0.187789115389414,0.002181384118302494
2026-05-04T01:33:32.100Z,0,-11.696009135448548,-33.12342768140297,19.1814268264352,40.0235583895225,-0.32924430279424044,-0.4628827687076509,0.2981108573276714,0.003223812182808305
2026-05-04T01:34:13.100Z,0,-17.700887135106314,-45.935909634408745,31.13722436637545,58.24908531944809,0.029342972259982503,0.16054764947970313,-0.08725068125148283,0.002543083608022282
2026-05-04T01:35:11.100Z,0,-2.7106856177852023,-3.585089690204768,-5.597012286671088,7.1782470800625955,-0.03495340779346989,0.06712083279669656,-0.02734233881440673,0.003297003030673801
2026-05-04T01:36:12.100Z,0,-3.2397745808339096,-2.8466729218052933,-3.4262041849615343,5.508045131932468,-0.08174362956858694,0.08713823909056728,-0.09653492415662157,0.0032047586033834164
2026-05-04T01:37:11.100Z,0,-2.5960730326914927,-2.1901291293033864,-3.8729702332602756,5.151325967341939,-0.12300160101913482,0.21236341944197434,-0.03802097091476497,0.0011924836131307621
2026-05-04T01:38:12.100Z,0,-2.8775980917998822,-3.8161048978508916,-5.581202869279878,7.3479965186021845,-0.0012025543261323657,-0.031124752572608827,-0.0441885036144285,0.004165620018039718
2026-05-04T01:39:11.100Z,0,3.680742894175637,-12.893456045276253,-8.990830426455432,16.143856689210665,0.056270764266008744,-0.8411439284805589,-0.39922537674463854,0.0004034282778581573
2026-05-04T01:40:23.100Z,0,3.259734632592881,-11.04848072736786,-9.00694923325318,14.622582902768736,0.5798274673114445,1.0850753504412225,0.5883564782607209,0.0041579335864186644
2026-05-04T01:43:00.100Z,0,5.323319923263625,-13.275677500132588,-11.335176102420519,18.25013877661831,-0.6573592146363882,-2.9082628355371343,-1.2744967881488378,0.005391722418706141
2026-05-04T01:43:11.100Z,0,5.215877044975059,-12.569862030431977,-11.372404205985731,17.735229974170483,0.07523408796439313,-0.3004390437126858,-0.11608236335813871,0.002865712870353271
2026-05-04T01:45:04.100Z,0,7.454290322129964,-19.239502313212142,-16.550372916526612,26.450703906376354,0.020839427561814006,0.22032631787410883,0.04813231056477463,0.007527332874875008
2026-05-04T01:45:11.100Z,0,5.370078920350352,-18.79816631662834,-16.61150852760329,25.654454194955083,-0.06755008529646389,0.2349964526559556,0.03294046563251385,0.007679330250829162
2026-05-04T01:46:11.100Z,0,-10.625437546877947,-44.68749439820385,-31.10803392246453,55.47595743358837,-0.1800539712242255,-0.11812081656026319,-0.0019742129726552093,0.001454305095376223
2026-05-04T01:47:11.100Z,0,-14.01198933399428,-47.99174670188222,-32.859344664302625,59.82708524039113,-0.14708000244922914,-0.2101517927637353,-0.02706963109844196,0.0024016015050597503
2026-05-04T01:48:11.100Z,0,1.8741937310551293,-14.574238061868527,-16.615593016922503,22.181049310831703,-0.03573658185906936,-0.1538007718531187,-0.033983721730912464,0.0017244974926580534
2026-05-04T01:49:12.100Z,0,-1.2354722239251714,-6.223642037184618,-15.336799615397467,16.597515906483054,-0.033156001987943995,0.013509578446813109,0.013841586783414073,0.0017379667858069795
2026-05-04T01:50:11.100Z,1,-11.153560988077516,7.594584716571262,-6.352010806494945,14.914009555373466,-0.06867363810103555,0.0701446822413132,0.06598588438766484,0.0003538553143490635
2026-05-04T01:51:11.100Z,1,-7.637318838533247,7.136862102015584,-11.87703344021429,15.82173704258068,-0.18487185093807312,0.20845978435257706,0.2448916329154116,0.0011111777230737522
2026-05-04T01:55:11.100Z,1,-8.572821619054594,9.974658813462156,-12.054259112119325,17.8407469490271,-0.016097948672744167,0.03995992413186045,0.10420952613365841,0.0005109789120957126
2026-05-04T01:56:20.100Z,1,-9.116845171774912,11.359238459590415,-10.696878994167491,18.071313856048633,0.7468755451442988,0.08620654109403603,-2.009665180981557,0.000243099105592942
2026-05-04T01:58:50.100Z,1,-1.9828710562705965,10.584741229649808,-31.09634010706941,32.90821922527832,0.02953819470263852,-0.011677597880677126,-0.01387053141055361,0.001673060668015444
2026-05-04T01:59:11.100Z,1,3.8909757959117997,12.231152800268319,-28.0819650115518,30.87616476147746,-0.0760653370974751,-0.03473184234881188,-0.04794679497965859,0.000789061421071282
2026-05-04T02:00:11.100Z,0,1.9931283318328497,13.078203528948507,-22.87915815395536,26.428542258805308,-0.0711149158565405,0.042710430317782766,-0.11003021321887019,0.005707983924633027
2026-05-04T02:11:14.100Z,0,-45.05786921754407,53.616988682961164,50.84412743417488,86.5454698317405,-0.006576338360098077,0.0029771266234490668,0.2599251837680505,0.002509538048627744
2026-05-04T02:12:15.100Z,0,-10.698087510718324,19.102648587704607,2.601818680886936,22.048349595843504,0.01660569943906509,0.005556849863808111,0.03650883956263229,0.0011078135113688904
2026-05-04T02:13:15.100Z,0,-9.657277139012876,18.404796022423398,2.834197005540773,20.976944273009096,-0.00822599511751676,0.06431713232668557,0.017039567469456784,0.0033236260475913364
2026-05-04T02:14:14.100Z,0,-9.439200343422272,18.72566897964134,3.4121382796001853,21.245984785306565,-0.003982873416408239,0.016888878803023033,-0.014226181066057109,0.004371510893375004
2026-05-04T02:15:15.100Z,0,-8.921129830014252,18.259944828059815,5.076624462162727,20.94717781701362,-0.004723580501408975,-0.031078740055257015,-0.002434456314759359,0.00012778297388485623
2026-05-04T02:16:15.100Z,0,-7.52768268375803,16.530061813227803,5.830156498632277,19.07615461603902,0.019102257833747416,-0.02787859744302068,0.002942681242679157,0.00016247192217613957
2026-05-04T02:17:15.100Z,0,-7.94148917293569,16.600843882770278,4.757189703923359,19.00752802925937,0.016147889946083183,-0.036690620690116305,0.057305809275653985,0.0013686947053857844
2026-05-04T02:18:14.100Z,0,-7.126658008473896,16.188029198474396,5.296417526551522,18.463303667436303,0.016332829716692032,-0.025930693715814357,0.019970194775176253,0.005256223383088516
2026-05-04T02:19:14.100Z,0,-6.6730460048347595,15.89153121039999,5.8214338178004255,18.19228954499099,0.0520547112126124,-0.05515221846064122,0.03490406617867592,0.002558051861548494
2026-05-04T02:20:14.100Z,0,-5.892568786748598,14.903143951414677,7.143308079776034,17.54573785469694,0.017660116365725287,-0.001069975362533171,-0.014399539896459146,0.0037068771861065468
2026-05-04T02:21:14.100Z,0,-6.706535421471926,14.585150547645753,6.629364437230834,17.368152080707084,0.01378511910221647,-0.010764573154631307,-0.0005003143650483821,0.0028102776157271215
2026-05-04T02:22:14.100Z,0,-5.5074948804758606,11.89939118194161,5.825662469760573,14.34804354505918,0.021393281300019495,-0.051280992934721326,0.027925890015545463,0.0015758875003352847
2026-05-04T02:23:14.100Z,0,-5.284898950776551,12.960329342604382,3.547625585269998,14.439042242543428,-0.013674099023197606,-0.03699400967249744,0.0019652918057389,0.00357269533717933
2026-05-04T02:24:14.100Z,0,-6.189754678871395,13.165407363885606,5.126782751631254,15.424814923495433,0.013367281716331059,-0.08077167453990342,0.01171389973375625,7.676223398512505e-05
2026-05-04T02:25:15.100Z,0,-4.922262780837627,13.501200487553433,6.620029942951078,15.822006255032933,0.019178937045546962,-0.01883926866330654,-0.009899402839685933,0.0042927175697769476
2026-05-04T02:26:14.100Z,0,-5.116530785926443,12.053797949192813,7.205770899872732,14.946439928784065,-0.015683577925640346,-0.021942233521254906,-0.004332496477132963,0.00030080438101587353
2026-05-04T02:27:14.100Z,0,-3.3859664872579742,6.613681209273636,8.42012463942865,11.229605831650849,-0.013964665629417894,-0.019474447781497872,-0.01771767554092918,0.003983737240378374
2026-05-04T02:28:14.100Z,0,-2.6522592270339373,8.350513858204067,6.542669595262396,10.93490220057847,0.029790872935087087,-0.044413392711328825,-0.03400688597121615,0.0020550029336392464
2026-05-04T02:29:14.100Z,0,-3.3701888210089237,7.582124527289125,5.949734225797698,10.21009903939239,-0.02158422206499644,0.05859194476376395,-0.022684213048407287,0.0005052292707076421
2026-05-04T02:30:14.100Z,0,-2.968936993056559,8.80856640105776,6.901518076404045,11.5774082017313,-0.020725161576917728,0.0129076452484167,-0.007969214816938575,0.007639823976678678
2026-05-04T02:31:15.100Z,0,-2.799929757202335,8.493425933011167,6.527592945644756,11.07191764731137,0.027210643149144786,-0.004989430874572515,-0.003788858706776921,0.0017974779212000668
2026-05-04T02:32:14.100Z,0,-3.6298489530963707,7.173287518526195,7.182187075613911,10.78033712064952,-0.024666655950245087,0.011526247560567082,0.03041852821095148,0.002952635601807228
2026-05-04T02:33:14.100Z,0,-2.769753221400606,4.518508365435991,5.804632813806165,7.860166210652887,0.06567387182476736,-0.0004405382458827489,-0.033634930242776306,0.0017805571450735034
2026-05-04T02:34:14.100Z,0,-4.493293512041419,6.8941102235839935,4.217579130909144,9.246967940128222,-0.09694686844419209,0.07131565083273728,0.02307106238230716,0.002086409364112867
2026-05-04T02:35:14.100Z,0,-3.8253602197073633,5.853376989762182,4.869810278250952,8.521176863611949,-0.015398159700197311,-0.003424613694402723,-0.02574648160091897,0.0003221297261648044
2026-05-04T02:36:15.100Z,0,-3.4072235052917677,4.694001296229544,4.947821412315534,7.623893815642073,0.07432560796871712,-0.07578539554176089,-0.053498219664049884,0.001034622384419083
2026-05-04T02:37:14.100Z,0,-4.678261115714122,4.40463284485304,5.839370316152781,8.68246297164158,0.019760105507415915,-0.026113051299514467,-0.004717751967753259,0.0028196651182430957
2026-05-04T02:38:14.100Z,0,-3.8889298252797744,2.978169907692063,3.2699816592867137,5.889486500290549,0.005093522318588839,-0.028886211893563996,-0.06724396849033809,0.004364910248088564
2026-05-04T02:39:15.100Z,0,-3.537053406034829,2.504834867977479,1.3764927089141565,4.547491252401941,0.05581883001681831,-0.03944476299144739,-0.061590784404153,0.0025572509158603386
2026-05-04T02:40:14.100Z,0,-3.8632704959127295,3.506648221446085,1.9069382342422614,5.554984617690293,0.059269988651688976,0.004396021322961019,-0.03259774496289225,0.0010790785196737075
2026-05-04T02:41:14.100Z,0,-4.304150748112079,4.131172565394081,3.0264581810115487,6.689674846279916,-0.0012457588294267907,-0.04245148046511105,-0.02530517543508637,0.001259795359548226
2026-05-04T02:42:14.100Z,0,-4.515890678703727,3.9650104808970354,3.0402570073420065,6.734815469359106,0.0031604804093809946,-0.01238500147682231,0.04987579949489174,0.0004309828138656669
2026-05-04T02:43:14.100Z,0,-4.698867591287126,4.192633922684763,5.145954736690328,8.132551014421066,0.007232385111688444,-0.0007484006605551485,0.00215158951188954,0.006187654975675528
2026-05-04T02:44:14.100Z,0,-2.7388001060444367,2.3106031135284866,0.14746454417036148,3.5863154575279528,0.008180078795216872,-0.010496380458135945,-0.04722793883082943,0.0007607023079196388
2026-05-04T02:45:14.100Z,0,-4.117364200283191,4.979038561941707,2.1651755942002637,6.814066209892346,0.003913801274624262,-0.025703192184423074,-0.017894716342059525,0.006194382089448339
2026-05-04T02:46:14.100Z,0,-5.063269994479924,5.391035339471273,2.878488685382763,7.936350684055327,0.004385328919997988,-0.02308896777059033,-0.012462999954720999,0.0037042295479884396
2026-05-04T02:47:14.100Z,0,-5.147949966954002,4.860945765813085,3.612997255913797,7.948832101112622,-0.009123875201577647,0.01636478244826378,-0.03501318561172084,8.57088185350992e-05
2026-05-04T02:48:14.100Z,0,-5.321111711054982,4.888800801381876,4.441734472493408,8.48195780708999,-0.006289875837062198,0.021029086288315568,-0.028298181509178733,0.0011707926655596841
2026-05-04T02:49:14.100Z,0,-4.1184585663103235,2.6527048539719544,1.1986403551418334,5.043340431269319,0.032990836450252914,-0.03133925443332686,0.026651386106468777,0.0017418154447753935
2026-05-04T02:50:14.100Z,1,-5.516997014183289,6.218118599463196,1.4129447281447938,8.432002595842201,-0.015646937206348355,-0.01978471399510795,-0.013700827191209797,0.0061930916495166535
2026-05-04T02:51:14.100Z,1,-4.830813872217732,6.112561722147802,4.748614078380342,9.124116896471119,-0.011596972854466259,-0.04809182224807529,-0.11721422972188478,0.0024999665499189964
2026-05-04T02:52:14.100Z,1,-4.033725973727087,4.78284697919662,3.345930246723583,7.095196943952332,0.0077912599856233555,-0.03647190040378945,-0.002773462195682086,0.003738996724917287
2026-05-04T02:53:14.100Z,1,-5.185027781635654,5.199116372637036,4.149570723711804,8.434112955352338,0.02249074700388931,-0.017619486402331574,0.10963494271681862,0.00051823906113298
2026-05-04T02:54:14.100Z,1,-5.347726062950642,4.680115949327046,5.630860749988642,9.066876646854176,0.005363365929156316,0.0004189161613155079,-0.006007306061595052,0.0019668268727731767
2026-05-04T02:55:14.100Z,1,-5.74525588740471,3.415461117185714,5.98193286350579,8.969774837656548,-0.009260506186770101,0.013254818923336131,0.03970180291645864,0.003898505867615199
2026-05-04T02:56:14.100Z,1,-4.966576865399475,6.468932169354957,8.76085064101062,11.969397358502762,0.07270531024072824,0.004801598140424801,-0.1889407730037984,0.002535116469035862
2026-05-04T02:57:14.100Z,1,-5.3297547431157,6.041612482476921,5.485252300786669,9.74655630535579,0.028537736042721917,0.04664244657881511,0.13818478434868275,0.001269001437901822
2026-05-04T02:58:14.100Z,1,-4.068675713142511,5.8084515553673555,7.629524261574261,10.416423185898097,-0.011195903823590925,-0.01866263578786942,-0.05964856527107543,0.0033961534755403227
2026-05-04T02:59:14.100Z,1,-4.161030487694006,4.781292343977839,7.0400072654592805,9.472942177371271,-0.0022099890992777205,0.009998182243009524,-0.024082724336071948,0.004396813108227729
2026-05-04T03:00:15.100Z,0,-4.4057323834749695,4.116228116799903,5.674940725839406,8.28002197980928,-0.03314605639159751,-0.008088275627926578,-0.026745502437197644,0.00015688106092862856
2026-05-04T03:01:14.100Z,0,-2.86914146545314,4.593544358613144,6.031807782164833,8.106499099137277,-0.005655232512058461,0.036451626763245315,-0.06558321464478212,0.00016984494009736632
2026-05-04T03:02:15.100Z,0,-3.1406008833982924,4.9353335184605385,5.762688088907453,8.211544608493462,0.03333262543914195,0.0199501701265703,0.037549527816871375,0.0014017617061710637
2026-05-04T03:03:14.100Z,0,-3.8365188088391733,4.958604063176608,7.306321314899833,9.627510684620814,0.032055469284753,0.0032821683202399754,0.012258481653759645,0.005217475476438649
2026-05-04T03:04:14.100Z,0,-3.945515226405405,4.232584301917086,6.997236234383308,9.079822420862566,-0.012201154636626299,0.024653527218809757,-0.023776882201786975,0.002553234711538064
2026-05-04T03:05:15.100Z,0,-3.4530836974226986,3.5382675887376536,7.511767428695748,8.992762337220533,0.02086921364541361,-0.011715003430445847,0.011809763956094343,0.0038648936090565143
2026-05-04T03:06:14.100Z,0,-2.1898160789532994,2.5803764938245877,6.844830417321646,7.635793393709425,-0.018693322482388197,-0.0037002094579463574,0.04868325929674455,0.0028625741912512007
2026-05-04T03:07:14.100Z,0,-1.8314877115699346,3.6649856283474946,7.007960237388033,8.11775668411151,0.03791975111711032,0.00873885427576937,0.005262353852231172,0.0015996272847833407
2026-05-04T03:08:14.100Z,0,-2.5262049243792717,3.9364192089124117,7.519045114349865,8.855119815105907,-0.007122459058428454,0.021521488902997987,-0.02057346660500059,0.00351149269871886
2026-05-04T03:09:14.100Z,0,-3.418791534841148,3.207276107787038,6.769415159851633,8.234059581804845,0.02101266468695906,0.03928412176801288,0.026826707898663926,0.00018194223407205017
2026-05-04T03:10:15.100Z,0,-2.9168136002226674,2.1884274037802243,6.870371303648426,7.778111462948827,-0.007048748231375246,-0.008454526473133939,-0.007075553358326658,0.004240485105098813
2026-05-04T03:11:14.100Z,0,-1.9935654618166154,3.827553339760925,5.734305010719254,7.176818360194374,0.03323166509787423,-0.03930016498232547,0.0012661190691432012,0.00025111233998310276
2026-05-04T03:12:14.100Z,0,-0.37295299716788577,-0.9792617565835826,5.446289822430117,5.546180699896961,-0.037632978060864186,0.011707153817486216,0.004509591865264895,0.004127242203630553
2026-05-04T03:13:14.100Z,0,-1.553189382320852,2.452938391797943,5.994060238663224,6.660184843983981,-0.033004593848251496,-0.06699978550139818,0.014014788788152543,0.0020990560077207257
2026-05-04T03:14:14.100Z,0,-1.4322073648145306,2.1200852452238905,5.960560191169861,6.486467233818724,0.061112218397441076,-0.0621297423353262,-0.001065571084701844,0.0006265111354436875
2026-05-04T03:15:15.100Z,0,-1.276182707897533,2.7106819725304376,5.109934804295335,5.923501731601585,0.00752144061433313,0.015251118730130742,-0.00787853221684287,0.007421771890777035
2026-05-04T03:16:14.100Z,0,-1.6849484595695685,0.9996408944061841,3.952695316002064,4.411590811750305,0.03490325090016455,-0.0009548690407257254,0.039262427161901314,0.0017593323147350993
2026-05-04T03:17:14.100Z,0,-1.0487369645488798,-0.4478962164284894,5.033090268170781,5.160664481349042,0.04671797400690458,-0.0013073637392668758,0.053656888493236465,0.003078390154949242
2026-05-04T03:18:15.100Z,0,-0.591301287386159,0.9176528265015804,5.562407645243184,5.668518566107964,0.04172394923873668,-0.10276188659277818,0.021427363559922696,0.0019399757618289873
2026-05-04T03:19:14.100Z,0,0.7832605929252168,-0.6270051062529092,5.171449715930976,5.26787668079838,-0.019974076802098395,-0.0030008717646634597,0.0006915677097651951,0.0020759939977946875
2026-05-04T03:20:14.100Z,0,-0.30466522366623394,-1.8326671106478898,3.3690398656744946,3.8473262473393257,-0.0008494159040584037,0.022385601319285797,-0.007276066246397761,0.00023020084575426066
2026-05-04T03:21:14.100Z,0,-1.068535933882231,-0.9024346845762921,1.4363846769356314,2.0048337442439865,0.043111005197271624,0.011594758274391381,-0.01665679368478834,0.0010055772379505342
2026-05-04T03:22:14.100Z,0,-0.7616397024321486,-0.4618680486601079,0.4408441716350353,0.9938615166906345,0.034908637312813795,0.021851620009893935,-0.014942490005331877,0.0028939609775015616
2026-05-04T03:23:14.100Z,0,-0.36700843929793336,0.37616841382259736,-0.7510307768825442,0.9166488411046575,0.035907911037025286,0.00544082905218346,-0.016411380892478178,0.004429798635815182
2026-05-04T03:24:14.100Z,0,0.7145337235670013,1.0010083851739182,-1.0605004181343247,1.6239573166084438,0.03249447031139496,0.009218228019580721,-0.0156297022346763,0.0023264758599635753
2026-05-04T03:25:14.100Z,0,-0.1511147356723086,1.6692368562871707,-1.208179188779468,2.0661278513017054,-0.0705330432797524,0.18747978926958453,0.06440236355587103,0.0009764729704674855
2026-05-04T03:39:59.100Z,0,-0.0033736513387339073,5.512180587743387,-5.000502957955177,7.4423904792705455,-0.07776675245718678,0.06823752923779125,0.004674102612955977,0.007282588862636423
2026-05-04T03:40:14.100Z,0,-2.2256573049617145,5.804842684938194,-1.742517700222379,6.456478682036997,-0.02545041969703732,0.05357332620992139,-0.007148871915330091,0.0038333954839600295
2026-05-04T03:41:14.100Z,0,-2.3384353205528896,6.998255509927276,-3.84044590373378,8.318226053080208,0.007515804132385284,-0.006672230512094757,0.034831000824020464,0.0025596110141375464
2026-05-04T03:42:14.100Z,0,-18.431302953104023,4.494133407057177,-14.640379379670776,23.963532127176446,0.25947640245127523,-0.10412082627553332,-0.08628609120397979,0.0013342305956441515
2026-05-04T03:47:14.100Z,0,-3.4980358625489316,5.379306571740017,1.5708574474047055,6.606117408017406,-0.09705071315857516,0.008114374583811923,0.07208696352067889,0.0015776687645405638
2026-05-04T03:48:14.100Z,0,-2.977985071083822,6.355805695420713,-0.5473970941238804,7.040192092563651,-0.011374574790279368,-0.034991337655831956,-0.1085829790836712,0.005300986775012235
2026-05-04T03:49:14.100Z,0,-2.867467809437585,6.391728371454519,-0.8641651802463457,7.058565340872579,0.006929716046655265,-0.03503119661640852,-0.0022146711331494373,0.0025280863868524083
2026-05-04T03:50:14.100Z,1,-3.2000556934690394,7.061529804559541,-0.9783633877304965,7.814266090967072,0.016907913302999233,-0.0738463658764843,0.07848021146417139,0.003702173976062213
2026-05-04T03:51:14.100Z,1,-1.8415214310607553,8.409066178501234,1.1864218804475968,8.689717604955538,0.012959311923521621,-0.010651034886066668,0.059430199291554686,0.0027884660343704096
2026-05-04T03:52:14.100Z,1,-1.9772025359543477,5.474540732393507,3.523237298395543,6.803905287379114,0.03059732021665207,0.03084324855429088,-0.02952521587129553,0.0015548132463130064
2026-05-04T03:53:14.100Z,1,-2.5163096240703453,4.338385468145134,4.5318113752728095,6.759490878420796,-0.0016499205418574192,0.052357510902822924,-0.051556430618937554,0.0035500535820715126
2026-05-04T03:54:14.100Z,1,-2.0326821427261166,4.827896167626022,2.162900720577454,5.667320144990059,0.056066878550632,-0.011834796554310856,-0.0770267306862138,0.000102167412298812
2026-05-04T03:55:14.100Z,1,-1.5079078971211857,6.435990423597104,-0.8467306543025188,6.6642862903517015,0.04055189604246223,-0.02490994098636179,0.02203694890479113,0.004297897532250683
2026-05-04T03:56:14.100Z,1,-1.7580178187017736,7.118680997336924,1.4352216844599752,7.471687030133348,-0.012447782126057128,-0.04030891718986851,0.010816712182837307,0.00025786239189120393
2026-05-04T03:57:14.100Z,1,-0.7896687004631531,6.9386689056045725,1.828276955166075,7.21881565513944,-0.042691004486394846,0.02935578037011055,0.0014324641242069447,0.004032419664502038
2026-05-04T03:58:14.100Z,1,-1.821169404365719,7.9337524011862115,1.675972011526028,8.310834335140147,-0.036533852887488116,0.003183170087961429,0.018903857659680057,0.0020534148166129382
2026-05-04T03:59:14.100Z,1,-1.0875957511871093,7.367186539340764,1.8188000417467265,7.665920402358864,-0.01933975137879962,0.04380357920830136,-0.01597976067113649,0.000553056705124833
2026-05-04T04:00:14.100Z,0,0.09543861142446985,6.48379665108223,0.5560503332162625,6.508296206704616,0.012037965407496465,-0.05484163366231698,0.001351552743500406,0.0075964602416085155
2026-05-04T04:01:14.100Z,0,-0.8398418717661116,7.265367758918728,0.7279776541508909,7.349888060838095,-0.01440103798966419,-0.0011835732487419648,-0.030959384237583265,0.0017236364621229252
2026-05-04T04:02:14.100Z,0,-0.8781448791523871,7.649281116755446,0.9164660186797846,7.7538732253840585,-0.032661152782775815,-0.10596521253969371,0.04204503506599622,0.002984081502520814
2026-05-04T04:03:14.100Z,0,-0.27920654679292056,6.856328206595208,2.7349515216883447,7.3869582778238625,-0.003302666419013889,-0.05301511223443356,-0.06293820550151707,0.0017919810008724954
2026-05-04T04:04:14.100Z,0,-1.1787388996253867,5.7018245324798045,2.5735390073577946,6.3657938558416065,0.013561873649425848,-0.11315577699133605,0.002722809212762911,0.002068618219745467
2026-05-04T04:05:14.100Z,0,-0.49337090968037955,7.564427816760144,2.5584525052408935,8.000603869150558,-0.03106364375216053,-0.04688888329618113,-0.03189065884434683,0.00030618679297484525
2026-05-04T04:06:15.100Z,0,0.5022094230753282,4.391240296172327,1.3554143723695233,4.623024309278414,-0.0011254124663295784,0.01424556982431574,0.03892257978144187,0.001055052073837401
2026-05-04T04:07:14.100Z,0,0.35473961406751187,6.567727816218394,0.5487685243679152,6.600154222065917,-0.01796338024395716,-0.007021241854143767,0.02098949069750944,0.0028483146441638666
2026-05-04T04:08:14.100Z,0,0.034824636259145336,6.369118673319463,1.02864914924794,6.45174429920822,-0.0030325849538215266,0.009497575164885141,-0.013652650196149807,0.004364128066028345
2026-05-04T04:09:14.100Z,0,0.47038767900176026,5.205331834076787,1.7754710040662758,5.519876933201499,-0.005378686425583368,0.03876332297747531,-0.011484144430085053,0.002305016386408896
2026-05-04T04:10:14.100Z,0,1.059347497402996,4.871719645052508,0.592216883205765,5.020616521603545,0.027442994350312944,-0.05136124958204924,-0.023189151630020888,0.0010573523650939114
2026-05-04T04:11:14.100Z,0,0.5698230147572758,5.028565370594151,0.11238236038479954,5.061995431587372,0.04199103579116681,0.014048235028152334,-0.004116554448430065,0.0012700367942093916
2026-05-04T04:12:14.100Z,0,1.1248802168211114,6.213026093973895,-0.20460686391743366,6.31735013398483,0.004920037764977181,-0.030378046945500614,-0.01992527887750839,0.0004138419035070924
2026-05-04T04:13:14.100Z,0,1.3169691794132632,6.439114086788322,0.9690019519439375,6.643460154548337,0.04312248093119031,-0.06029490698589157,-0.04806824413972066,0.006193609961627763
2026-05-04T04:14:14.100Z,0,1.6023370702669126,5.380924465498538,2.3481521975554642,6.085692313372147,0.03739991535511855,0.023666309806991137,0.043168533629511785,0.0007668330680247269
2026-05-04T04:15:14.100Z,0,2.0742363283972054,4.172737321823661,3.375123148998682,5.7537508960581185,-0.030233722747796676,-0.06844808962203075,-0.058404364112085716,0.006209194398138643
2026-05-04T04:16:14.100Z,0,2.882876134595591,4.176732069936406,2.658513427377329,5.72920232100435,-0.07022627469077669,-0.10184926216272316,-0.10368815936079301,0.0037255795070905676
2026-05-04T04:17:14.100Z,0,3.148386192535213,5.348607111045567,1.3670950656887726,6.355224824056515,-0.012809475227637535,0.003070462654797268,-0.03326524687086163,8.360281369752466e-05
2026-05-04T04:18:15.100Z,0,2.3799097461107976,7.865050144573615,2.632664047268918,8.628667577446297,0.02833809445146329,0.00329952462241323,-0.018911253460984767,0.0012083181705767026
2026-05-04T04:19:14.100Z,0,2.866597237186852,6.907755886459199,2.430120351164078,7.863838504718979,0.04068015562852523,-0.040072543946223504,0.0283329818824285,0.0017642256181384303
2026-05-04T04:20:15.100Z,0,1.8716112543302188,7.184366993897129,2.3605251390108606,7.790387456489968,-0.0029244906591952002,-0.011581794742809848,-0.03967431860374404,0.006230509492168953
2026-05-04T04:21:15.100Z,0,1.946121173659776,6.915559300523455,3.0382124532479793,7.800197623951234,0.002136508470584886,-0.024514339245662597,-0.02861751079574759,0.002429680481344377
2026-05-04T04:22:14.100Z,0,1.8592547896787437,6.658729263108398,2.915134255090379,7.502900205755159,0.025748056657892704,0.036949947491926594,0.07260068010328524,0.003751985804990837
2026-05-04T04:23:16.100Z,0,2.810343692203787,8.334302825915074,3.2968388695735484,9.392964483819611,0.03588119354502872,-0.007740222489616144,0.016609657180310933,0.0008561496971996258
2026-05-04T04:24:14.100Z,0,1.8671903686708902,7.322929827296321,2.956181252557144,8.1148449600922,0.007375806332365897,-0.007620429697929865,-0.037977345945350294,0.0019269181242112525
2026-05-04T04:25:14.100Z,0,1.9026333130796047,8.029922863443062,3.7721574490205967,9.073524482641101,-0.00553760239230261,0.010248901065601501,-0.0027251688088369974,0.003905697827485878
2026-05-04T04:26:15.100Z,0,2.521608136476061,9.013073343339784,5.209717569414352,10.711449754324997,0.004442601995169326,0.01793196075539072,-0.06201388094417837,0.002524773937000416
2026-05-04T04:27:14.100Z,0,1.8108398235199274,8.345182167659004,4.298878644476645,9.560416511731948,0.056847601922371815,-0.0034223636022900905,0.05963469097225449,0.0012898009128810156
2026-05-04T04:28:14.100Z,0,3.1823305794205226,7.869619894790958,5.493816111084016,10.11138767269908,0.010065503156631017,-0.017091080676046033,0.012213542750938444,0.003381330099986928
2026-05-04T04:29:14.100Z,0,3.9934964049734845,9.368799255241811,6.488940049166558,12.075957766704608,0.0295531239316027,0.006260010041891917,-0.01389753170205621,0.0043756828762308185
2026-05-04T04:30:14.100Z,0,2.380827616661918,9.59305798015464,7.33489331742021,12.308361447764051,0.003453360039984421,0.025107142775482316,-0.008722120652296383,9.03420174258106e-05
2026-05-04T04:31:14.100Z,0,2.722466580053151,8.428250035365181,9.452518615034933,12.953660915190016,0.009177078606759093,0.02434372146531416,0.00877149846267855,0.0001885488484642133
2026-05-04T04:32:14.100Z,0,2.265847833996304,8.234808896304457,7.011829283328552,11.050425053545434,-0.009750675401584696,0.0096382097138914,-0.0035308465322625437,0.001606872738468007
2026-05-04T04:33:14.100Z,0,2.3949244011873816,8.412324828441342,5.752818697146722,10.46889654494944,0.01294937109789368,-0.01089015741584376,0.025260570347906963,0.005207276363157012
2026-05-04T04:34:14.100Z,0,1.9753136757572065,9.492655623489554,4.21102356085612,10.570955223341297,-0.07000887482314089,0.0735556664892556,-0.08932175015097243,0.002560040229465635
2026-05-04T04:35:14.100Z,0,2.5850853477322744,10.401226906651573,1.8933165783892036,10.883603956627425,0.03951025079690362,0.029217320096641686,-0.07453066952534115,0.003729493427767619
2026-05-04T04:36:14.100Z,0,3.7013100537706123,7.475361619526666,4.354009129201586,9.409469855098452,0.015280032033548885,-0.09568157508432762,-0.040724360329313924,0.0028446149702167005
2026-05-04T04:37:14.100Z,0,2.917434830123966,7.457449117282522,5.28087024576962,9.592317961657297,0.023611103951215462,-0.003056032769066519,-0.010691082421576681,0.00157912021233754
2026-05-04T04:38:14.100Z,0,2.058094810422517,6.748317773144663,5.018722039494605,8.658124388442172,-0.048746886210815354,0.06629605215824341,-0.10180547739757628,0.0035221110676095474
2026-05-04T04:39:14.100Z,0,3.7414909788822115,7.132130052013963,5.034723571043287,9.498130092850726,0.03138885222897514,-0.045283950935726125,0.051135221448284085,0.00013216106486686304
2026-05-04T04:40:14.100Z,0,4.8808584326707205,5.981557202176191,8.336930679433863,11.36249174945198,0.03282121837311358,0.003944770674557674,0.057032219298314146,0.004271696361712596
2026-05-04T04:41:14.100Z,0,4.422421854997083,5.959408511444053,8.799125988844025,11.510733383993307,0.026826546044134147,-0.014329756838016294,0.0077915623224456,0.00025841654130516023
2026-05-04T04:42:15.100Z,0,3.10610531232669,7.032750080725236,6.6026479962602025,10.134220466899453,0.0037688503584654143,-0.0066063540522520725,-0.01280029008832173,0.004160486135184241
2026-05-04T04:43:14.100Z,0,3.6344715319955867,6.432145056351146,7.797836592544627,10.741886653044558,-0.023492567939431552,0.09152612575746844,-0.05872741108170487,0.0020592730310531595
2026-05-04T04:44:14.100Z,0,3.4136672241515953,5.231987062870758,8.561109223592211,10.598084906320079,-0.04059558117353035,0.05448143234865199,0.01802373795278811,0.0005593637650028531
2026-05-04T04:45:15.100Z,0,3.8252543426438024,4.831713451494579,7.832720503756718,9.966420428280147,-0.014265406595326269,0.023736179088906795,-0.027984636891353887,0.007519919821982685
2026-05-04T04:46:14.100Z,0,4.469188592736373,5.842112422214996,7.593494773573184,10.571900827548797,-0.010375836615894585,0.06048535308922354,0.006035478752330903,0.0017280013641304103
2026-05-04T04:47:14.100Z,0,4.675853820771181,4.845445851060504,9.977838615213841,12.037409101631146,0.01442421815545103,0.10037708230425935,0.04079194810113762,0.003009592670653654
2026-05-04T04:48:14.100Z,0,2.54823252922165,4.028374523841194,8.259705886302982,9.53645802463075,-0.009828976495818154,-0.007007246491497199,-0.010029879281781007,0.0018331974308330298
2026-05-04T04:49:14.100Z,0,2.9067121078441005,2.604254184916499,7.262721607730782,8.244891769389225,-0.007898059375621713,-0.01217758229321575,-0.026157589217312704,0.0020759031553666553
2026-05-04T04:50:14.100Z,1,2.5530196745098266,0.5403425657277694,6.531598483888956,7.033609194539602,-0.004070465883243557,-0.020209079628408233,0.0010260937335360154,0.0002676596548356791
2026-05-04T04:51:15.100Z,1,3.1532801786795517,1.1142258499603486,7.236558347813116,7.971979167764859,0.025172104638038206,0.010371714416423927,0.03195301574354659,0.0009903961332795085
2026-05-04T04:52:14.100Z,1,1.8547076483059755,0.25815324261202477,8.442971318572745,8.648141317277243,0.014819708429536504,0.016343503795979153,0.011080244244787707,0.0028411988312530586
2026-05-04T04:53:14.100Z,1,1.8505877710026652,-1.4085718539718073,8.470104626326247,8.78358822730776,0.030969999739838272,0.010139426022903741,-0.015730151686099703,0.004412192788733527
2026-05-04T04:54:14.100Z,1,1.4080936103937347,-3.867567556881113,6.822939773716286,7.968269170806835,0.010269223925662985,0.025637881444329214,0.012176343979319881,0.0022662653933238834
2026-05-04T04:55:14.100Z,1,1.3218102783412178,-6.893876350659411,5.690149616839335,9.03606751923238,-0.006698051229214741,-0.05059213758851211,0.017396748948073082,0.0010432602199965102
2026-05-04T04:56:14.100Z,1,1.24121684768852,-5.535445695386443,5.023662177563892,7.5775299394884685,0.036729749198993744,0.001489981260816009,0.02933286075723629,0.0012345173340319435
2026-05-04T04:57:14.100Z,1,1.3149307543471878,-4.565963950881269,4.802108988542386,6.755539980439383,0.056816828824191035,-0.006836651506914038,0.0016370272950538833,0.0004052157672614005
2026-05-04T04:58:14.100Z,1,-1.9451258150411377,-5.567731871451542,3.387623984281163,6.801407860700145,-0.003379687194327019,-0.06683643862048783,0.026329844395434066,0.006256310978116156
2026-05-04T04:59:14.100Z,1,0.7046205822689444,-5.146199539922236,4.342318892668118,6.770198906625663,-0.07930034139169706,-0.12839446658663434,0.023713082204501745,0.0007504695830854184
2026-05-04T05:00:14.100Z,0,-0.3182358561844012,-4.321080207773775,2.4797200217108184,4.992195870381006,-0.013730183066051893,-0.012312165960537413,-0.0011291435155769136,0.0061501170119217284
2026-05-04T05:01:15.100Z,0,-0.3859115357727205,-5.0297257030251785,0.5767808820564824,5.077375753971774,0.015807471709372578,0.00905297586673015,0.03128151470477292,0.0038081672577797267
2026-05-04T05:02:16.100Z,0,0.40302688944393594,-4.552148086077068,0.04380482869237312,4.570164300570247,-0.006385360282745722,-0.02318368840592555,-0.05047695285043119,0.0002392386355433626
2026-05-04T05:03:15.100Z,0,0.8910101528272207,-4.71690919221146,0.2882469657379261,4.808972627627161,0.04699240913719205,0.0412853973541516,0.0658672910134328,0.0013074566706881851
2026-05-04T05:04:14.100Z,0,2.9458792712375725,2.481867578353558,5.1318116775291855,6.416647290510417,0.0258431415504079,0.020891405264400476,0.006230705917431578,0.0016697088935168775
2026-05-04T05:05:14.100Z,0,0.847828057658262,-7.970005332026631,-5.224905091381515,9.567624084475204,0.029360713232118307,0.08187522648395174,0.06357157939440583,0.006233443546305989
2026-05-04T05:06:15.100Z,0,-5.584732183024244,7.192356403720623,7.876848301748396,12.040098145904143,0.23574601979858834,-0.45493132703011696,-0.07342858358239113,0.0025237274428083468
2026-05-04T05:17:43.100Z,0,-1.4597328861327696,-0.9985010464959032,3.180718248586345,3.6393396400447573,-0.09049942795891219,0.34784829083633895,2.1214393436823076,0.004345108974985283
2026-05-04T05:23:56.100Z,0,-4.786428879754112,-2.393595685134642,-6.796673144890519,8.650662839535208,0.023670466301251025,0.02292620048827132,0.0405632517903598,0.0016478881042255623
2026-05-04T05:24:15.100Z,0,-2.1537138313760806,-4.056148163272155,-5.310605277372815,7.020922275736765,-0.010191727979336207,0.005817600028379388,-0.01936459563278703,0.0002111028678092213
2026-05-04T05:25:15.100Z,0,-2.910936704239475,0.3355660696797713,-2.1443348814500496,3.6310231570471023,-0.0438063916061715,-0.03402923574036265,0.002047284413109196,0.00428279826026939
2026-05-04T05:26:14.100Z,0,-3.432481912284402,0.005368036909203511,-1.7561425493113347,3.855644893851294,-0.019288958342134066,-0.05502475972463117,0.008001719049133271,0.0003258025444955423
2026-05-04T05:27:14.100Z,0,-4.7170093390374035,0.575326900161599,-2.1833392665939755,5.2295457259370774,0.01738609668011648,-0.016267878161002614,-0.01520542364819022,0.003983772741051474
2026-05-04T05:28:15.100Z,0,-2.4502903685146293,0.2649045609359746,-3.444978345214622,4.235796632917817,0.00041991281385378443,-0.009425051286093833,-0.03616877422629727,0.0017946909441303297
2026-05-04T05:29:14.100Z,0,-2.365754986470847,0.8035259415919427,-2.748626678112487,3.7144850532011273,0.009675111490636823,-0.020917970444678247,0.014046055418326375,0.0005290683073697868
2026-05-04T05:30:14.100Z,0,-2.567598858547626,2.013379348682065,-3.481320519313158,4.7713575487805695,-0.011156068179918321,-0.10994345200110445,-0.009795436350046316,0.007597592330832936
2026-05-04T05:31:14.100Z,0,-3.2026174059183177,3.3809758851930383,-3.6803104276259546,5.93569212717777,0.016829736726453604,0.006031493389180298,0.035658364844870505,0.001726917715307203
2026-05-04T05:32:14.100Z,0,-3.1145161025278867,-0.6013232496115961,-1.6654326873322134,3.5826618929873284,0.011604801306575041,-0.009142387781935213,0.028040104940174615,0.003019428936279579
2026-05-04T05:33:15.100Z,0,-5.243943705067977,-2.5584857112335158,-1.4535921950482589,6.013129383774587,-0.04509443816047565,-0.05542052546614329,0.05683718192184273,0.0018795827018156872
2026-05-04T05:34:14.100Z,0,-1.2146181546768275,2.9455728463290143,-6.005198041748372,6.7980953343800525,0.06425264009735088,-0.015240384616976854,0.03571064611929131,0.0020736026393499843
2026-05-04T05:35:15.100Z,0,-0.9111512413255696,1.7985798685913323,-5.291421231049753,5.662528125552687,-0.010543013944097623,-0.039175753626441434,0.003922514824061807,0.0004590286972910998
2026-05-04T05:36:14.100Z,0,-1.5976329748355056,3.1414106906595407,-5.41588522537495,6.4616333093194385,-0.010176931689365176,-0.02577180520813016,0.0030253569063276586,0.0009861503521158574
2026-05-04T05:37:14.100Z,0,-2.5047123028798524,2.5965760678445804,-4.518639890648046,5.782205241744425,-0.03580558552807034,-0.013486978719168263,0.01239981217260322,0.002851162766520508
2026-05-04T05:38:15.100Z,0,-2.2365999473095144,1.0099860792252002,-4.413370936163119,5.049781601683675,0.0002496890088021786,-0.04508243092593567,-0.021006155537683924,0.00444025686733319
2026-05-04T05:39:14.100Z,0,-2.1242974426058936,1.220070623276115,-5.156206584388201,5.708561840895792,-0.06744219869969648,-0.18732565159962355,0.020352005932089412,0.0022630615546453984
2026-05-04T05:40:14.100Z,0,-0.8038245616717177,3.201473076842376,-4.330707989652183,5.445236035226625,0.028823562992386087,-0.0009719481137704378,-0.014058807090933101,0.0010410275559676568
2026-05-04T05:41:15.100Z,0,-0.6495351171906805,3.7724766407336574,-4.00238942836495,5.5382846631093745,-0.02357966651067578,-0.035802979612170605,-0.021442175970776134,0.0010533662758776133
2026-05-04T05:42:14.100Z,0,-0.8916450135529885,3.369687833583157,-3.670091536193354,5.061560906482343,-0.0035636232793567757,0.0013768916548584365,0.03060974120749904,0.00040650168512752083
2026-05-04T05:43:14.100Z,0,-1.332779796939576,-0.7088239526638063,-3.360710129243216,3.684169642646521,0.061116558803142595,0.1011697256086963,-0.02312642553903288,0.006230283343730141
2026-05-04T05:44:14.100Z,0,-0.621138042788516,0.7702794218857889,-3.374506615386963,3.5165946245295645,0.019918565935306276,0.004165889196050543,0.03799138098781185,0.0007727914413331495
2026-05-04T05:45:14.100Z,0,1.8298183281331148,4.681955290834594,-4.043783600991446,6.451443735397006,0.05421426472884683,0.07950417795510312,0.030133624344230725,0.006162984018696375
2026-05-04T05:46:14.100Z,0,1.235416928466293,4.958658513714909,-4.121430339864673,6.565115177141638,0.012086659674448441,0.09337506076301239,0.0032892403769579914,0.0036921029696274452
2026-05-04T05:47:14.100Z,0,0.22669023883281625,3.1899630921543576,-3.961098855597811,5.090928907135451,0.017592348525719004,0.04008836882540834,-0.021534696792890884,0.0001128233883239454
2026-05-04T05:48:14.100Z,0,1.3872999084014737,4.281662460925872,-3.1653361797907564,5.502416523332714,-0.016636921806645333,-0.01135907763716304,-0.0481104345455563,0.0011965096479115104
2026-05-04T05:49:14.100Z,0,0.5422734293460962,2.695949101507722,-4.0336896777262155,4.8818904582436184,-0.006182958831590923,-0.012548956214608609,-0.02850185747504952,0.0017513994727428248
2026-05-04T05:50:14.100Z,1,0.45028996419205214,2.2954482292334433,-4.659225522118504,5.213465842498969,-0.002539404132001488,0.06280550810400243,-0.029452673486751735,0.006185501195797549
2026-05-04T05:51:15.100Z,1,3.889368691488926,9.27033705102076,-2.326051796444517,10.318762271590781,-0.030704558037282503,0.003333066633359749,0.04375784757293388,0.002468025012016311
2026-05-04T05:52:14.100Z,1,1.7076727708627004,5.806662672512175,-3.3529730499139987,6.9192417184357495,-0.015110980901456017,0.02058094744228356,0.008168671117303461,0.0037710741184845903
2026-05-04T05:53:14.100Z,1,1.6109513244373375,4.080779051037098,-3.336232552101137,5.511657597745792,0.019687620753827684,-0.014288500933545834,-0.05416780362654805,0.0005185403085836126
2026-05-04T05:54:14.100Z,1,1.3455119483296585,3.0326027881528717,-1.9786344746535178,3.8629103611264197,0.04176045234072223,0.10198396363669815,0.0593353444173772,0.001933954432472719
2026-05-04T05:55:14.100Z,1,2.125441844782472,1.9524718718457734,-3.6272394372645067,4.635354935832659,-0.01942121639553207,-0.03564131291167172,-0.02379131700713799,0.003873732758709903
2026-05-04T05:56:14.100Z,1,3.2926367043728533,1.8222910171061812,-3.0321987105708104,4.83284906017108,-0.0015610173873525923,-0.009537314305418931,-0.015152872602008927,0.0025224531442633014
2026-05-04T05:57:15.100Z,1,3.703650332226971,2.558477250204305,-1.0018049106292892,4.6115555620830255,0.015864219407468738,0.014425042592414172,0.03293667663939459,0.001098187761303853
2026-05-04T05:58:14.100Z,1,3.185238987498451,3.531352336267446,-2.2805511907790788,5.274192873237154,-0.003364687568341296,0.00693074214641598,-0.03882397944421356,0.0034119165148720518
2026-05-04T05:59:14.100Z,1,2.751480453525801,3.5272784871267504,-2.319106319191633,5.038907851072124,-0.0038519460763275504,0.0011750842245916715,0.0026512916568854905,0.004382367255008267
2026-05-04T06:00:14.100Z,0,2.2803253662004863,3.2291517059093167,-1.8501888334867544,4.364688217395775,-0.011259488409409713,0.007738604890228373,-0.000709528968023676,7.326072691036453e-05
2026-05-04T06:01:14.100Z,0,2.1734706485858624,2.125656147427435,0.2093729726766469,3.0473309237835906,-0.030759201415486714,-0.04833383956270865,-0.007407745766574436,0.00017539018162597
2026-05-04T06:02:14.100Z,0,4.0475792616234685,3.6718182523145515,0.6398269424607861,5.502229154938332,0.053619366777279964,0.05450997470912711,0.1629922802384165,0.0015923833187508876
2026-05-04T06:03:15.100Z,0,3.254280244391339,4.205810074836336,-1.101775953429751,5.430753957434144,-0.010618852353427854,-0.02522696180573547,-0.07073482069053227,0.005156817548477806
2026-05-04T06:04:14.100Z,0,3.2549613986248005,3.904620127968883,-0.3735777700057952,5.097096467648985,0.030878228937769592,-0.03739918931966457,0.01753287479466792,0.002565367723258842
2026-05-04T06:05:14.100Z,0,3.1335379101165017,3.5504156193155723,0.15852505202929024,4.738105222147158,-0.01996771304746403,0.03422805145447683,-0.056964008947835154,0.0037242743772235797
2026-05-04T06:06:14.100Z,0,3.5429895121978916,2.4178538375565495,0.5175690030227997,4.320494131024969,-0.025595664420841047,-0.049084973164248424,-0.06813550831255566,0.0028588156152763904
2026-05-04T06:07:14.100Z,0,3.846046399530678,1.434911737078437,-0.5545581389014842,4.142291555403872,-0.01864039603027834,0.029466466000549474,-0.007178487134773537,0.0015951790772429715
2026-05-04T06:08:14.100Z,0,4.646652603810253,2.148121299342165,-0.538590280484641,5.147415373507038,-0.01776101839245925,-0.005387754885788354,-0.015488676884278796,0.0035059191020957356
2026-05-04T06:09:14.100Z,0,4.6125995822876575,3.082750221437891,-1.0789885227495688,5.651870492723709,-0.021176483087970155,0.014672396046577774,-0.024059049280378275,0.00016862915837270398
2026-05-04T06:10:14.100Z,0,3.3420812637245945,2.688243348757169,0.4800605865966645,4.315856536341271,-0.03495833771038903,0.021579433375329415,-0.05680444678968222,0.004259314679706393
2026-05-04T06:11:14.100Z,0,2.475039068968954,1.8793939416354988,-0.04312528108130209,3.108021842047971,-0.022404193803282624,-0.004548405218685048,-0.063502596618914,0.00023392991564803218
2026-05-04T06:12:15.100Z,0,2.5312791894123166,0.5855337954017159,0.057962820392276626,2.5987658318627402,0.01443283445290433,0.041128473376339514,-0.13488072767797732,0.0042027012662100805
2026-05-04T06:13:14.100Z,0,2.858443766228902,-1.1625486267803353,1.2234542509759194,3.3194970068600393,-0.038128485670529955,-0.025792185825324054,-0.0283471845428096,0.002055933646638563
2026-05-04T06:14:14.100Z,0,2.5100101964881105,1.6976009483187227,0.4047888260174659,3.057098977768876,0.020789623313088867,0.023444036708397675,0.020765883450124534,0.000600435110046531
2026-05-04T06:15:14.100Z,0,0.296546068511816,2.215956449163059,1.373282290842326,2.623796258416098,-0.031183689238822865,-0.06101230292809845,-0.0011355043203487014,0.007535322468565576
2026-05-04T06:16:14.100Z,0,1.1593920523864654,0.9977808417716005,1.3056798024990712,2.0111082233428803,-0.03548787317919633,-0.07482086542065502,0.12063777307869117,0.001711724494375197
2026-05-04T06:17:14.100Z,0,1.5688899638917064,-0.5192489743421902,0.9900833683786914,1.9264735379692168,0.10363660079848458,0.07081809133246963,-0.012280833816546988,0.0030346611406022444
2026-05-04T06:18:14.100Z,0,2.181222075932965,-1.9385638552193996,2.2778859211030067,3.7019621601064086,0.026743883994484463,-0.05581066554061209,0.10225927967510984,0.001830750935941002
2026-05-04T06:19:14.100Z,0,2.021351381927161,-0.7227082405734109,0.6411081330952584,2.2403544917116234,0.008448114724224354,0.018262474214658653,-0.07799182589263154,0.0020567274575047697
2026-05-04T06:20:15.100Z,0,1.8847804481083585,0.7440643466907204,-0.4133200427531847,2.068057675049061,0.015458699877957116,0.02392675619544704,-0.02669918013520345,0.0004825562999118105
2026-05-04T06:21:15.100Z,0,0.8255898558218178,1.6018556088965852,1.3153909367247252,2.2310968867816765,-0.01610257381345903,0.04604674881214521,-0.05051602533168165,0.0010186267371561
2026-05-04T06:22:14.100Z,0,0.436106032339012,0.7994819297891809,0.89701880915527,1.2782811003375771,0.010636530475061079,0.0688963201720405,-0.06509984022962101,0.002839627372234896
2026-05-04T06:23:14.100Z,0,0.39270106117328396,-0.09529355247650528,0.5509012912625622,0.6832182793990322,0.0016256282826532242,-0.013092103861467308,0.007302434060996177,0.004366365485090248
2026-05-04T06:24:14.100Z,0,0.7182401413956541,-0.19791233262367314,-0.10425400705571519,0.7522679642944831,-0.04204793907724991,-0.013876243166066615,0.0023909187625292816,0.002302725921764803
2026-05-04T06:25:15.100Z,0,0.8930367798711814,1.810750335607736,-2.2625081878686615,3.0323711461954903,-0.03227828716179104,-0.0576191876435761,-0.031116398305108817,0.0012409335620333583
2026-05-04T06:26:14.100Z,0,-0.5210076460571145,1.3253352335595991,0.05278395519781043,1.425043365828134,-0.0995191200074963,-0.05588471456463573,0.06342352435595444,0.0012869571392251223
2026-05-04T06:27:14.100Z,0,-1.1524790543262498,2.225368088147661,-0.8470269785902929,2.645359295231274,-0.01413142936534939,-0.0005884343112771973,-0.02692097089784795,0.0004034179358367728
2026-05-04T06:28:14.100Z,0,-1.1546403839020059,0.6104859039623989,-0.8501522720507637,1.5584114799202535,-0.024007658341096416,-0.005519609203752385,0.0018047412213562097,0.006184532431511074
2026-05-04T06:29:14.100Z,0,-0.6278075652517145,0.9946249638232985,-2.013779840240204,2.3321085743604746,0.021821113141085036,0.05383931449819655,0.06871351340098641,0.0007966548137436463
2026-05-04T06:30:14.100Z,0,-0.4962507618984091,1.3083816620564903,-1.122096404515105,1.7936632162466235,-0.0070306069572811936,0.020613779875167104,0.014978358205297582,0.006201100786980703
2026-05-04T06:31:14.100Z,0,0.1141981479122478,1.9166478959959932,-1.4424128488883525,2.401486040111553,0.03151695473668781,0.1323208992645153,-0.040206926003705235,0.003744860499533465
2026-05-04T06:32:14.100Z,0,-0.9610434590285877,2.0414495766090113,-1.359572668434339,2.6343042240281234,0.03180475656883175,0.029178588266010053,0.00415591774860502,0.00010714155600755058
2026-05-04T06:57:14.100Z,1,2.9063491380441064,7.205314055227063,0.8356077323696809,7.814195814609357,0.01361930955479096,0.007846025309454774,0.016175235840298896,0.004034006597424684
2026-05-04T07:15:14.100Z,0,6.348264034841122,4.004256617918145,5.558595109050657,9.339834415264567,0.01031901906856092,-0.03597498879737149,-0.01730335906913183,0.006179978235325774
2026-05-04T07:16:15.100Z,0,6.642837959589087,3.553192020262941,6.650058335026188,10.048668844651475,0.016405255514051476,0.0002770035581745045,-0.030967572791418263,0.003881001742404716
2026-05-04T07:17:14.100Z,0,7.08892635157099,5.060275057076069,6.274700922290322,10.734576476762129,0.08350834631665194,0.06630606447605158,0.014825379485827739,0.00010014118069124288
2026-05-04T07:18:14.100Z,0,3.680884911773319,0.6333491537588998,5.766028378275223,6.870016604300369,0.02841961641752988,0.04474754704353323,0.01815550335404481,0.0011781788053483312
2026-05-04T07:19:14.100Z,0,3.253552625210432,-0.37175375928200083,4.717552275792514,5.742743683762067,-0.05253792704040805,-0.10257299000904219,-0.049867418481674974,0.0017643870247184108
2026-05-04T07:20:15.100Z,0,3.675102358101867,2.0289564363338286,5.567231451664156,6.972596904989199,0.05140505147727126,0.04188259347670531,-0.01039279577774721,0.0061966313596858716
2026-05-04T07:21:14.100Z,0,5.251112920632295,2.126434795172827,5.918542910649194,8.192988589553202,-0.001428314772067285,-0.021095439290297335,0.005196978250410211,0.0024886638063660936
2026-05-04T07:22:14.100Z,0,4.984031364074326,1.2996245322938194,6.208584741443701,8.066976946459192,-0.0030987706862162234,-0.04096303683054359,-0.029208764190435943,0.003776393343770176
2026-05-04T07:23:14.100Z,0,4.414029715917422,0.2120841791111161,5.706517289581825,7.21754650891337,0.020322318704968367,0.0070450455416093405,0.03944229192409665,0.0005125913203633039
2026-05-04T07:24:14.100Z,0,5.318140111739922,1.4220727925930987,4.6982423791632755,7.237291394499494,0.007699318832710134,0.00827823938065464,-0.005047249127088094,0.001946791387040632
2026-05-04T07:25:14.100Z,0,5.429252281828667,0.6277814072745969,5.797957456707081,7.96788557302668,8.160349518337995e-05,-0.006376430312649006,-0.0075396796654914056,0.003884362872889274
2026-05-04T07:26:14.100Z,0,6.610866120354331,1.4233383944883826,6.271053247019154,9.22255668854483,-0.035119464594224326,-0.056559694544322525,-0.03476226147824946,0.0025293307872363093
2026-05-04T07:27:15.100Z,0,5.644168672915839,0.5833258010170539,6.131910816293384,8.354474205922987,-0.02749275034763521,-0.05326080223344576,-0.006686749127737812,0.0010842569831502284
2026-05-04T07:28:14.100Z,0,4.049939457217988,-0.5983726518934418,5.7531592374289175,7.061083532212234,-0.006733371631595375,-0.041382387199639936,0.03853550082588697,0.0034061017452168443
2026-05-04T07:29:14.100Z,0,3.627950226473331,-1.9533631784725003,6.039465391040721,7.311141686655972,-0.01220580217875522,-0.05656305671131179,-0.004348358658923246,0.0043895016301497185
2026-05-04T07:30:14.100Z,0,4.19136840309875,-0.33336954584228806,4.181362643066677,5.929797458381121,-0.01154723864615903,-0.004403868363311858,-0.02005102343805021,8.297388334008093e-05
2026-05-04T07:31:14.100Z,0,4.261839061655337,-0.3321553303976543,3.8477281250379747,5.751400792430577,0.14099862535355,0.07565484080540585,0.08411946719899532,0.00018150532594609473
2026-05-04T07:32:14.100Z,0,3.520718704294268,-0.0832999030535575,3.9705019516986795,5.307286012366326,-0.03451111646102234,-0.02452266696639782,-0.06442771174075546,0.0015993285048305716
2026-05-04T07:33:14.100Z,0,3.5954786258116656,-0.20198845868435455,3.758314823244291,5.205112505674395,0.0015040516512243585,-0.020052610651966063,-0.04142003442186848,0.005213139019137754
2026-05-04T07:34:14.100Z,0,3.175159721649834,-0.20719669646496186,3.203849822966731,4.515442770884977,0.035858507957620134,0.0002712106619284782,0.03473702736744855,0.00257105579335666
2026-05-04T07:35:14.100Z,0,2.8359086772979936,-1.1202970665635803,2.3795593024260597,3.867783088163996,0.12536651203731708,0.04728981741575211,0.030119768842595818,0.003727150630827584
2026-05-04T07:36:14.100Z,0,4.650801351090195,-0.6493462890375667,4.279286614291777,6.353258828164175,-0.047022206385527454,0.0061273796161387395,0.021201830745276595,0.0028670469173953505
2026-05-04T07:37:14.100Z,0,4.510727620527177,-0.2174101009586593,4.010461124380527,6.039679565072401,-0.018971204836404354,0.006007026356336098,-0.027703030076153823,0.001607233996240143
2026-05-04T07:38:14.100Z,0,3.980501656769775,0.48175554024965095,3.5354245264898054,5.34562516667731,-0.03871941517452626,0.024974264579924466,-0.08020345653436678,0.003519300221335386
2026-05-04T07:39:14.100Z,0,3.943161302686349,0.8673963220644509,3.382010456334683,5.266772461886992,-0.012391220630014743,0.015796891904784616,-0.04271079001783029,0.0001584808481979793
2026-05-04T07:40:15.100Z,0,3.493845867296841,1.090956755035677,3.2773131379144615,4.913036432770667,0.0005168132650723578,0.018411928659922694,-0.021071774203962335,0.0042623598320553945
2026-05-04T07:41:14.100Z,0,3.9730315445467568,0.422200561231989,4.691285138505918,6.162092925186594,0.010755396907313752,-0.017753435019862707,-0.12329440169911443,0.00023344482609340985
2026-05-04T07:42:14.100Z,0,5.503283621919763,0.9735889116768703,5.296248765262135,7.699627067317686,-0.03042647071715976,0.0224677668718698,-0.12966055463115023,0.004070962560344063
2026-05-04T07:43:14.100Z,0,4.618689921699115,2.390615923786754,3.364947579939326,6.194369483943245,0.021223371829748316,0.04003632150340053,-0.046076431221481196,0.002043369735932596
2026-05-04T07:44:14.100Z,0,3.897953475131999,1.6961447300900545,3.639653088612249,5.596250784690637,-0.013341414577539012,0.018160550534496167,-0.13992782274729887,0.0006120371668304884
2026-05-04T07:45:15.100Z,0,3.2477074739887257,1.1585547795220918,3.441603853389097,4.871805630094287,-0.006826235684265214,-0.033868831163630375,0.10347383554321077,0.0074826821777024604
2026-05-04T07:46:15.100Z,0,3.3038921902743823,1.7994307415847288,4.290181547730754,5.706076788057244,0.0033352871131597794,0.09992072088049753,-0.23518362233954093,0.0017649369248557971
2026-05-04T07:47:14.100Z,0,4.942491939232241,0.4314240959502058,5.5320808532997034,7.430899803347324,0.01653242841825886,0.013837404141625598,-0.029274117466338012,0.003056705102141864
2026-05-04T07:48:14.100Z,0,3.7288121226310977,0.9251694164049695,4.52940692048287,5.939318592755389,0.017326458833011316,-0.008335582688090426,-0.022344009743324733,0.001834305656177581
2026-05-04T07:49:14.100Z,0,3.9426046794233116,1.6605558585069957,7.565865739707078,8.69159949656597,0.005207883814861702,0.009006367377217828,-0.0003115608340209519,0.002034298984713938
2026-05-04T07:50:14.100Z,1,3.2356592557789554,1.9293763239147665,5.724291710976104,6.852700154766778,-0.009729674800063037,0.019737754822557463,-0.027926460368199457,0.00024243868497707304
2026-05-04T07:51:14.100Z,1,2.5740594542185136,1.557278725613287,6.353377689265471,7.029673332776973,-0.003367689121347439,0.003107586724393485,0.002169388743755718,0.0010345536929176112
2026-05-04T07:52:14.100Z,1,2.7993663766210375,1.0026084360106324,6.9562298949676915,7.565104767163394,0.0493236019600829,0.011691132538516058,0.019674100756539303,0.002870942509502586
2026-05-04T07:53:14.100Z,1,3.631055714777176,0.3035612176063296,6.027196387549338,7.042997324345539,0.04434151008947396,0.02061500087346957,-0.024193736573252522,0.004380224316400884
2026-05-04T07:54:14.100Z,1,2.850802342436509,2.9558054302469827,5.334358252184757,6.7319564540904935,-0.015321703130233288,-0.010025726764339993,0.019136760774252082,0.002324631885164816
2026-05-04T07:55:14.100Z,1,0.6049230314602028,0.46489542046401766,8.152926975526498,8.188545529837826,0.01248434575007451,-0.018628787687990922,0.06775380009838017,0.0010222030714708895
2026-05-04T07:56:14.100Z,1,-0.007754427315376233,0.010063884474220686,7.855734305849182,7.855744579415082,0.05991314328390729,0.012516923165950544,-0.010414722597218429,0.001281144655165681
2026-05-04T07:57:14.100Z,1,2.563761200690351,-0.2161882234759105,5.525490704712865,6.09513382707904,-0.03143762230006786,-0.009190564389971456,9.621047780683512e-05,0.0003652335473092816
2026-05-04T07:58:14.100Z,1,2.650537741374137,0.625446117737738,7.452881829067337,7.934858582399816,-0.04568001794158505,0.04359193039360498,0.007143263022868496,0.006214537828127122
2026-05-04T07:59:14.100Z,1,1.767064890373149,0.729170772501675,7.0630161840199435,7.317130992266559,-0.053984831127174004,-0.04435911819267169,0.08874237491340864,0.0008125928734776206
2026-05-04T08:00:14.100Z,0,1.5826804910830106,1.9378306697035441,7.037730710635515,7.469251555324717,0.0037574755227254286,0.010167341299549548,-0.018389532073115333,0.0061443508672178095
2026-05-04T08:01:14.100Z,0,0.5676111459251842,0.828491063657566,7.614104358708573,7.680049807185097,0.007077498582752639,0.014896861522006866,-0.011215542324194416,0.0037153336171207177
2026-05-04T08:02:14.100Z,0,0.7480005142497248,1.9102448295598151,6.617107462261629,6.9278172064003245,-0.008934675378213797,-0.02882404089382673,0.012587242862238668,0.00013583698865782089
2026-05-04T08:03:15.100Z,0,0.10031603505922249,0.8311772126035066,6.588193631159811,6.641175663035577,0.015542357100883919,-0.005334925690603232,0.0028359418342560616,0.0012683170610918767
2026-05-04T08:04:15.100Z,0,0.03169815954606747,1.131185601479956,6.531230092377882,6.628540726124912,0.05763323276708476,0.030462811623832575,0.0495342027395651,0.001558178218756609
2026-05-04T08:05:14.100Z,0,2.366097537560563,2.946851306660392,6.047183466876049,7.130973149779436,-0.014843982651280285,0.034433201784866974,0.002869519696524492,0.006170953511598176
2026-05-04T08:06:14.100Z,0,-1.2040250721838675,0.6760242222298984,7.065034248000757,7.198707804107104,-0.08448108218184203,0.016148485331490825,0.04047309413213185,0.0024918683685752
2026-05-04T08:07:14.100Z,0,-1.8700540995268966,0.051901512961194385,6.877388259603379,7.127290184602799,7.77740660762305e-06,0.026511512806193238,0.0021024955039194992,0.003782950412934537
2026-05-04T08:08:15.100Z,0,-3.1459543051823857,-2.664079676833353,5.6091719590654066,6.961117660345768,0.05854881278088975,0.12239968108285204,0.010195612561325618,0.0006651806759065856
2026-05-04T08:09:15.100Z,0,-3.550616011125385,-3.9558398675580975,4.673753970564576,7.078101390457058,-0.012687219230367308,-0.0028712734885250057,-0.010411513248875792,0.0020878272295205757
2026-05-04T08:10:14.100Z,0,-2.484483935404569,-1.0264378265674168,5.020816210162593,5.695158509938357,0.03480581308931696,0.019430000995246388,0.037384523879246956,0.0038763685646248714
2026-05-04T08:11:14.100Z,0,-1.6506745560036507,-0.4752043446387688,4.662768658135974,4.969100242327233,0.05165199768919493,0.14298864866191252,0.007297914419446272,0.002534522296016916
2026-05-04T08:12:14.100Z,0,-4.15379913738434,-0.03989318429375999,3.7043255892967863,5.5657584219409815,0.0391296106159178,-0.0745268855735226,-0.043055911286948856,0.0013051342492939586
2026-05-04T08:13:14.100Z,0,-2.4650317118357634,-0.7045060115160595,2.975529903324059,3.92765684170523,-0.0008132064448496124,-0.054318109756312793,-0.013916397175961492,0.0034278346670470017
2026-05-04T08:14:14.100Z,0,-2.669268528734392,-1.4304709570751584,2.907086465256725,4.197903447437331,-0.03446004190776897,-0.01043675958412038,-0.0037428864461119815,0.004413454652971841
2026-05-04T08:30:41.100Z,0,2.5488668785556,-4.158826977572971,2.384471401455812,5.4293892896298335,-0.1266075241614928,0.3132413500068765,0.15448378396282214,0.0036648047975323095
2026-05-04T08:31:15.100Z,0,-1.1036398574333361,3.685488996211461,0.12490352492022794,3.849214331087415,0.12872272241271077,-0.29201116777066716,-0.005364232954829795,0.0018160626918494543
2026-05-04T08:32:14.100Z,0,0.4944510678797087,-0.3958622852451299,-1.315580477239564,1.4601167074931922,0.0956362540405209,-0.04365711395326599,-0.015635965623983505,0.0030024532380224555
2026-05-04T08:33:15.100Z,0,0.8641895319954074,-0.733560656044574,-2.8329037559160497,3.0512748931537206,0.04046952077008115,-0.023258215194665866,0.08051163340738743,0.001887305460433987
2026-05-04T08:34:14.100Z,0,0.026314416004424857,-1.3790939678983705,-0.5491692618306843,1.4846479377020614,-0.02213627176050892,0.005746548202623103,-0.05595151229864648,0.002120696251995188
2026-05-04T08:35:14.100Z,0,0.2591749973817059,-1.198486218072503,-5.939569417932944,6.064818691817739,0.030204030410985183,0.019642313531242905,-0.05504909637887856,0.000312394839933565
2026-05-04T08:36:15.100Z,0,1.4027471897861687,-1.8861431715322396,-4.798749864676211,5.343522808569328,-0.015696750335081333,-0.008159751031744378,-0.022679271453274197,0.0009654312652902267
2026-05-04T08:37:14.100Z,0,1.9436339932781266,-1.762159424743004,-5.216184461460216,5.838792621254489,0.0187156283946166,-0.06609170766624928,0.029246785489434046,0.0027766956371790023
2026-05-04T08:38:14.100Z,0,3.0807919310973375,-0.8470004913760931,-4.938901166497089,5.882298316774841,0.003880774857023539,-0.0391764430842656,-0.059721688097091885,0.004369379790939777
2026-05-04T08:39:14.100Z,0,2.5673763298073027,-1.3505227639143413,-5.039220129219757,5.814556944896079,0.018003812284561604,-0.020475635143846205,-0.02851296790629121,0.0022497080824702338
2026-05-04T08:40:14.100Z,0,3.5564731715567177,-2.6119898798242502,-5.205945273701218,6.824431019878437,-0.03720338311818949,-0.013122848905755546,0.008494525594038294,0.001104314710808969
2026-05-04T08:41:14.100Z,0,1.5258720577548956,-3.586049123896373,-4.725490209239069,6.125217675580959,0.021860134163276257,-0.04669447056393494,-0.04009311120878323,0.001265049532728013
2026-05-04T08:42:14.100Z,0,1.4212656583367789,-1.8437260282553325,-5.535197317840357,6.004808996650996,0.03888032812948694,-0.0005309408446230179,-0.004891946799645552,0.00043977168621881814
2026-05-04T08:43:14.100Z,0,1.6816414436107152,-1.3997570167703088,-6.178820497552806,6.554773862754195,-0.020930304639676933,-0.008473482340898286,0.00777282293640269,0.006197571781704518
2026-05-04T08:44:14.100Z,0,1.922814244608162,-1.4304800824902486,-6.166999632114312,6.616295968906426,-0.016759925716591795,-0.02271559196609374,0.02152949863720721,0.0007553570532340032
2026-05-04T08:45:14.100Z,0,1.231906195243937,-1.6414625392826565,-5.317411008036288,5.699723850339958,-0.020497103547789663,-0.001069493377192643,0.004023399828412266,0.006211396290802079
2026-05-04T08:46:14.100Z,0,1.3054110368102556,-1.9603735831879021,-7.882006807903963,8.226371854015076,-0.04650024594266,-0.05565808149121665,-0.02542554774809247,0.0036993909764505154
2026-05-04T08:47:14.100Z,0,2.484362612449331,-2.3809471695130924,-6.188450011450186,7.080810727477912,0.04307616288912186,0.006703806509134047,-0.028253350312645864,5.701947230277121e-05
2026-05-04T08:48:14.100Z,0,3.4141022215408157,-1.6562492446610122,-7.289468266208132,8.218004815259329,-0.016400743216848923,-0.006888976393115698,-0.013869198226323931,0.0011503714538013353
2026-05-04T08:49:14.100Z,0,3.486736605736951,-1.384975902055885,-6.475761022556981,7.4840477836749395,-0.012467493005985375,0.022788997681877365,0.036842108717571875,0.0017391239801903815
2026-05-04T08:50:15.100Z,1,3.9386047719744965,-1.7679511984169949,-6.840149488652969,8.088628067659178,-0.040764104279222835,0.025665914493024078,0.0075629834688228925,0.006250821357433841
2026-05-04T08:51:14.100Z,1,4.920550965834991,-0.39039407101881807,-7.345507371383064,8.849898749765968,-0.04035365079335662,0.05640109302568197,-0.04079094983655551,0.002477310566328251
2026-05-04T08:52:15.100Z,1,4.272352759471687,-0.42476293583604274,-7.991454602688464,9.07175662812093,-0.0024756899135169874,0.03435404872453862,-0.03276705181942674,0.003862857392848134
2026-05-04T08:53:14.100Z,1,6.234018026589183,0.9775921016625944,-10.0634327222906,11.87818779229985,0.025090002246486165,0.0273000917885291,-0.05467514737400592,0.0005623268648358943
2026-05-04T08:54:15.100Z,1,7.675458135054214,2.3681947600380227,-9.738934813753986,12.62409819793045,0.007624822635499129,0.012663470964291434,-0.028310288915811554,0.0020849100213769928
2026-05-04T08:55:14.100Z,1,8.423634983046213,2.144432618479186,-9.205623165911447,12.660952391331506,-0.017286141788419584,-0.04530692521309554,-0.021103116094600693,0.003912280098294135
2026-05-04T08:56:14.100Z,1,8.601772551628528,1.5686131396250858,-8.682863293870469,12.322465386106693,0.05168388971421578,-0.021181336315123644,-0.009421251665919783,0.0024967919418506
2026-05-04T08:57:14.100Z,1,8.806407741758449,2.1321416161299567,-8.68669491444507,12.55219159039497,0.014005556023946597,0.02240077191228984,-0.023486517478410462,0.0013080155934310333
2026-05-04T08:58:14.100Z,1,9.301548895564338,2.516667730105837,-8.580654763363782,12.902715392054796,0.03717494919064368,0.005437743371139447,0.0160894533998146,0.0033987331153879936
2026-05-04T08:59:15.100Z,1,10.676615555894386,2.3810013121874363,-8.326682306915245,13.747469775100424,0.05664242418645937,-0.0005159503797536047,0.03285027772470528,0.004536923374777772
2026-05-04T09:00:14.100Z,0,9.45035852419096,2.848140190508275,-9.130566767453274,13.44575874673718,0.03507050500117792,0.020921368066861845,0.029973713401076907,6.628349166778572e-05
2026-05-04T09:01:14.100Z,0,10.986385894284467,3.3037315797628253,-7.826650000879454,13.887828037728623,0.00881044778466844,0.010739277255922275,-0.013096479801966154,0.00017180682565512987
2026-05-04T09:02:14.100Z,0,10.165383011553786,3.0602968618040904,-7.8330491037377215,13.193069654766497,-0.006704927346667944,-0.025412610889841147,-0.009082602544729923,0.0015784222703651993
2026-05-04T09:03:15.100Z,0,9.591414141141286,1.132585949562781,-6.791841484300676,11.807077831025747,-0.10753043656430705,-0.039452456493282995,-0.032257620500075745,0.005181477442992006
2026-05-04T09:04:14.100Z,0,14.446626109020144,3.993733699189761,-9.637658813517191,17.81963473810931,-0.005558323753707128,0.009101561729618624,0.04458491707914902,0.002570779417664197
2026-05-04T09:05:14.100Z,0,13.039578811913088,4.679380507468522,-6.3752396931704425,15.250275363780979,-0.0445228702341538,-0.020571155180171274,-0.020739540705250192,0.0036997137720969474
2026-05-04T09:06:14.100Z,0,13.822418439303874,5.290767965334453,-5.840388454089407,15.911053216832563,-0.037041465924314565,0.004094350374295175,-0.012405862291231529,0.0028340938569837606
2026-05-04T09:12:02.100Z,0,66.09949434187001,36.22933874532919,-38.71411461932439,84.73777675236059,0.07776800621606128,0.029154717666735053,0.04177151039597149,0.0021940747478600086
2026-05-04T09:12:21.100Z,0,16.1222923115929,6.922991424744396,-3.4501967602409422,17.881833723975546,0.07240185080892303,0.02326884497438897,-0.021974633991561632,0.004789158664048294
2026-05-04T09:13:20.100Z,0,17.238137612821447,6.3379017601619125,-0.77885867904115,18.382845479466738,0.031342791462662944,0.04912007631352466,0.003932301715359188,0.0004671197566140859
2026-05-04T09:14:21.100Z,0,17.420339374893956,7.417962203788875,-3.4887719875769108,19.25268597299147,0.04473941425509054,0.05352136261382867,-0.031175044197251367,0.0003146371953279185
2026-05-04T09:15:21.100Z,0,19.780462458129477,8.165758128811262,-0.7421067357427091,21.41254359675542,-0.04621193552711844,8.710890009311356e-05,0.013972043591437,0.0070480453721404115
2026-05-04T09:16:20.100Z,0,19.521429253245515,7.529727931512298,1.4553442742908373,20.973817720405062,-0.025824396596263455,-0.025164756836559832,-0.0755913777712447,0.0020260117219355334
2026-05-04T09:17:20.100Z,0,19.414233429870364,7.6289552387720505,2.106841906424961,20.965500245006126,0.022395800114871633,0.0026667255812462543,0.10308774617850958,0.004086174546146477
2026-05-04T09:18:21.100Z,0,19.83299890184753,8.064110003715541,3.0894792362232693,21.631518613906078,-0.03953552956748041,0.010190040617086282,0.009356998962428698,0.0020459110757009716
2026-05-04T09:19:21.100Z,0,19.26135841085852,7.09325139075645,4.279416788449453,20.967297183311004,-0.009712701312558636,0.017115529946210017,-0.024051940869879163,0.0029633987453525114
2026-05-04T09:20:20.100Z,0,19.119246542700807,6.603434905173344,4.006340466730762,20.620419608795622,-0.043794350455428344,0.015303136802646833,-0.033202562552570036,0.0015886979838142634
2026-05-04T09:21:20.100Z,0,19.988452827021774,8.304905619979763,5.754262516347808,22.396902484091225,-0.002890165454516591,-0.02238613971083936,-0.08442158891441842,0.0011053558534527073
2026-05-04T09:22:20.100Z,0,18.458705412513154,8.233217105725998,8.004938443264109,21.739105521994443,-0.05964328873275804,-0.03581291873899772,0.023653978435955736,0.0015528549860373878
2026-05-04T09:23:20.100Z,0,18.39243339964014,7.914197334685014,7.98504314479942,21.556368892669326,-0.012317953407503524,-0.00695732110278513,-0.00517522942233839,0.004366357249354609
2026-05-04T09:24:20.100Z,0,17.919476201313955,8.309230713621218,8.959538947237888,21.68926648203475,-0.011325542856432946,0.02752800349070661,-0.05170691237843528,0.003910545692898361
2026-05-04T09:25:22.100Z,0,16.38673901106813,7.636470655370431,10.531667564464442,20.922641352744836,0.02277306340392471,0.014723403876981678,-0.03195358037677565,0.0023482182607858846
2026-05-04T09:26:21.100Z,0,17.51429568776075,6.952566998734255,11.04281608149904,21.841074339876627,-0.025968512173513147,-0.025991753915155513,-0.019332636543190063,4.1147449883621646e-05
2026-05-04T09:27:20.100Z,0,17.018174264649133,6.57603316813038,10.420031379908323,21.010462191217762,-0.0029057480759320242,-0.01629958880400295,-0.016254806253890308,0.00034501105872479065
2026-05-04T09:28:20.100Z,0,16.521108945653395,7.299088715853941,13.361118440116115,22.466491111138517,-0.005156833369213132,0.013921161458263498,0.08410063405017709,0.006063249164818984
2026-05-04T09:29:20.100Z,0,15.284331350358116,7.231317807963933,13.42636165645672,21.59096869983576,0.01766550287474189,-0.011647527545122216,0.024376788563706953,0.0007140184661085901
2026-05-04T09:30:20.100Z,0,14.019305795045511,6.657338244849598,13.213343885581708,20.38267755031152,0.0022318992902725654,-0.032002858540880474,0.012458466263964851,0.006915531733116661
2026-05-04T09:31:20.100Z,0,13.286739833347383,7.2749864229990635,14.185979205649346,20.753430773657556,0.03977657487919117,0.03636895267944418,-0.0040305538826501675,0.004840867842247729
2026-05-04T09:32:20.100Z,0,12.066367133229505,6.142538680251164,14.21053338344791,19.62822600935577,-0.058330412818996535,-0.007965737861492794,-0.0196011992947831,0.0006372921847068275
2026-05-04T09:33:20.100Z,0,11.705592369253282,6.774926736852649,14.980420399297145,20.18250530396362,0.010807871945850422,0.025860205415395576,-0.04988709009356995,0.001455156279257503
2026-05-04T09:34:20.100Z,0,9.843252380960621,6.047639014923334,14.079142914852127,18.212243692278573,0.011827703703559678,-0.00480485764889349,-0.007309171412117621,0.0004196346550724133
2026-05-04T09:35:20.100Z,0,14.596487476410402,6.051657890111528,14.677521176963637,21.566400667894744,0.02520044026699253,-0.031075335597721687,-0.04095090136235768,0.006113594431420641
2026-05-04T09:36:20.100Z,0,7.406104063193197,4.649994874398544,15.759891426114336,18.02351262905463,-0.0010826966096999513,0.011922463734714839,-0.0521855931685522,0.0021476082258321
2026-05-04T09:37:20.100Z,0,6.653966383964871,2.730604568569106,15.68214365897802,17.25285772530596,-0.028931764093353962,-0.06071135071955558,0.030279460021986893,0.004485142149448457
2026-05-04T09:38:22.100Z,0,7.267740068527928,4.537985874321748,14.149036529033765,16.54111834789782,-0.027914982859034154,-0.009593189167933502,-0.026532631653530814,0.001663043383591444
2026-05-04T09:39:20.100Z,0,4.605265038662765,3.351353768266563,15.859119257584098,16.850866499461645,-0.03604456074413065,-0.04497862810193265,0.022122150341807867,0.0027860136549451332
2026-05-04T09:40:20.100Z,0,4.67611824751657,4.375760921220717,14.579121432461761,15.923697662506209,-0.0022823779808334166,-0.001327379878346413,-0.008265816447305951,0.002169209033630898
2026-05-04T09:41:20.100Z,0,3.7525517582253087,3.5451173989713425,13.99009980309529,14.912155933037184,-0.09502894064539191,0.03676224578064158,0.01500811518706513,0.0025133908996718022
2026-05-04T09:42:20.100Z,0,1.8066857765006716,3.4106451055322395,13.583555312948192,14.12124599569117,-0.03595051840088459,0.03374456406768367,0.013521375542779879,0.00012768539287897148
2026-05-04T09:43:20.100Z,0,0.9370784182465286,3.4379931237253913,12.815225062013269,13.301424963919448,0.035636670417504845,-0.00783575228768818,0.06014336203197246,0.002766381792389351
2026-05-04T09:44:20.100Z,0,0.7244951502798358,3.097832960065716,13.557222312044814,13.925506780345707,0.07803323009944463,-0.02750443825050297,-0.016468836419925026,0.0051715244577703184
2026-05-04T09:45:20.100Z,0,0.5214680204517208,3.023047607484841,12.737624082660659,13.101824796746843,0.00022855430958923506,0.0023276245961767472,-0.016072559239965756,0.0005457087049689007
2026-05-04T09:46:20.100Z,0,-0.29877225370000815,3.3637236178947205,12.057216029234041,12.521196420980786,0.05554780465377718,0.0009217276564221777,0.0016933324209489342,0.00015624598838094833
2026-05-04T09:47:20.100Z,0,-0.6977087050472619,3.725451517766487,11.119196308527535,11.74743857170148,0.032521183049416535,-0.07983562438962366,0.059074251800517175,0.00015118453081768298
2026-05-04T09:48:20.100Z,0,-2.5262801709686755,1.8108338931597245,9.272497802157886,9.77959234231511,0.023831991918354944,0.0046669447888447735,-0.03853682707966044,0.004765297706074129
2026-05-04T09:49:20.100Z,0,0.23189438616100233,4.839158236109142,8.659738277856377,9.922816862232562,0.0837754354563458,0.028083297878511715,0.056067328715769804,0.0024886350319064695
2026-05-04T09:50:20.100Z,1,1.5443880865859683,5.790561299136243,8.895941856280842,10.726300211693337,0.07094566062271213,0.020459413304418916,0.038827105294458875,0.004446824390494642
2026-05-04T09:51:21.100Z,1,-3.1292433641283424,4.701210615507989,7.496778443055518,9.385906046172005,0.0030565539912430495,-0.01592931275151699,0.02607418032241071,0.0014778991582824032
2026-05-04T09:52:20.100Z,1,-2.050601901828486,3.6956987187295454,5.733058288569737,7.122577800174595,0.0009850194153671055,0.020681894976171122,0.002279316702491485,0.002481819792876829
2026-05-04T10:04:20.100Z,0,-0.5401886148774793,5.197247627734214,2.460587367750122,5.7756105164704135,0.10760096284734288,-0.03291739851163378,0.005968266749700746,0.0029232666493654164
2026-05-04T10:05:20.100Z,0,-0.46339693449226615,4.7754664389003665,0.4173537872702582,4.816015013650747,0.11475209719069568,-0.11783416353794429,0.11317752920647628,0.00163265312342046
2026-05-04T10:16:37.100Z,0,0.5653540279126901,5.92754365447945,5.802913359730155,8.31439729704874,-0.02944828402284827,-0.024486087398828404,-0.07079697137957197,0.004899679611454846
2026-05-04T10:17:20.100Z,0,2.704752997487958,3.4451393596555135,-3.7641160133716767,5.775226692259689,-0.06401224461072275,0.05003216455348736,0.05433216331862667,0.0005663182755166166
2026-05-04T10:18:20.100Z,0,3.1040610911077238,3.362586131061107,-4.119829623050464,6.157530094859261,-0.047757590027508456,0.006796817677789946,0.03332990434845584,0.0014797252703031062
2026-05-04T10:19:20.100Z,0,1.6570031875744462,1.3878772945190576,-6.730340870490181,7.068900280896877,-0.026893914127690266,-0.012157262227252552,-0.04768570615265588,0.0003270672477618229
2026-05-04T10:20:20.100Z,0,3.3944725510082208,1.4623713223045343,-7.190757019998273,8.085045473248831,-0.03434940486624072,-0.0005413362975659197,-0.05929617203292992,0.0061721697237487536
2026-05-04T10:21:20.100Z,0,3.0390399815587443,1.079096705552729,-7.220474009045574,7.907936432771194,-0.06198825973946498,-0.007750365196179665,-0.0002630424482674698,0.0021891368181173533
2026-05-04T10:22:20.100Z,0,2.1339738623282756,0.7223163106573338,-7.050003593576548,7.401225301744579,-0.007710163824725669,0.023512568093742026,-0.02496115451755543,0.004431348016885898
2026-05-04T10:23:20.100Z,0,-1.7392402869518264,2.103603430327894,-8.014213915885193,8.466270067592424,-0.026384607689777795,-0.0004534436527370289,-0.06320089154776554,0.0014319524693527739
2026-05-04T10:24:21.100Z,0,1.870171431619383,0.7387238811134011,-6.8947125855629565,7.181943733676334,-0.09190527526481418,-0.03541411147978124,-0.020244529665980338,0.0029758791923248035
2026-05-04T10:25:20.100Z,0,-0.05004154627386015,0.06275185114645865,-8.181095418876794,8.18148911897722,-0.09043748626558212,0.0017118366375523664,0.0206576939989489,0.002170863147431696
2026-05-04T10:26:20.100Z,0,5.9805904329550685,0.34630658410605974,-10.319795672330656,11.932542599781634,-0.008689694733554632,0.04600157346490441,0.00814786360159303,0.0025499422756198723
2026-05-04T10:27:21.100Z,0,6.606324902350025,0.7512263108537809,-9.167338128463598,11.324661498124856,0.01232575465470731,0.01508195759503117,-0.012638999135283768,9.905903835856978e-05
2026-05-04T10:28:21.100Z,0,7.719688265751756,0.4745622255768467,-10.252592934193672,12.84268111029032,-0.10231602693511199,-0.0504007842272447,0.014665842551941921,0.0026722171873247193
2026-05-04T10:29:20.100Z,0,9.025361573549162,1.9791291925912446,-10.967207473186136,14.340632609971378,-0.07340862991034314,-0.008255260337985959,-0.017193333918363862,0.0052032429895993645
2026-05-04T10:30:20.100Z,0,10.357855921938608,-0.3429296399986015,-11.25639787039745,15.300629825412956,0.08426860826737936,0.007018943988468251,-0.050989343540308596,0.0005452299964446704
2026-05-04T10:31:21.100Z,0,8.541865685401717,0.1526138900658225,-10.657034634562024,13.658665659175456,-0.0004203727106411037,0.0513744111800829,-0.004274355526412421,0.00012672514844964188
2026-05-04T10:32:20.100Z,0,12.15556233728421,-0.4300469800000428,-11.228496433616897,16.55360287974666,-0.13872808228639066,-0.009195289026431297,-0.013949765675036474,0.00013028049488311794
2026-05-04T10:33:20.100Z,0,11.091228649092955,0.3797772727409665,-11.364153773115504,15.884066692832986,-0.011082403147066877,0.0020232723254576257,-0.009925812175737292,0.0047951630821574335
2026-05-04T10:34:20.100Z,0,13.076938224912737,0.8064370544644817,-11.203345392459596,17.238665900925827,0.0031154321893378523,0.01779100911325493,-0.00663041490600591,0.0025040941085983054
2026-05-04T10:35:20.100Z,0,10.808614795678295,0.0021287756801768865,-11.651295891169866,15.892729604339006,0.0627400715906834,0.017487133306293146,-0.011224105779028548,0.0043683105004525755
2026-05-04T10:36:20.100Z,0,12.756799513226724,0.1515793668573906,-12.598772763340094,17.930086036251993,-0.09786625345187261,-0.010240296651753411,-0.02776790863645573,0.0016109157522541202
2026-05-04T10:37:20.100Z,0,15.811538409252535,0.6690025853117731,-12.033965660521062,19.881364159559627,0.01942378454300453,0.00966727024120928,0.035574433848495346,0.0025035066609079195
2026-05-04T10:38:21.100Z,0,17.7542324663591,0.06592078216272057,-11.322065687181748,21.057214617415543,0.03568294609745948,0.010174488521697,0.010430357976431992,0.001608213140059144
2026-05-04T10:39:21.100Z,0,16.732674774175393,0.12111146764937075,-10.824797629993554,19.929207631419665,0.11875678909811782,0.009682194560767243,-0.009811907017542865,0.0012492275646687377
2026-05-04T10:40:20.100Z,0,15.309557820728514,0.42611621205423944,-11.511978539147094,19.159587301875483,-0.14279536063677156,0.007944731534648142,-0.12188410376978709,0.004212008433958892
2026-05-04T10:41:20.100Z,0,18.20804203816806,-0.9930774883741833,-8.824515126434562,20.2581110910737,0.037559793088171034,-0.013826691628082699,-0.009716953687011198,0.0019071305267041587
2026-05-04T10:42:20.100Z,0,19.857986558236007,-1.1641433771956144,-9.412644515577995,22.006652101725763,0.007678968581004142,0.03677072885888144,-0.003333432182728302,0.0046856430591231445
2026-05-04T10:43:20.100Z,0,22.31557802133466,-1.3799324690353387,-9.127200821239967,24.149431274392693,0.020845188274165594,0.008664302354688402,-0.0056780929655886325,0.0004723627502337526
2026-05-04T10:44:20.100Z,0,22.869023527164245,-0.909360652713076,-8.514891529557644,24.419716452957168,-0.0071292903864872414,0.037420933819198865,-0.04241820750827685,0.00019739650423911207
2026-05-04T10:45:21.100Z,0,23.989748017811507,-0.06274910742831707,-8.55234337359434,25.468696955055183,-0.01570734177747113,-0.0021487193527791604,-0.013732965253865359,0.007067735273134547
2026-05-04T10:46:21.100Z,0,22.825863497928367,-0.22134890036795696,-8.861345842888113,24.486577750045495,0.06162273692122966,0.024057171336688832,-0.01973542716005028,0.0020687237886338463
2026-05-04T10:47:21.100Z,0,24.90016465935696,-1.1542754916717968,-8.24178576203849,26.254096528372557,-0.034649843576595174,0.045504700899146044,-0.03809101638818646,0.004206846388761686
2026-05-04T11:23:20.100Z,0,-1.5599938615196152,0.21899568218941567,20.496908087807242,20.557353456046194,-0.03750905929233994,0.00448933362817705,0.0007916700068832938,0.0018163972760156535
2026-05-04T11:27:20.100Z,0,-4.782040930876974,1.4043307987776643,16.86043995914588,17.581652256626544,0.02375063905191155,0.006565293527271976,-0.00883294676334856,0.004680624140326355
2026-05-04T11:30:21.100Z,0,-6.641460394348542,2.0003484828521323,14.059484799872735,15.677356379836544,-0.038912358908405054,0.0016438000821628052,-0.0023042273600282215,0.007075080273919572
2026-05-04T11:31:20.100Z,0,-7.158871499996167,2.0126094752868084,12.542158524411207,14.581007458503418,-0.027001036208673668,0.016740625721253788,0.006405125746233864,0.002066856123471908
2026-05-04T11:32:20.100Z,0,-8.56252817720815,1.3149330916348845,9.828657434809429,13.101467276293702,-0.02655461391931624,-0.00023194987190666705,-0.003961346383363207,0.004051743641573729
2026-05-04T11:33:20.100Z,0,-7.993574223291944,1.781369779337183,11.138318220218935,13.825072872461625,0.0004926550065675883,-0.006361611743443962,0.01614772314173507,0.002031778265393706
2026-05-04T11:34:20.100Z,0,-6.53583217308551,2.037307325963411,12.10595451084373,13.90761870176852,0.005043276188665402,-0.059498170968785846,-0.008342153196672086,0.00293120364860836
2026-05-04T11:35:21.100Z,0,-7.566967011825909,3.0675629534471227,9.79955386446818,12.75539839338764,-0.04463537818200081,-0.014580865502211715,0.010575456787620396,0.0018763178808927034
2026-05-04T12:08:20.100Z,0,9.781388529518154,-3.9699117460259004,-15.506406027242292,18.75858173525706,0.06688000093602042,-0.015233681283088885,0.0010764014328756843,0.0018343419959542106
2026-05-04T12:12:20.100Z,0,10.142842255845608,-2.3951109924382763,-16.2923532448076,19.34049068526077,0.05951323916697504,-0.03836307685145535,0.043519134812264326,0.004698362995681953
2026-05-04T12:13:20.100Z,0,10.385209812739049,-3.4034856657854107,-16.342504089607246,19.65995263093601,0.11558190481553154,-0.048349917081358385,0.10515558395152169,0.0005095222014535364
2026-05-04T12:14:20.100Z,0,11.682392321745283,-4.929149262352439,-16.433981659247365,20.75693994755011,0.01835066787814199,-0.005489055391383335,0.003377023158002146,0.00021607982957788944
2026-05-04T12:15:20.100Z,0,12.96522565644409,-4.728246870399744,-16.12824504127275,21.22672096441888,-0.005026259163543045,0.012425022434052815,-0.059941942423868966,0.007131915544001272
2026-05-04T12:16:20.100Z,0,15.034408913379593,-6.059182916942518,-15.659277881695743,22.537970910706253,-0.03816638513631787,0.0035052832150217483,-0.05740842852830497,0.0021025752381581136
2026-05-04T12:17:20.100Z,0,17.54350356895884,-6.669258941656153,-14.77750714548165,23.887826392112224,0.0043452719014069885,-0.003525079483424065,-0.07106244519938798,0.004063133092425478
2026-05-04T12:18:20.100Z,0,18.817382182533038,-6.613276989355654,-15.791012592671905,25.439838510560076,0.006262585987570901,0.03914734393895003,-0.01682308435935198,0.0020830008769364737
2026-05-04T12:19:20.100Z,0,20.7019634272001,-7.185296497027593,-14.487228845609934,26.269365715913278,-0.06151785219277173,-0.037519511761896496,-0.03579077641635564,0.002946634991866455
2026-05-04T12:20:20.100Z,0,20.210730992403114,-6.207359979271132,-13.27629235220229,24.965273957653373,-0.025943524676996788,0.05557313663229202,0.018852267450242266,0.001605536972178412
2026-05-04T12:21:20.100Z,0,20.29691848792936,-7.426370751545619,-13.51262542175391,25.489349313658263,0.07609891551485504,-0.07566252910495841,0.08983272137985665,0.001035493445233351
2026-05-04T12:22:21.100Z,0,22.549021418853954,-9.358710579363105,-11.19320137786417,26.857616940853813,0.006802725217802674,0.015634455610813447,0.014779071071835403,0.0012998789464736904
2026-05-04T12:23:20.100Z,0,24.491774869602523,-10.722510691266507,-9.13343380761944,28.25312168426321,-0.0013575575099622483,0.0740382372792503,0.009924639344127684,0.004393015649709279
2026-05-04T12:24:20.100Z,0,25.021976420248393,-11.571610632927332,-8.110720948934613,28.736479793583456,0.003270192991955412,0.011416248214768387,0.0245740866797739,0.003867875575343157
2026-05-04T12:25:20.100Z,0,25.557922597727156,-12.580771776356414,-7.666290634006145,29.500088780971982,0.006560390223064871,0.009870902491382338,0.007176187962087965,0.0020454386243066967
2026-05-04T12:26:20.100Z,0,26.916565605006326,-12.243432233844942,-5.448282780889713,30.06803821492021,0.004692325598298908,-0.022885945598627444,0.024071110528822715,0.00017411197216741174
2026-05-04T12:27:20.100Z,0,26.931338217764278,-12.445154825854843,-5.728068133976194,30.215718118002464,0.004486643979895177,0.016406169968785633,-0.08321076766293345,0.0003637258451573241
2026-05-04T12:28:20.100Z,0,27.082458422682976,-13.169766996497856,-1.4572005229638307,30.150053902481208,0.023288636250562433,0.047615234231468406,0.0009955262325611614,0.006157311701872932
2026-05-04T12:29:20.100Z,0,27.31685489300162,-14.650379897830135,-1.9264385127826245,31.0572915390184,0.024526626337895152,-0.040522961751499054,-0.02225995659510538,0.0006676574336891243
2026-05-04T12:30:21.100Z,0,28.062352556503356,-15.283537585901286,-1.4942023972253082,31.989291848195414,-0.05431422153456822,0.055903604478491076,-0.037315039284058216,0.006903714490568536
2026-05-04T12:31:20.100Z,0,30.21168764655613,-15.43018526740525,1.064969686922268,33.94069604874929,-0.045473043054578,0.012633098794623265,-0.08852729818553673,0.004708927186623414
2026-05-04T12:32:20.100Z,0,29.207484475335832,-15.60289577491858,1.2473666183723253,33.13734191845486,0.05653599161181688,-0.009214222947306894,0.02445509180015737,0.0006295158149706295
2026-05-04T12:33:20.100Z,0,29.794857388651508,-15.082817544680438,3.2257248249152326,33.55041300106864,-0.06837458015063191,-0.009804974690830193,-0.03530120444128482,0.0015754698048236148
2026-05-04T12:34:20.100Z,0,29.179006718663913,-14.12498554202557,3.8936274368097656,32.65103343336843,-0.020729455952661624,-0.004510227076703899,0.0886490063375378,0.0003243313631393125
2026-05-04T12:35:20.100Z,0,27.221137532706052,-15.720113460531593,6.8359782726474805,32.168974101307505,0.03418209800365446,0.00557356860619862,-0.0031510844409332606,0.006051831350922895
2026-05-04T12:36:20.100Z,0,27.816752202397765,-16.596941875206994,8.758645552916278,33.555089846701655,-0.0209117554694771,-0.03503838627816336,0.04569965444822799,0.0022654950237224712
2026-05-04T12:37:20.100Z,0,26.812345247435587,-16.66554452509672,10.860180653253337,33.38541232045758,-0.05487561974337751,-0.05637251690115974,0.09308920422501643,0.004472768921813108
2026-05-04T12:38:20.100Z,0,27.842826425512612,-16.389794671169966,14.59634425555123,35.452808328126814,-0.029329589790627608,-0.0019421050843071441,0.021640605286865622,0.001293424392727391
2026-05-04T12:39:20.100Z,0,26.361021471984714,-16.444812585177715,11.96036740020645,33.29242710221019,-0.024854402775886797,-0.022446429637668075,0.13235172424153063,0.0028710675357183067
2026-05-04T12:40:20.100Z,0,26.081022102516727,-15.71721101163348,15.18069585745252,34.02504904644011,0.020193823656811105,0.015209630655821371,0.0055798595663958395,0.0020725452202326185
2026-05-04T12:41:22.100Z,0,24.40307760025462,-14.991818025919201,17.75826986613538,33.69897554414402,-0.00033006648347821965,0.015083085087574943,0.0027325281686252367,0.0026513410784782107
2026-05-04T12:42:20.100Z,0,21.911718911269418,-14.422270502791434,18.458609560184414,32.07562281542638,-0.06336847074184249,0.014849976535558085,0.0981324397271166,0.0002034092916842185
2026-05-04T12:43:20.100Z,0,22.356954489623604,-15.561472742547267,18.333103023906006,32.8343648401076,-0.039406315067047615,0.010657139667191728,0.010294191151061227,0.0028907489788417913
2026-05-04T12:44:20.100Z,0,20.838059416746546,-14.633787181992375,19.106678451862535,31.834534848283425,0.0049550182925628405,-0.018204371180274848,-0.027017313616539695,0.005291087615688838
2026-05-04T12:45:20.100Z,0,19.602127916186873,-14.198890632997063,21.655708590515133,32.47801762127232,0.08483384006563455,0.013325824972820755,-0.004052894676753738,0.0005049293007650254
2026-05-04T12:46:20.100Z,0,20.12582434417709,-13.741821669555065,21.45354582626169,32.46753912525609,-0.038695047580805664,-0.010738991721215285,0.0013349719187871756,5.236604044992461e-05
2026-05-04T12:47:20.100Z,0,17.597026834664575,-11.615868364515336,24.75987299840199,32.52130166796294,0.05623943649846197,-0.033213286102729,-0.03433977248601394,0.0002154705013266598
2026-05-04T12:48:20.100Z,0,14.05910482208128,-9.656814302161365,26.51114874970517,31.523856028311187,-0.03083402005854552,0.0001537340459378811,0.04951858688073685,0.004832460758439524
2026-05-04T12:49:20.100Z,0,12.829612078348873,-10.2357808814304,26.825096778793522,31.447670399017,0.009936597068715969,-0.027013488677507524,-0.002117934284839862,0.0024175104745032764
2026-05-04T12:50:20.100Z,1,10.468446562299505,-9.421557271252823,26.77719335497386,30.25511855559111,0.00248855457307684,-0.020306301100170288,-0.0060412856104363755,0.00440050788902111
2026-05-04T12:51:20.100Z,1,9.15535283365898,-8.319045353346155,26.853442578158138,29.56576363631175,0.07103859265544799,-0.01688021233992032,-0.03753864894395775,0.0015783926935513885
2026-05-04T12:52:21.100Z,1,7.340207117522368,-8.52081438915775,26.95739950559073,29.209318829555528,0.005093805705236321,0.018504082285097923,-0.001345640733951825,0.002621688271307519
2026-05-04T12:53:20.100Z,1,9.078542600946093,-10.088409826494171,23.953467189585353,27.531155787344623,0.03552856376043412,-0.0035531020463608343,-0.020850333524613518,0.0018668262553854474
2026-05-04T12:54:20.100Z,1,4.527037914158427,-5.1579606238192355,25.0141540441291,25.938514464335036,0.03427673774680784,-0.020869119627953125,0.022490842708222658,0.0011027203771389216
2026-05-04T12:55:20.100Z,1,5.115372894579195,-4.431712675796007,25.014492877403427,25.91393391604357,-0.06760401604168076,-0.007309009526057508,0.021472068630679075,0.00419411797578595
2026-05-04T12:56:20.100Z,1,1.836251837630698,-0.9383810856888886,24.606641200819013,24.6928971783188,-0.02981274147306756,0.07054483482615836,-0.008225742452516727,0.00193054618110891
2026-05-04T12:57:20.100Z,1,0.7223853963296278,-1.5288001873159374,24.1704063407866,24.229478189847683,-0.0013406807860549819,0.04147588441782979,0.03335941998816594,0.004702185736924764
2026-05-04T12:58:21.100Z,1,-0.5955656015430577,-0.34225602666992927,23.35335631335056,23.36345626554093,-0.0782610686560492,0.02575112044522765,-0.018873832275723146,0.00025116113091678627
2026-05-04T12:59:20.100Z,1,-1.8897068530350225,0.586602336170472,22.183441147490157,22.271509949605292,0.003949736592012698,0.0034043110056503068,0.017905180952126898,0.0002073718780530912
2026-05-04T13:00:20.100Z,0,-3.7524458193729515,1.4390476831067645,20.939085349255038,21.3212805226368,-0.004829303367426263,0.05926335620182188,0.006717739877259987,0.00715750280686513
2026-05-04T13:01:20.100Z,0,-4.270723856279801,3.9731639940328023,20.05242353311587,20.88360131614122,0.04593392540286345,-0.024943458610675838,-0.010383788220380552,0.0020626470073280916
2026-05-04T13:02:20.100Z,0,-2.563036980063771,2.835307462646597,19.70300530865643,20.070290111551884,0.014561067320784105,-0.0021151180463752084,0.001740177431486245,0.004076799559603191
2026-05-04T13:03:21.100Z,0,-2.9480296061592526,3.2334821466974972,18.624484590418433,19.131589364465686,0.015792258938329695,-0.00694511396981401,-0.005858900094857233,0.0020576039116659488
2026-05-04T13:04:21.100Z,0,-5.073823050224746,5.767166324858408,16.278979825074202,18.00025199570122,0.024760327015371786,-0.023181617694212342,0.019751514888532995,0.0029872224943198996
2026-05-04T13:05:20.100Z,0,-5.2748508323929855,6.430823066693847,15.499514303883188,17.590181359934814,0.008143385667125358,0.05554309442956651,-0.057411286836561715,0.0016045657807126066
2026-05-04T13:06:20.100Z,0,-6.555618038873945,6.137054928785801,12.774435061601253,15.614921140166254,0.000348437726671591,0.015984534420754315,0.00324083450387036,0.0011213875165412884
2026-05-04T13:07:20.100Z,0,-6.310877923169755,6.326142259695189,9.514090544143983,13.052401117542423,-0.005802429197565573,0.019807560928786216,0.013128911620086114,0.0015749839339538883
2026-05-04T13:08:20.100Z,0,-6.758217119568144,5.743168214848993,12.160591266365373,15.051161407907282,-0.027297653894642337,-0.026753925216116414,0.05168536821908987,0.004384593730640997
2026-05-04T13:09:21.100Z,0,-6.661199708105414,6.962650848436169,11.91775034294551,15.325888608014557,0.01583860466514153,0.0002030093848581771,0.01047388421415718,0.004185511090854826
2026-05-04T13:10:20.100Z,0,-6.9202424347167835,7.772296150506008,10.97645825757354,15.12550755137426,-0.05152965131571818,-0.0020441586676689383,-0.006816773866269443,0.00202253628563507
2026-05-04T13:11:20.100Z,0,-8.098271676317381,8.643324550121179,10.05972711755021,15.5398575637535,0.008314295231848234,-0.010565374033877362,-0.02766089056915888,0.00020757563469455428
2026-05-04T13:12:20.100Z,0,-8.13106225723459,9.385287482928106,8.947270955104614,15.3052753033812,0.0066279695278836925,0.0031528708261951977,0.05075900805717737,0.00037703195729550546
2026-05-04T13:15:21.100Z,0,-6.919287818845987,8.707053373655071,6.236149790311174,12.750642594744264,-0.037112804046834924,0.005711227338167646,-0.09330633753368289,0.006974159990778987
2026-05-04T13:16:22.100Z,0,-5.248951437579308,11.408121380554803,1.234765936715121,12.618295112494772,0.006427036769451888,-0.02839472944682342,0.09998511041375835,0.005095740278373753
2026-05-04T13:17:20.100Z,0,-8.21727561105945,11.359103159293227,4.385216655464319,14.689553028153698,0.024078672234750798,-0.008544637531748833,-0.051673520643058524,0.0006174934534707889
2026-05-04T13:18:20.100Z,0,-6.810636034856543,11.514466420294411,1.3960911264803144,13.450530494252304,-0.02032147457509126,0.004802296329486921,0.005970801586263619,0.001501932137792412
2026-05-04T13:19:20.100Z,0,-7.40817422930462,11.433032899049067,-0.5669016563842888,13.63512611494601,-0.03263417285470638,-0.018259198507841745,-0.04626634425930476,0.0003568972339449418
2026-05-04T13:20:21.100Z,0,-7.2140412272574395,11.362526220636937,-0.6545481437569833,13.475081677516009,0.01272179314604216,0.020815151333231086,-0.07114263706231583,0.006079583833647024
2026-05-04T13:21:20.100Z,0,-7.378779133091484,11.121653057102776,-1.9925204760511406,13.4947280841443,-0.013999153472887826,0.02795494095053641,-0.0092010073747123,0.002207564082720877
2026-05-04T13:22:20.100Z,0,-6.985265789467121,10.740565889875597,-3.0379163572433754,13.167483798276184,-0.012987777825657076,0.022729503656115924,0.04727163828222025,0.004447140896629312
2026-05-04T13:23:20.100Z,0,-6.148664218699196,10.533348035295376,-3.3943802964131464,12.660146527732236,-0.020286799565560898,0.00985748957305077,0.024064833370918137,0.0013894658995177518
2026-05-04T13:24:20.100Z,0,-5.643198648613179,10.543050638887053,-4.394816224703391,12.740330349357604,0.009890203569895561,0.0017054149283879383,-0.00936262235273766,0.0028671888687163364
2026-05-04T13:25:20.100Z,0,-4.754046149628266,11.02785218495228,-5.735449687563232,13.308262911609514,0.0035547944143843324,0.001704613533881627,-0.05672541805146203,0.0021900935227181476
2026-05-04T13:26:20.100Z,0,-5.273476496768126,11.259706046757856,-7.24507415361586,14.390331271821154,0.015453907219686869,0.010048377488303117,-0.061852879325918764,0.0025857820873442703
2026-05-04T13:27:20.100Z,0,-4.429148276358319,11.586836197921002,-7.653103411030315,14.575394312036437,0.053388786716013215,0.013156145898918226,-0.059168104230789,6.393743709898124e-05
2026-05-04T13:28:22.100Z,0,-4.470461506116408,7.623926915584889,-10.230687724288146,13.519477024047507,-0.06003197161330576,-0.1582204168650847,0.06373318140351358,0.002522589075198549
2026-05-04T13:29:20.100Z,0,-4.66836876285015,8.662697446197853,-9.455969626287697,13.64739372640774,0.004508899982269554,-0.016865594543169493,0.026756527613081005,0.005257181604032364
2026-05-04T13:30:20.100Z,0,-3.9757683443895075,9.26980978465508,-10.70702565357351,14.709741864431818,0.01680823258620734,0.022788486335301172,0.006117965338781062,0.0006128397400641367
2026-05-04T13:31:20.100Z,0,-2.395463369339268,9.214326889832591,-11.351919403750799,14.815807063261591,0.08843797384505692,-0.030259942619181857,-0.19283079801013514,0.00017793624100736162
2026-05-04T13:32:20.100Z,0,-0.6651069579675095,9.416867402705975,-15.890470812337298,18.48314966620751,0.04813545793824758,-0.027469897065479643,-0.056328167460151235,0.00022958117834827774
2026-05-04T13:33:20.100Z,0,-0.6436309054151934,8.32000831132973,-14.176241851600935,16.450004014530915,-0.011637887197046837,0.012187073071601162,-0.055013204957710116,0.004733139348264848
2026-05-04T13:34:20.100Z,0,-0.018689968783291988,8.257971085186,-14.902805970450572,17.037842045036054,-0.06678063360121556,0.0159269006845264,0.04881161159353553,0.002444758581808802
2026-05-04T13:35:20.100Z,0,0.8335379816344357,4.966815431089344,-17.34353059600835,18.059958322986578,-0.06033345324762962,0.017924965953319827,0.09071692204720705,0.004487381764078034
2026-05-04T13:36:21.100Z,0,1.1094612445958774,5.45055616839818,-16.53090526451706,17.44162537330055,0.00706374424241929,-0.0505613379329084,-0.0068742095375995405,0.001437274870992825
2026-05-04T13:37:20.100Z,0,2.5402956507605268,4.18634461630063,-17.55989202456476,18.22987633403132,0.010172830415156042,-0.023904403271490793,-0.0016607562196568892,0.0024034730392513935
2026-05-04T13:38:20.100Z,0,4.368763408820087,3.7413256968648056,-18.434136410633073,19.310644652576833,-0.02154868679005162,0.013051580478151692,0.0019430448814361512,0.0017814524213917876
2026-05-04T13:39:20.100Z,0,5.471756624501722,2.491281404218171,-20.736678128287167,21.590655927714774,-0.13468325653409607,0.08124162125255907,-0.02503155915434263,0.0010773668395460626
2026-05-04T13:40:20.100Z,0,8.705375023964734,0.5248446550467634,-22.170288831603102,23.823952717727288,-0.06356647514216274,-0.03139586612999068,-0.04177692572859826,0.004321701345510115
2026-05-04T13:41:20.100Z,0,6.0733274222002365,1.3550530675274786,-20.082175434026794,21.02415860280963,0.015696389513764064,-0.014314766151546365,-0.02858699584873392,0.0018680594009347904
2026-05-04T13:42:20.100Z,0,7.0247617513814475,-0.9001577127492055,-20.32476448221132,21.5233271784093,-0.009038102609559145,0.008484862485502731,-0.018860526516562004,0.004618893922961748
2026-05-04T13:43:20.100Z,0,7.750990272143099,-3.0083333849688643,-20.84275690526738,22.43988492319081,0.01527716736776652,-0.02479346033967822,0.003213691840642241,0.00039084101362805486
2026-05-04T13:44:20.100Z,0,8.435549902969797,-3.418053202040028,-21.603349347856238,23.442403735602507,0.055352784799844734,-0.020317468732988786,-0.03352436068126963,0.00022642329679648177
2026-05-04T13:45:20.100Z,0,8.981864892120939,-3.9536057729492313,-21.40872436036645,23.550761649814216,0.027954097483462448,0.05036133280089672,0.008025417009172031,0.007241476682754093
2026-05-04T13:46:20.100Z,0,10.24926492573286,-4.921838013615343,-21.478446594358047,24.302172517221944,0.023353472491161043,-0.04629314396187301,-0.0045258386007773765,0.002007315675742195
2026-05-04T13:47:20.100Z,0,10.331860510632396,-5.210465349591686,-21.838937830580107,24.715086411712253,-0.019107812786245404,-0.04334558255297827,0.029113157522075994,0.004037352750279575
2026-05-04T13:48:20.100Z,0,10.780742602037208,-6.921051268363954,-22.061930079871672,25.5118427511587,-0.028059278326608705,-0.02902516712408737,0.028426959021388143,0.001970146120734636
2026-05-04T13:49:21.100Z,0,9.49978991138778,-6.538330884723109,-22.140321400229368,24.96376595836621,-0.018371261936156458,0.07800945498398493,0.02623383555189207,0.0030003093230038537
2026-05-04T13:50:20.100Z,1,10.115538269928948,-8.192759369194391,-21.229554902674863,24.902598698481366,0.01136199274842653,-0.03406300849573274,-0.012449998958885544,0.0016528183268529654
2026-05-04T13:51:20.100Z,1,11.17284722340628,-9.921093605953502,-20.695801286365167,25.52600251313125,0.031213212036362847,-0.008874688461890656,0.015033792740482,0.0011214269768073115
2026-05-04T13:52:20.100Z,1,12.378320688640088,-12.137336587329628,-20.069353902727016,26.520119316810206,0.042791226634086854,-0.09097418601844431,0.05488159926780867,0.0015309115261433344
2026-05-04T13:53:22.100Z,1,13.588351368071017,-14.063507293940347,-19.616888663676946,27.699239180020232,-0.003510709196241635,-0.018572351236700868,-0.008111862853432683,0.004330857925922907
2026-05-04T13:54:20.100Z,1,13.963657242129557,-14.61651583576895,-19.326889977037354,27.9670330020449,0.017267576394974782,-0.034886526816269026,-0.008663890430860022,0.003886137061004605
2026-05-04T13:55:20.100Z,1,16.816994980217714,-15.952896074850287,-18.126593031411176,29.42583198936006,0.08191148975145168,-0.0654072585204446,-0.029471434195293966,0.0020540874945605887
2026-05-04T13:56:20.100Z,1,16.15303219477937,-16.13073683802213,-17.954444835595496,29.042782397310777,0.014443233585126336,-0.015926844292302178,-0.004448726628858424,0.000151846573504505
2026-05-04T13:57:20.100Z,1,17.148175308648206,-16.367096463909547,-17.579169882992574,29.512183532401757,-0.036440694327843914,-0.0035004077001410394,-0.04978241297859398,0.0003069666159508446
2026-05-04T13:58:20.100Z,1,16.93526943836332,-17.773582316749525,-17.30651774960279,30.036962828114806,0.03534412678618537,-0.1506424252792904,-0.01638340223486523,0.006123784184394888
2026-05-04T13:59:20.100Z,1,16.77014679671629,-19.976633733676863,-16.542536121050944,30.886230268991472,0.014985020098556845,-0.004420925731718484,-0.000554463027491181,0.0006245212498493641
2026-05-04T14:15:20.100Z,0,15.82369649577231,-27.420256865980264,10.037101092166267,33.21149282584298,0.005896914610392656,-0.04092648695408485,0.0709054177199242,0.0005218820988485721
2026-05-04T14:16:20.100Z,0,14.490345713511488,-25.730216160354757,12.06228928276687,31.89847904362862,-0.015299279916280994,-0.032683336343097835,-0.08036873968331193,6.999925744275127e-05
2026-05-04T14:17:20.100Z,0,13.000111393466796,-24.56804281200675,13.547688056860352,30.921375705830723,-4.6483231042060424e-05,-0.015168128715714602,0.061116815651018896,0.0002519674956833165
2026-05-04T14:18:20.100Z,0,11.651901320874458,-23.737392618841113,14.833399572125927,30.319306647724552,-0.05248756897868745,0.009706337791293151,-0.01497290632013204,0.004816180568170085
2026-05-04T14:19:20.100Z,0,10.077967956021894,-23.012131438463257,14.958614500756084,29.23839563392532,-0.01841869864227519,-0.007462541677050183,0.02479349621697935,0.002360602012693007
2026-05-04T14:20:20.100Z,0,8.938878817389195,-22.9681462692497,15.973585854226258,29.36996327202258,0.04264655361030378,0.022411658755494557,-0.10536169831443232,0.004474644948817446
2026-05-04T14:21:21.100Z,0,5.991775002712529,-22.643262734618474,17.604344283427054,29.300710786626375,0.03929599101715198,0.05464223498385934,0.0013183276168504676,0.0013907513647378746
2026-05-04T14:22:20.100Z,0,7.075331458509027,-22.91244703792472,20.56858785908844,31.592837020921582,0.0024926895665355886,-0.02277042091058945,0.007351762121743377,0.002384598996941706
2026-05-04T14:23:20.100Z,0,6.467973264079774,-20.4292484686448,20.2607139635802,29.49042898047586,-0.04813874869835644,0.0053051457120645296,0.08484429802191329,0.0017813524562881463
2026-05-04T14:24:20.100Z,0,4.982388673852256,-18.524588272157416,22.103753733972553,29.267054800276522,0.004487946529296849,0.018027301894818493,0.03218828724360634,0.0010986514332097525
2026-05-04T14:25:20.100Z,0,3.990772336237569,-17.26231736574846,21.93123876622849,28.19384859320953,0.030215719404536046,0.05867858870001186,-0.003997906843800081,0.00427880285430991
2026-05-04T14:26:20.100Z,0,4.789736552083923,-14.49684332965262,22.67869038405479,27.3390387595958,-0.005183819400289558,0.009230866237164292,-0.007279180698205323,0.0018601745081062966
2026-05-04T14:27:20.100Z,0,3.62941570347175,-14.525199872878147,22.015502393969655,26.62398233462737,-0.07643624303677043,-0.04550220153198836,-0.009496821806287414,0.00467007976550745
2026-05-04T14:28:20.100Z,0,2.2918383360774897,-13.344484756999009,21.21050146433845,25.163727242942308,-0.023608681375991702,-0.013042323080636464,0.013515999176760829,0.00042060355399480513
2026-05-04T14:29:20.100Z,0,0.2718047053349437,-10.12590130449098,21.052642938684585,23.362823667739313,-0.037946200009561504,0.061491823697412684,-0.01740431461350056,0.00018147968315575727
2026-05-04T14:30:20.100Z,0,-0.4556367816803686,-8.256881935267302,21.30741709584072,22.85584668013611,-0.06698243273933757,0.12407140084658153,-0.002890318973491901,0.007195908910055286
2026-05-04T14:31:20.100Z,0,-3.0720216286681534,-5.500852540535561,20.780940407803428,21.715068035638268,-0.07967354756599487,0.18102529496344388,0.03344802603688635,0.0020048049667439386
2026-05-04T14:32:20.100Z,0,-3.7446328519763483,-4.7223393885360565,19.315082915227322,20.233516563334362,0.048866442051820336,-0.13322353317613,0.05903653707761691,0.004070329116503677
2026-05-04T14:33:20.100Z,0,-3.1173233855952276,-4.571296947688097,19.557117753009834,20.32474638659518,0.0031767075940880574,0.006727271472106722,0.023064691605512166,0.0019646441343259603
2026-05-04T14:34:21.100Z,0,-4.262369752723316,-1.5391797523989226,19.118575074230648,19.648327742790705,0.058623029205229216,-0.08497311729604995,0.012358818930024995,0.002951739124570332
2026-05-04T14:35:20.100Z,0,-5.07092522457242,0.50634090348467,19.25754774208599,19.92043696263884,-0.04444226037714216,0.0833156950998254,-0.029456735428645686,0.0016377137177848691
2026-05-04T14:36:20.100Z,0,-3.217845622657478,-2.13431475640391,18.58800132254146,18.98482612765949,0.007900738188570955,0.0398151472605357,0.008591925508838472,0.0011762182128803652
2026-05-04T14:37:20.100Z,0,-3.200640142949851,0.2363942148804199,16.847870364927076,17.15082258618749,0.0038998349474184124,-0.01762522329484817,0.004633656096153516,0.0015826112032209464
2026-05-04T14:38:20.100Z,0,-2.956867754619452,0.618171649875876,15.976374753336131,16.25945120125691,0.023878310686065163,-0.03445618009356721,0.025586694354373662,0.004341381040653662
2026-05-04T14:39:20.100Z,0,-2.3911675980343716,0.7840903281248757,14.286063134022697,14.506001516401096,0.03407104133046346,-0.015499148606545887,-0.00037275801911818007,0.0039818013847674055
2026-05-04T14:40:20.100Z,0,-2.4721824629523326,1.4796801769989543,12.24558464718939,12.579963549542311,0.04505006313504367,-0.019576052066483385,0.01985527616454874,0.002031040064582588
2026-05-04T14:41:20.100Z,0,-2.9905918263466447,2.6313798061892157,10.34956358898853,11.089691864012675,0.02769057198959146,-0.011946893975434136,0.0016803993858616195,0.0002454074488437316
2026-05-04T14:42:20.100Z,0,-2.8302890113991452,3.167537737681414,8.711962106644933,9.692374061874617,-0.07553077289168542,0.034177767699983264,-0.02399897802352058,0.0003985063310636037
2026-05-04T14:43:20.100Z,0,-2.6184313223893696,3.388148027624993,8.880127873453603,9.858620628468087,0.010569655271464029,0.02492350372929053,0.030998069788346072,0.006119999935193044
2026-05-04T14:44:20.100Z,0,-2.4042395225478685,1.9025762512683286,9.38611215860874,9.87417163754278,0.02124223289934335,-0.03292901565465911,0.06966453524093197,0.0007195123994677478
2026-05-04T14:45:20.100Z,0,-1.8314812650714885,1.1048075475628139,10.005101833485242,10.23117715807274,0.01987769462008515,-0.0080968617153232,0.04551355134019275,0.006875385814020583
2026-05-04T14:46:20.100Z,0,-1.9419286350057519,1.0662741342457593,11.067385548813036,11.28694158037918,-0.04195381060201342,0.01018883149761507,0.09630212192224263,0.004797327886695699
2026-05-04T14:47:20.100Z,0,-1.6312244581513369,2.5279977553509525,10.055129097054305,10.495584168704413,-0.008165958622186054,0.01214878987632062,0.02969174443645528,0.0006457808086579812
2026-05-04T14:48:21.100Z,0,-0.8271338103895687,3.906033116436447,8.217720868742617,9.136311144195764,-0.007216859103653661,0.008841472953768914,0.009559251637369925,0.0015688535407453932
2026-05-04T14:49:20.100Z,0,-0.40296161216701876,3.6181630321152625,6.977489393648284,7.8701232535659855,-0.0047976795745086065,-0.016927724074911055,0.03153111431331013,0.0003416711757620779
2026-05-04T14:50:21.100Z,1,0.31388941647492175,3.66045283180938,6.111031671025557,7.130368124013913,0.0009860689473839557,-0.004206743231094379,0.01269628935629541,0.0060689279176625475
2026-05-04T14:51:20.100Z,1,0.9189711553290181,3.629589355114149,5.033232951063837,6.2731061533150765,0.011343241033134888,-0.031063018706589673,0.043120742618363295,0.002235264083642201
2026-05-04T14:52:20.100Z,1,0.3682700786953319,3.3943277039725217,3.682602191474871,5.021816634791951,-0.018807408876941878,-0.009598768950347392,0.009945958014068168,0.004430843657443456
2026-05-04T14:53:20.100Z,1,1.4667346459731334,3.6533007264551998,1.8661832009456703,4.3566680455490125,0.04187671245947655,-0.01561749198764062,0.04421984666924672,0.0013799551009778684
2026-05-04T14:54:20.100Z,1,1.8453971210306008,2.1274291098052345,-0.3929053118554293,2.8435575843718963,0.002415311021852773,-0.057444600352951625,0.17708330857790777,0.002883343079751842
2026-05-04T14:55:21.100Z,1,2.0874639392900463,2.2022643474883807,4.950810263835592,5.806719919417036,-0.011975181335888152,0.0342570925271346,0.07146437933536198,0.0019005124619337877
2026-05-04T14:56:20.100Z,1,3.175028578993988,1.5916214680373741,4.8511160484849825,6.012270144530648,-0.031119286760805664,0.04504000237393058,0.002612116142941545,0.0026024228024235517
2026-05-04T14:57:22.100Z,1,3.6905092522374616,1.4965284644858912,3.652048416370235,5.403416846901519,0.03038925453813235,-0.008093667906550195,-0.018861171300732504,0.00034744106445479554
2026-05-04T14:58:20.100Z,1,4.4631027826653735,2.1312274206195525,2.5527927555231145,5.56580341187931,-0.021706679673272333,-0.009166440601227066,0.011943470321462701,0.0027904405541141508
2026-05-04T14:59:21.100Z,1,4.398047471795508,2.1572671559511036,1.4169978730933508,5.09946135573781,0.006739406236633272,-0.01975011872712429,0.021570610139631796,0.0053989943579063745
2026-05-04T15:00:20.100Z,0,4.705903936610412,1.8121932498615934,1.4846168232907075,5.256773092634595,-0.00662080167090906,-0.026379177785251784,-0.05744552133579717,0.0005966947086694435
2026-05-04T15:01:20.100Z,0,4.916392545283088,1.4240574871564604,-0.22440263091993984,5.123398474333739,-0.0276771654297292,-0.005732929615476223,0.02330085875601462,0.00015010452199513434
2026-05-04T15:02:20.100Z,0,4.846295267725509,1.0662326922101784,0.5346787684175069,4.990922896750949,-0.032281126121525006,-0.008401591231610439,0.028476219191553298,0.0002373916151648036
2026-05-04T15:03:20.100Z,0,4.862969242367399,0.5065354685029888,0.7607250208820915,4.948105757808634,0.005453198054450326,-0.03983653419581401,-0.011241302995124158,0.0047627964783659126
2026-05-04T15:04:20.100Z,0,5.08586866362748,-1.0175130787501985,0.6546693039126694,5.227808797821624,0.030103731307296044,-0.00903129714568962,0.1142415663353269,0.0024199917916479727
2026-05-04T15:05:20.100Z,0,4.997616047148767,-0.8400729002460139,1.6597718149569118,5.3326101592158395,0.01551280169787006,-0.03630296644452358,-0.12277403281224508,0.004471062755931233
2026-05-04T15:06:20.100Z,0,5.813838960420981,-1.9166825491083728,0.5892441149626393,6.1499271604453645,0.09534631054752829,-0.022143778378946877,0.06501998059427194,0.0016036290099208526
2026-05-04T15:07:20.100Z,0,5.998015682962432,-0.7950978174449119,1.210838870065345,6.170454070944056,0.16214105023926173,0.0902578143806565,0.0019702087836748206,0.0024125429960294435
2026-05-04T15:08:20.100Z,0,5.635328379412385,-1.572104998103896,1.442002570911427,6.025596359148946,0.03038655261589085,-0.0004550315777507308,-0.09363728089084589,0.001814682602907468
2026-05-04T15:09:21.100Z,0,6.989478074046929,-1.8239708497276297,4.051292625263159,8.28206769736583,-0.0454479728260182,0.05089882298214832,0.06662608288809935,0.0012288139334917729
2026-05-04T15:10:20.100Z,0,5.990462488625781,-1.7726000023685629,-2.019444429606665,6.565508921652532,-0.008373695847274654,-0.009998003272393419,0.012993510702052902,0.004262512490645667
2026-05-04T15:11:21.100Z,0,6.236115848423651,-1.9506055696183466,0.8013423166630673,6.583020011488776,-0.005066633947059529,0.007950373994702886,-0.0013223191741573714,0.0021523736133908867
2026-05-04T15:12:20.100Z,0,5.202706554428005,-1.89888631211943,0.7057592424644099,5.583190917939901,-0.003525008898996873,-0.0013554105544599793,0.050178614395157695,0.004669272934125199
2026-05-04T15:13:20.100Z,0,4.842715718496038,-2.3315123326028697,1.67059850627993,5.628387393955093,0.004065992286306219,0.04881373844423109,0.020203290628018067,0.0004813129432858591
2026-05-04T15:14:20.100Z,0,4.828033468584181,-3.6924613086739555,0.777627926254354,6.1277143276685,0.03749183093373909,-0.006693928134904326,-0.013938706050709015,0.0002171231767362425
2026-05-04T15:15:20.100Z,0,5.334107482667605,-4.338190611633763,0.7096294416442106,6.912031131582535,-0.015875507465901162,0.0018532270433802012,-0.0068287280772239,0.00715469153905482
2026-05-04T15:16:20.100Z,0,4.650753555324627,-4.5121389302948955,1.1240476314924308,6.576654881967821,-0.01684876714302952,-0.004334220659263366,0.0059563262952977425,0.0021017621507266955
2026-05-04T15:17:22.100Z,0,6.339794361792883,-6.587098340787634,-0.25061930887204653,9.145800519309807,0.0468095241137334,0.0066021691988993325,-0.03271750640898574,0.004347857870301585
2026-05-04T15:18:20.100Z,0,7.050912183331093,-7.760683828564652,-0.7769623546209914,10.51414507244835,-0.03351139669949266,0.045814597348314834,0.00791446375547622,0.0020879049147720947
2026-05-04T15:19:20.100Z,0,5.97156614458072,-7.1141502467071405,-0.35228469437242893,9.294882487568898,0.012702942647435655,0.0030828550106054564,-0.00679317505625221,0.002946273730195287
2026-05-04T15:20:20.100Z,0,6.019315273533721,-4.711725314336945,-1.6812258268146252,7.826814938447724,-0.18011712925902756,0.04089334932300126,-0.03203684765740178,0.001569219133692545
2026-05-04T15:21:20.100Z,0,7.6232000456002424,-6.682227217424952,-2.021903665820446,10.336993467850917,-0.06979067708678954,-0.01035978824526218,0.003247306127107663,0.0009808581284916097
2026-05-04T15:22:20.100Z,0,5.0758515276356775,-5.786935254946002,-0.25083779945589413,7.701675660346537,-0.045917749651236406,0.06807732944724698,-0.021298003833436496,0.0015107943769169625
2026-05-04T15:23:20.100Z,0,4.033301594972727,-5.462039630401705,-0.3114093999556644,6.796938611939134,-0.008339585240157987,-0.006382194093018656,-0.004936996984561404,0.004477880522676855
2026-05-04T15:24:22.100Z,0,3.30752347372254,-7.202755140497175,-0.7135121873034223,7.957920129318628,-0.01861504376665657,-0.004607735891393183,-0.01859633443590525,0.004241674029421931
2026-05-04T15:25:20.100Z,0,3.3471947713223926,-8.017353580726194,-0.19684840390254976,8.690248590786691,-0.022868399268238804,0.03564757537399821,-0.01892068545128467,0.002067817506973821
2026-05-04T15:26:20.100Z,0,3.1709343832062586,-7.542612865108822,-0.1067203388629423,8.18273932899196,-0.0163526847982709,0.028764261380764822,-0.008753641327352568,7.613717703911669e-05
2026-05-04T15:27:20.100Z,0,3.5095415385058004,-7.851392930206202,-0.3666879683805746,8.607886664050861,-0.013439939523518518,0.0005597397181311692,-0.0035374936713239435,0.000264706120760781
2026-05-04T15:28:21.100Z,0,2.789553954698931,-8.44419362147164,-0.2932457409769995,8.897865488288746,-0.031017895905094406,0.0010824407774556732,0.02635760695302025,0.006125166081641296
2026-05-04T15:29:21.100Z,0,2.9050428775008186,-9.594494064913306,-0.492208641844627,10.036725553131431,-0.011840438228549743,0.04722794728495572,-0.02182980083365038,0.0005214842397828944
2026-05-04T15:30:20.100Z,0,4.415543980940129,-11.043658247217536,-0.8084499504548148,11.92111603212312,-0.06500819926369417,0.027455747463989155,-0.040828765364153696,0.006928390090537493
2026-05-04T15:31:20.100Z,0,2.9091732978940854,-8.984458759186964,-0.9497739774815273,9.491357072674719,-0.0205017276648789,-0.0148880224335457,-0.016056877681691617,0.004712760651659713
2026-05-04T15:32:20.100Z,0,2.1809368593039835,-9.32569487758883,-1.0131883964277222,9.630764313428767,-0.014369727131313681,0.07204219584355798,0.012933640253898204,0.0005455051781716018
2026-05-04T15:33:20.100Z,0,1.0853863267357156,-9.21677946280397,-0.6039429772499716,9.300098615821202,0.033534742838181586,0.026995319574396603,0.004384055285910904,0.0015112362112011722
2026-05-04T15:34:20.100Z,0,0.7679463960812427,-11.416267871936725,0.7529309123128769,11.466813801129987,-0.020360874213753988,0.010181659241936813,-0.00218557915232509,0.0003019472517232154
2026-05-04T15:35:20.100Z,0,0.519366746061678,-12.229715814100928,0.7655265326320659,12.264653341319871,-0.009099267253898091,-0.003580012017501133,-0.0033222031845525635,0.006117042746929566
2026-05-04T15:36:21.100Z,0,0.5787979765159434,-11.881639949024247,-0.24834460145939374,11.89832131088003,-0.0020544648662301768,-0.021063168937018872,-0.02093064896957486,0.0021704683362065774
2026-05-04T15:37:20.100Z,0,0.4507283345560609,-12.876689860604529,-0.8321007471749908,12.91141701949156,-0.0015674688333966458,-0.0017864316479432318,-0.027395884190539732,0.004449215002210949
2026-05-04T15:38:20.100Z,0,0.29113747012843305,-13.075853420559724,-0.9845919448707718,13.116101745579005,-0.014959043789897208,0.029899266873911756,-0.0745858429516133,0.0013272688786008027
2026-05-04T15:39:20.100Z,0,2.0625152489301968,-12.49562754355793,-0.6526302049678634,12.681506339699146,0.02277522082971828,0.03640576710850496,-0.11976049849593551,0.0028791030002795143
2026-05-04T15:40:20.100Z,0,0.9374193202233982,-13.01436309086057,-0.8831662544253049,13.077935015729263,0.0016388113714960184,0.0015120030916193627,0.015385687875291154,0.0021194014046080163
2026-05-04T15:41:21.100Z,0,0.5755318720730429,-14.404885296244174,1.8209624522569356,14.530927760685246,-0.10944042675786747,0.03436096252151799,-0.012940141652872938,0.002635083613329111
2026-05-04T15:42:20.100Z,0,-0.08385975104374666,-14.414476623187511,1.6312649140672875,14.506729266038272,0.02735702030953746,-0.012877640939379376,0.018416985497538008,0.00015125371823246356
2026-05-04T15:43:20.100Z,0,-0.7994925899765803,-16.09576288228709,3.250310537623591,16.440112218449887,0.04354501963899082,0.017587700278376417,0.09831381792824168,0.0028354333791676322
2026-05-04T15:44:20.100Z,0,-1.860107721768145,-15.54441290181785,3.3024739195752773,15.999847098902464,0.0755289882836685,-0.1016065180623471,0.05136387371651452,0.005265715937668382
2026-05-04T15:45:20.100Z,0,-2.038205316807762,-17.561539881512545,6.0020963619535905,18.670488067043014,0.004809743357592211,-0.029567338082792105,-0.00956783673972117,0.0005446292950541241
2026-05-04T15:46:20.100Z,0,-1.401107288984349,-17.70710204863235,8.374447345886438,19.637615256057686,-0.019473745897169437,-0.011694785574611899,0.05757696363406506,0.00010864381968471237
2026-05-04T15:47:20.100Z,0,-1.2542951919840561,-16.999796765276187,7.745619331217313,18.72327336000456,0.01929220658669628,0.026631942541932574,0.0806138167315229,0.0001689001733509439
2026-05-04T15:48:20.100Z,0,-0.7647056547739339,-17.203415343942652,6.176504409268091,18.294575178242127,0.00987693932774647,-0.027801006626582137,-0.019596067436733478,0.004804083063823766
2026-05-04T15:49:20.100Z,0,-0.9301172287905501,-15.8709185097905,8.342202901076234,17.95392774983871,-0.004420978657826424,-0.027071725650529288,0.030415528553762172,0.00246035797122482
2026-05-04T15:50:20.100Z,1,-2.0328219814018667,-16.780130625193124,7.356263889960246,18.434201024870806,0.04248682301288831,-0.01204621912087589,0.029848461384762714,0.004365282205351624
2026-05-04T15:51:20.100Z,1,-2.3301136793634214,-15.758722865029995,9.454236749661504,18.524291312064435,0.011473920963789297,-0.02788306743184421,0.005898621198152654,0.0015715453867812946
2026-05-04T15:52:20.100Z,1,-4.60337497065666,-14.39306986048905,11.599910018048831,19.050181982233557,0.03469699241431812,0.004748399348386556,-0.059331871503420786,0.0024678921895225606
2026-05-04T15:53:20.100Z,1,-4.699667549402875,-14.791039479860046,12.004365389657323,19.620563508168964,0.02672894503175094,0.05456816501236972,0.015600774319501909,0.001876203345376256
2026-05-04T15:54:20.100Z,1,-4.981304668945086,-14.629172473178187,12.16977392687113,19.67052314723736,0.017797865457636064,0.01765513987272982,0.037965900520298135,0.0010721932732344081
2026-05-04T15:55:20.100Z,1,-5.196480481345134,-14.937596222353022,13.44948754467623,20.76111522797986,-0.006594833355133556,0.006541591352160481,-0.04898368936068209,0.004225651320521093
2026-05-04T15:56:20.100Z,1,-3.756951954528631,-15.276491126314795,12.546436691081908,20.122100853646906,-0.03254744104913554,0.07492284155130591,0.03317839362004804,0.001914072444541976
2026-05-04T15:57:20.100Z,1,-3.408070761452109,-14.645764030319697,13.956216866063187,20.515587721521836,-0.055184511109668266,-0.0407694421671323,-0.07417969274658986,0.004659158828364083
2026-05-04T15:58:21.100Z,1,-2.9445793516060803,-13.505121468369907,17.23568549459742,22.093612377834607,-0.04174886774102604,-0.025206159333990286,0.12986794631775211,0.00019446706415458391
2026-05-04T15:59:20.100Z,1,-3.0323367352593777,-12.82488852939423,16.240689215010207,20.914894645824543,-0.020474279443655208,0.017946703890103777,0.056108578933233844,0.00018977167546949225
2026-05-04T16:00:20.100Z,0,-3.7398222921183333,-12.519279475782241,15.56479763439711,20.32194761259613,0.0049915321218563236,0.03614546234054217,0.025234103599558466,0.0071746622711279275
2026-05-04T16:01:20.100Z,0,-2.771381672800999,-8.883956706085883,16.046384420405957,18.5497087874552,-0.005442026433710723,0.0299566890191727,-0.02450584464863681,0.0020236687329046993
2026-05-04T16:02:20.100Z,0,-3.502946887010694,-10.445278375300404,16.361674366180523,19.72508213660123,0.010001376894330782,0.04488748462216918,-0.00563968011579874,0.004072439444945877
2026-05-04T16:03:20.100Z,0,-3.7016610142472928,-9.397958595400269,16.809561619538727,19.61084602627652,0.021720885070464213,-0.004454752618343605,0.04410684199473991,0.0019882512722161475
2026-05-04T16:04:20.100Z,0,-5.772998216116321,-7.125990893655398,17.112864527916827,19.41539046660087,-0.02472688135712886,-0.02223989492611267,0.00673399937589636,0.002849276137962863
2026-05-04T16:05:20.100Z,0,-4.369474174609422,-6.681050058432447,18.128464539586275,19.808330596213704,0.02921322210358568,-0.13653340911767842,0.0015664052215313973,0.0016175607126248318
2026-05-04T16:06:21.100Z,0,-5.453963892023239,-4.384340511023765,18.365337530894976,19.653340338878706,-0.04009299648077835,-0.06897759195911846,-0.019786169185742608,0.001186832355722769
2026-05-04T16:07:20.100Z,0,-5.09390473393978,-2.655606785992859,20.87397347645492,21.65000881145338,0.006784906321666284,-0.07926421348192214,-0.026730580923839398,0.001575943763915555
2026-05-04T16:08:20.100Z,0,-4.663905390088985,-2.7864381054314435,18.340530929776833,19.128286007617152,0.027615741421849194,0.007919837789360784,0.032522077655805504,0.0043610622329931905
2026-05-04T16:09:20.100Z,0,-3.1768505455147533,-0.3853080197586678,18.28514144079918,18.563061147576366,0.04553349460323375,0.13440201827086273,0.018491658750008355,0.003959352552936332
2026-05-04T16:10:20.100Z,0,-1.8677160429660944,3.2394952977483626,16.8238225233992,17.23437545430994,-0.018304455602136116,-0.024136975428135088,-0.007102337337805409,0.00201827807385287
2026-05-04T16:11:20.100Z,0,-2.099860887142313,3.0090816089796135,15.465700727304466,15.895027111061978,-0.0050477531048365165,0.029669551916300385,0.018264508125476198,0.00020326875585808046
2026-05-04T16:12:20.100Z,0,-2.0015030873992146,5.574449868618103,14.121886613793322,15.313660159460245,-0.002449100680035343,-0.02436677937955878,-0.01506484333724245,0.00036292500560128414
2026-05-04T16:13:20.100Z,0,-1.7267585710669664,3.98832767859858,13.041294650520285,13.746411131503297,0.03363975635517491,0.039478059208564176,0.012256011739708583,0.006132348965437083
2026-05-04T16:14:20.100Z,0,-1.3531292728430344,4.050124780405895,12.029380237436271,12.764813295254458,0.0082283166145114,-0.11645017420192083,-0.00930270633325847,0.0006636258268697142
2026-05-04T16:15:20.100Z,0,-1.151879261101385,5.345271026271803,11.64311017964792,12.86315524402459,0.0002872125899333611,0.04872361919971979,0.024883523617624803,0.006925572505150968
2026-05-04T16:16:20.100Z,0,-1.8195434535641652,5.417002517788205,10.179860058542545,11.674082639275849,-0.001907121116806465,0.05120360499955012,-0.0392805661109108,0.004796268643755231
2026-05-04T16:17:20.100Z,0,-0.5769933772512559,3.1341572366727632,11.430299346102402,11.866238076285553,-0.018097594030930253,0.0006766237192756819,0.0261872184337264,0.0005902068808320581
2026-05-04T16:18:20.100Z,0,0.5435386129875042,6.641730489718611,10.750465677119792,12.648341013619016,0.07238514009566543,0.003681222375373494,0.025685370235173366,0.0014741653173548333
2026-05-04T16:19:20.100Z,0,1.045926450672141,6.370253895511269,11.021632456504449,12.773037181491503,0.028322690305948584,-0.12908430607616594,0.05629020338382418,0.0003483772177386922
2026-05-04T16:20:20.100Z,0,1.0690162799491532,5.109699442073179,9.645226142311003,10.967324720798544,0.03000197022773321,-0.029818147059934574,0.060924460684397275,0.006158809069983569
2026-05-04T16:21:20.100Z,0,1.4894254175032984,5.558501374252955,8.901256139324687,10.599419156715253,0.021973406549635754,-0.04091191714472586,0.016701018717313332,0.0022023237517300757
2026-05-04T16:22:20.100Z,0,1.860586036116274,6.019901847139408,8.3721282917395,10.478240824696114,0.021941705084183027,-0.04354473623013888,-0.004352396575590944,0.004409179631984537
2026-05-04T16:23:21.100Z,0,2.0474748876040394,5.835926344843756,7.07844347016362,9.399710191176778,-0.017866256910137324,0.022437568109268113,-0.004615448542466538,0.0015484589665410494
2026-05-04T16:24:20.100Z,0,2.822665611518005,5.076584539892792,6.9863422877460835,9.085600162161771,-0.0062280458021923835,0.008920936674705615,-0.03744926087545508,0.0028879233081273623
2026-05-04T16:25:20.100Z,0,3.2917978035129636,4.850920147873694,6.1491381102314335,8.495837719669575,-0.010502854767890923,-0.019596787748099587,0.046981741454565906,0.0022597102593906082
2026-05-04T16:26:20.100Z,0,3.116219611001725,5.330102490916033,2.931015452304564,6.834593536510359,-0.006567043780547621,-0.003245173111565691,-0.014844168844785344,0.002538825542290437
2026-05-04T16:27:20.100Z,0,2.986627494806271,5.706050526441686,0.6183525420055958,6.470032169104185,0.0034867649478798057,-0.01407241320094954,0.003980720912899471,1.6422719884478593e-05
2026-05-04T16:28:20.100Z,0,3.796640191580991,3.536126197559497,2.830188939697109,5.910045233649112,0.027900885377407647,-0.011288517204555149,-0.03522922236198767,0.0026957134699479627
2026-05-04T16:29:20.100Z,0,4.432973293546638,3.667998030778108,5.031379112551804,7.643313257306178,-0.0001646214039530136,-0.015093089484885525,-0.037821316920094716,0.0052313460740175165
2026-05-04T16:30:20.100Z,0,5.492562189033379,2.7531215278031596,3.674992006381217,7.1591538462459505,0.0497325572000884,-0.001565653141355483,-0.014549226351689981,0.000655016153806912
2026-05-04T16:31:21.100Z,0,6.742008377273123,3.025082601197937,2.572536442130513,7.8245603997528805,-0.015438148918023309,0.03639204383265593,-0.008614480865976049,0.0002122535973913361
2026-05-04T16:32:20.100Z,0,5.811566997522277,2.9190580689828494,4.393164947032346,7.848255170967474,-0.014327922129409032,-0.0005565713561139773,0.006421781774013091,0.0002466157196382433
2026-05-04T16:33:20.100Z,0,5.775384624143953,2.744343919403036,2.76527805999649,6.966581217057672,-0.023729464736388373,0.004279449358435272,0.012048515808993354,0.00468527068745745
2026-05-04T16:34:20.100Z,0,5.442367680416282,2.1517436216811348,1.0350966431360575,5.9431297851314575,-0.01913275948117743,0.00021310778652861018,0.0004805046706348945,0.002465341982155898
2026-05-04T16:35:20.100Z,0,5.858324821701899,1.6177236748262658,2.7300502288198913,6.662595129267689,-0.007529932653224658,-0.037601777740370323,-0.016807503786742117,0.0045286667605517125
2026-05-04T16:36:21.100Z,0,4.912716789249316,0.46449277408555645,2.392288422015554,5.483938701577496,-0.03938843294211056,-0.010004835756305397,0.048736377501357175,0.0014907895838817036
2026-05-04T16:37:21.100Z,0,4.4623956397344955,-0.8323361425937037,1.226132946612779,4.7020378882521285,-0.03852316005603651,-0.05317963948492377,0.007280602587700358,0.0025523258320130863
2026-05-04T16:38:21.100Z,0,5.1538215045638935,-0.2659254466834682,-0.4782060086654383,5.1827862613485,-0.038126474947053346,0.007119983658654405,0.01208309960443188,0.0014593458264929619
2026-05-04T16:39:20.100Z,0,4.916420041354286,-1.5222016022562457,-0.25228648337360937,5.152856703871609,-0.03134399302356927,-0.044003056612673674,0.015059045215259914,0.001104008831294759
2026-05-04T16:40:20.100Z,0,5.556750745654426,-1.3188015573177836,0.9940562677002163,5.796970265601586,-0.022268502121725042,0.050246986456947695,0.03660235950109225,0.004359589723103497
2026-05-04T16:41:20.100Z,0,6.457322700271106,-1.271282799734763,0.3867555196848116,6.5926289327054235,-0.011120697118949252,0.03237679121070869,-0.007318571166425869,0.0018326816268401285
2026-05-04T16:42:20.100Z,0,6.812226610122707,-1.7959861820600054,1.8929769894384663,7.2948858549231534,0.004933657060224306,0.02131823773243724,-0.029240447896761168,0.0045874497252535095
2026-05-04T16:43:20.100Z,0,6.381101466899963,-1.4582786839127948,1.4183903485900373,6.6975266951166885,0.030874866644214904,-0.0009721204001778005,-0.0243088605254016,0.0003271447910315968
2026-05-04T16:44:20.100Z,0,5.533101701075793,-1.0736529338828404,1.728048321638198,5.895260474211438,-0.00010166829078617212,0.009582352436865449,-0.007651197091895767,0.00028337188155604933
2026-05-04T16:45:20.100Z,0,4.907550658458604,-0.8438975864919485,0.9860606160145835,5.076271480159377,-0.015882702967928708,-0.012735483202241937,0.011372165349854413,0.007346643042498037
2026-05-04T16:46:22.100Z,0,4.669373813612765,-1.398655736920773,1.0403489250165876,4.984136391337739,-0.02255412078278063,-0.01686982477178134,0.04426356886533256,0.0019714445863954766
2026-05-04T16:47:20.100Z,0,3.9729292988681664,-2.2090118372943834,0.849013110382657,4.624361985475774,-0.011854528694676958,-0.025275216025910652,0.010033310152479658,0.0040088020586469325
2026-05-04T16:48:22.100Z,0,4.01517302651655,-3.2755884567450266,0.282160688584554,5.189480592989037,0.006753371386114537,-0.0081283224551143,0.02758748466646921,0.001868491618604036
2026-05-04T16:49:20.100Z,0,4.564739544321128,-4.6068249585005105,1.0721172711782856,6.5733643401922475,-0.01556723365148116,-0.007590888907671456,0.008668061025396412,0.0027787302350693413
2026-05-04T16:50:20.100Z,1,6.0043555461106735,-3.728501349542057,2.4937018679338507,7.494835344674606,0.15349468311232073,0.11326572806868995,0.10781617713195857,0.0017136670759598913
2026-05-04T16:51:20.100Z,1,5.1539017319157665,-4.609483853528218,0.6354739980451996,6.943620932940769,0.05722629958060388,0.0861666692415497,-0.09729725186868876,0.0012750995287571123
2026-05-04T16:52:20.100Z,1,5.58083649723784,-4.439821535925148,0.23752790093567455,7.135416651008515,0.047256328846501106,-0.021556840033909452,-0.029433079398621942,0.0016041159966631324
2026-05-04T16:53:20.100Z,1,4.63973201466672,-1.9626636831162614,2.8354210317047546,5.780897363557015,0.07687081893759107,0.17207163878518728,0.06285387028182043,0.0042924653740575285
2026-05-04T16:54:21.100Z,1,3.8872237851421687,-3.300370256511087,0.8710578867976437,5.173170635885737,0.05551858792363085,0.04895422462514176,0.0061456828666095475,0.004269901173797355
2026-05-04T16:55:21.100Z,1,3.35277923392141,-0.8738163342059124,0.6671264532087662,3.52841909102513,-0.020703613805350685,-0.035541860198717856,-0.05856601503584358,0.0021712491965136978
2026-05-04T16:56:20.100Z,1,1.9211870614412874,-2.084523035591701,0.3345191174730644,2.8544875285971747,-0.019686838924837247,0.0503886559448663,-0.009071258896931056,0.0002550025799342815
2026-05-04T16:57:21.100Z,1,1.6844062983523145,-1.6889493235794362,1.2268380087334663,2.6823321746609756,-0.008059538731952642,0.04051424368489709,-0.025716744528558877,0.0005318178842501799
2026-05-04T16:58:20.100Z,1,1.1036449885750699,-1.777875101652171,1.6706572601350445,2.6776795586334665,-0.0018745215022430983,0.0008336318597645942,0.010516777387614695,0.00613051254410519
2026-05-04T16:59:20.100Z,1,1.1136391476611607,-1.3527394221455324,2.160581275632012,2.781763387501129,-0.00017427792275981346,-0.025388790884539603,-0.0013549872086571213,0.0006870186311511731
2026-05-04T17:00:21.100Z,0,0.8464732849233769,-1.7543153508086107,2.169707666666909,2.915779609463801,-0.002335926780006048,-0.02693156221411641,0.0005894485388679982,0.006970594822121563
2026-05-04T17:01:20.100Z,0,1.1805861535094664,-2.635237158756354,2.0712617804292677,3.553643751393147,-0.10487028608019422,0.005904862345085249,-0.009275590720392302,0.004775794990925078
2026-05-04T17:02:20.100Z,0,0.7831593934497505,-2.279800323776726,1.9022120941372123,3.070706596684699,-0.014815892311892398,-0.013039947185156109,-0.03174953958939852,0.000604524540795878
2026-05-04T17:03:20.100Z,0,2.336396690793663,-3.803353419243649,1.3716905345972918,4.669666117735586,-0.040391030840192244,-0.1210312751118714,-0.014677004745777822,0.001502650150289233
2026-05-04T17:04:20.100Z,0,0.5578676638151592,-1.8563954618002754,1.853802351433842,2.6821639769232757,0.017465643959768684,0.030999611747350997,-0.02863244520590058,0.00034590771039298023
2026-05-04T17:05:20.100Z,0,-0.2823846857609169,0.12035510917485226,0.3342634131513478,0.4538265003593014,-0.028751960572614976,-0.010562373963018956,-0.020647671716389482,0.006112530914067658
2026-05-04T17:06:20.100Z,0,-1.1233198022182478,-0.3102933151239995,0.48300337948603556,1.2615155900983612,-0.03401982878936671,-0.037537799140174855,-0.0018760779489923607,0.0022149767227125344
2026-05-04T17:07:20.100Z,0,-1.1513903596096497,0.5705977418983821,0.057554135764803505,1.286310235442914,0.016131819589926266,0.06656787303782608,-0.054152700042386925,0.004459157436658696
2026-05-04T17:08:20.100Z,0,-0.8775080523264478,0.36119972173764836,0.1918190118885832,0.9681323020140495,-0.011349452786690861,0.02022976327964443,-0.036484194706254414,0.0013466540816454335
2026-05-04T17:09:20.100Z,0,-1.4641302373092913,0.6550321049871854,0.32883527728699846,1.637338404226726,-0.01662452145978488,0.007691358559824835,-0.03353425584595726,0.002870489680095688
2026-05-04T17:10:20.100Z,0,-1.495585502425456,-0.6812056490161922,1.4271687614382245,2.176609244890293,-0.012302046337009376,0.025266687879721417,-0.0950274613389368,0.0021331740598931523
2026-05-04T17:11:20.100Z,0,-1.7297279964623158,-1.6636105265206425,1.9660764273794484,3.1024209005215524,0.015144702235347918,-0.00934039279787413,-0.015635517775614005,0.002632884514726715
2026-05-04T17:12:20.100Z,0,-2.2237355501601996,-2.7067911341873696,1.8328500736970454,3.9536132124694365,0.03469054237578706,-0.007974836243818118,-0.04691922892430256,0.00014877341669566215
2026-05-04T17:13:20.100Z,0,-1.845442322519375,-1.9547570000213454,0.8741503961573471,2.826812906787466,0.026240280851443087,-0.010073899128215658,-0.07374710942631424,0.0028410168956578418
2026-05-04T17:14:20.100Z,0,-1.0537901757743384,-1.9463102280496969,1.101540085983288,2.472243474942839,0.051916288160702706,0.05840267712553526,-0.11498886837202349,0.005296058119264174
2026-05-04T17:15:20.100Z,0,-2.215630906903243,-1.5587795205647126,0.3518799385346938,2.7317820924261187,-0.012442296424775012,-0.015480435369141787,0.0046271193734348515,0.0005674482467764129
2026-05-04T17:16:20.100Z,0,-4.3276725182295195,-1.658455817050708,1.4172612336551538,4.8464269855812425,-0.011777831703640995,0.05996436889077472,-0.04338333141573614,0.00012051818051248144
2026-05-04T17:17:21.100Z,0,-4.663581076101764,-0.8968094443844166,1.6923100538406288,5.0415443022194735,-0.009512168466341286,-0.019749310689043398,-0.0007518041078569127,3.554435391043336e-05
2026-05-04T17:18:20.100Z,0,-4.580372908321806,-2.12456149438367,1.3590886319434503,5.228833467627751,-0.006048744483511115,0.004702909722098525,-0.026148572649820068,0.004768311167554585
2026-05-04T17:19:21.100Z,0,-4.072114274322303,-0.41097530811384786,-2.4109317628244753,4.750116559834575,0.011135758744340585,-0.03587300073526478,-0.002762874641515367,0.0023898072705224103
2026-05-04T17:20:20.100Z,0,-4.476209696349542,-1.5696263500331042,-0.2295469312230125,4.748986409545283,0.0062581729649568985,0.015846205034364402,0.03130961015029854,0.004428621126402548
2026-05-04T17:21:21.100Z,0,-4.056128932006686,-2.8316088443602894,2.3117924820326152,5.46027243280989,0.006268737775538824,0.0358795373323062,0.015300360541314895,0.0014260143627643326
2026-05-04T17:22:20.100Z,0,-4.176648556267537,-2.2157270818112806,2.4911161654017633,5.344108851171504,-0.02384195226112773,-0.0034517801577038654,0.039588535069884356,0.0024838233485853962
2026-05-04T17:23:20.100Z,0,-3.840506511323838,-2.5563894313336277,1.84454199825268,4.968596619919256,-0.004361074061431935,0.0816988525969009,-0.135565109784741,0.0018615996068738472
2026-05-04T17:24:20.100Z,0,-4.268245867478981,-2.633072996786723,2.5271367085224483,5.615818385170632,0.015345341716654914,-0.01609884710696008,-0.14417452971859923,0.001115237392529902
2026-05-04T17:25:20.100Z,0,-4.231367259421859,-2.0986304127745825,3.2679130554242874,5.743515842351457,-0.0012501985116042391,-0.0253877568399119,0.010081860048138935,0.0041579538953551275
2026-05-04T17:26:20.100Z,0,-5.342054763445958,-1.712721542617146,0.23032382341625635,5.614624942223086,0.0364429727974791,0.013088062266852774,-0.017015572332690354,0.0019571020505775778
2026-05-04T17:27:20.100Z,0,-6.76325872018424,-1.8672035507734108,1.4195576050042291,7.158439872632467,-0.03640708976471174,-0.0023774315351943187,0.011808919399669549,0.0046967874331710685
2026-05-04T17:28:20.100Z,0,-7.598443422068613,-2.3649710519748623,0.4869553304160945,7.972863726972731,-0.046009084348597185,0.008518509536870056,0.021458603539414867,0.0005507274508556102
2026-05-04T17:29:20.100Z,0,-7.170690933918422,-2.9456133142957697,5.577811551120249,9.550258005255504,0.017284816474560927,-0.03874287845384572,-0.04444773189726803,0.00025042798865583424
2026-05-04T17:30:20.100Z,0,-6.327404033925177,-3.059106880300533,4.170852284914872,8.17252626157997,0.00022263745513839694,0.02848854260317779,-0.10467175216488656,0.007118256694716459
2026-05-04T17:31:20.100Z,0,-6.601485497565562,-2.912398244916403,2.3776862008162425,7.597043239386792,0.03239119227815834,-0.012156380990724358,0.017539064463001353,0.002131469469833197
2026-05-04T17:32:20.100Z,0,-5.078615145663434,-2.2051547011869843,6.170508340801462,8.290368643059818,0.013439012624072433,0.03683465786252782,0.02717857914191768,0.004030751547246598
2026-05-04T17:33:20.100Z,0,-3.4298588097954053,-1.2565180795718334,4.906071719233296,6.116560214179436,0.005910363702454902,-0.00020148009838294456,-0.034637739254606004,0.0020634342449116047
2026-05-04T17:34:20.100Z,0,-5.930853521761037,-0.32625103449390735,4.9136919233205845,7.708815184670053,-0.0014764798734745455,-0.07198674858699405,-0.019595049589149482,0.0029375617380370724
2026-05-04T17:35:20.100Z,0,-6.150513198349472,-0.7356037403951632,5.470765027894231,8.264332729046245,-0.012582917898296131,0.03525737276977026,-0.012405933728310004,0.0016121882178262632
2026-05-04T17:36:20.100Z,0,-6.589412646690107,0.05804622924188152,6.2977336847325205,9.115107128108994,-0.14405157295760418,-0.032223978572609724,-0.0379248092547968,0.0010621733779219765
2026-05-04T17:37:20.100Z,0,-7.766795130123683,1.835479001783824,6.909789085966622,10.556385506973765,-0.05637579810802151,-0.028382940476134877,-0.02804185803206849,0.001530108005116964
2026-05-04T17:38:21.100Z,0,-7.465269369276939,0.2387078011452104,7.021760640327557,10.25145602635281,0.03121524413263188,0.02638977996305414,0.06228987037459888,0.004375628913206009
2026-05-04T17:39:20.100Z,0,-6.853939636130235,-0.34353511455265107,7.595617476454208,10.23659659062837,-0.04767386544335395,-0.04259212160873105,-0.0038267891468990456,0.003907233632147858
2026-05-04T17:40:20.100Z,0,-4.870538584100359,1.491406794229988,9.278781884404452,10.585000405452895,0.01513995851443184,0.006972047140951787,0.03779726699182362,0.002008056700984289
2026-05-04T17:41:22.100Z,0,-4.3528213473109645,3.120910948382516,10.48790799541166,11.776389639849716,-0.007195119962055685,-0.07061861793156154,0.0067111506689698786,0.00021049794536110033
2026-05-04T17:42:20.100Z,0,-2.7568100895223324,5.0274640971110784,12.279702673140491,13.552361228146436,0.01733086419997143,-0.04692141846773801,0.02739965064613159,0.00037275996196369535
2026-05-04T17:43:20.100Z,0,0.41673967302813253,8.403039624681696,11.881438555747081,14.558617003102993,-0.020341084652431007,0.004050391525511898,0.02862676183656987,0.006178014309412583
2026-05-04T17:44:21.100Z,0,-2.0748739041209774,10.166849216147966,11.030392211523576,15.143958433709818,-0.00034738402732159557,0.01275886181606456,0.013073550344522289,0.0006180982911652042
2026-05-04T17:45:20.100Z,0,-1.3844371239883912,9.954153515536746,9.573222039534812,13.879784529285205,-0.002486277222324418,-0.00984632698625143,0.025559658920037975,0.00685302049130106
2026-05-04T17:46:22.100Z,0,-1.4702988567023567,9.633168199798092,7.575080794509859,12.342672212165953,0.020870421052254784,0.016170812279947544,0.030462767191430373,0.005038903581058809
2026-05-04T17:47:20.100Z,0,-1.447748678174321,8.261657456387184,6.452797294372203,10.582511662364974,0.04625787569167983,-0.003077468024192953,0.009745226553725672,0.0006250156987133513
2026-05-04T17:48:20.100Z,0,-2.167340460800915,8.44506512839871,6.507630938472175,10.879602480204912,-0.0429451500609801,-0.06308110546981993,0.0771468057063629,0.0015534867410515714
2026-05-04T17:49:20.100Z,0,-1.5924141112009238,6.2658847937200335,6.797888298706312,9.381278178980303,0.08207498920786982,0.04129722031720462,0.05500404529179548,0.00033914368298391777
2026-05-04T17:50:21.100Z,1,-2.0157423577984446,4.347342500295781,7.1503161454984365,8.607533040800739,0.022723442618666212,-0.047863913964274474,-0.03374585284010578,0.0060342466916000655
2026-05-04T17:51:20.100Z,1,-1.5126446378417313,4.3564150837482885,7.020457135013203,8.399599071792577,-0.03576273435368371,-0.09399064687176661,0.0012403669122917904,0.002247709704318255
2026-05-04T17:52:20.100Z,1,-0.3994328408225556,6.109205289249076,5.768120002812793,8.411488823470284,0.06043020332746618,-0.06877248936154601,0.0059658722761923855,0.004476885240744751
2026-05-04T17:53:22.100Z,1,1.5264860994648188,6.656279627350159,5.412172269188886,8.713657496178817,0.029572846151293408,-0.029479281021149717,-0.019244229268799984,0.0015538575427180323
2026-05-04T17:54:20.100Z,1,2.3010489749140106,7.359564383477846,5.326412510385126,9.371695926047519,-0.013080372967211318,-0.07491746022214585,0.013344674227866449,0.0028843280463655605
2026-05-04T17:55:20.100Z,1,1.889375562313944,7.310862762096804,4.9079323262049,9.005901068759853,0.04444420627922746,0.0047172847565946086,-0.0006339583862313702,0.0021326335403155576
2026-05-04T17:56:20.100Z,1,2.4608178869129915,7.188462270278251,4.328455305312673,8.74443479098874,0.011710337762482759,0.016543213109621036,0.009383380860761292,0.0026426767618935912
2026-05-04T17:57:20.100Z,1,2.9551764600910246,6.357284334626456,4.008879315733793,8.075843323745286,0.011789288858143898,-0.013243643754989876,0.06687535753702178,0.0001325159857224961
2026-05-04T17:58:21.100Z,1,3.544695367509121,6.89972939198924,2.8028120832459535,8.247841323953217,-0.003807357784157972,-0.05265352134475876,0.056285965020386186,0.0027000386614158284
2026-05-04T17:59:20.100Z,1,4.294965243843762,6.742523088178132,2.2427994626923464,8.302920779478397,0.028713734333774,0.036994520556277166,0.06282809276036971,0.00529873795140041
2026-05-04T18:00:20.100Z,0,4.27221025529434,5.587472038769192,5.541220900340704,8.954147269050377,0.005882223240050166,0.008903702897633536,-0.0021077819187809155,0.0006157410104370358
2026-05-04T18:01:20.100Z,0,4.465100163542957,4.324721393004438,5.5606036103199585,8.340302578964684,0.031744054439064584,-0.030752467441885756,-0.05446435914002734,0.0001856044431583734
2026-05-04T18:02:20.100Z,0,4.40414437639447,4.082404009750462,6.181815147101588,8.61843075622751,0.035650009120757886,-0.007161630443341949,0.0006902129179309213,0.0002466842944690329
2026-05-04T18:03:20.100Z,0,6.546398269392739,4.016020457129343,7.605545294609328,10.8087034301966,-0.03735164317109074,-0.007346526825102728,0.1253260665463607,0.004699930284502477
2026-05-04T18:04:20.100Z,0,7.980329777410589,4.471494238714513,4.6210720356612,10.248620923902552,0.01963850587660687,-0.02949845758060121,0.04454612095106114,0.0024760063711217434
2026-05-04T18:05:20.100Z,0,8.724423777039192,4.690218474024732,3.537154731930059,10.517850691708116,0.014387808774607436,-0.012069946768278328,-0.03733391424898258,0.004516188230610603
2026-05-04T18:06:20.100Z,0,8.551544501870012,4.91879543574214,2.578132700364222,10.196579334601788,-0.003083469781728354,0.011506015711759687,-0.01808737958697293,0.0017217336556267305
2026-05-04T18:07:20.100Z,0,8.674674877966027,4.955389746555738,1.834242177210399,10.157278973393522,-0.01652509824534576,-0.023513047867851355,-0.009993739711999794,0.002468594724957547
2026-05-04T18:08:20.100Z,0,9.074333370790555,5.484934438641176,-0.3895508743880782,10.610362001561095,-0.012390315419441578,0.004787247667614736,-0.0915681514483957,0.0017232102950668425
2026-05-04T18:09:20.100Z,0,9.251385718698657,5.02047709130693,-1.6780398300397792,10.658759102807375,0.0021492848265580733,-0.0027562538083003574,-0.05695337944788825,0.0011968085718098284
2026-05-04T18:10:20.100Z,0,9.2051765565202,5.0274253892581555,-1.515928900516883,10.597562074019143,0.019424869383222187,0.004996191693251717,0.049601027975965106,0.004275382156142469
2026-05-04T18:13:20.100Z,0,9.778940488217813,3.73908329470396,-0.674525495924172,10.49111078968722,-0.010918830926520684,-0.046953252856418715,-0.08621234422334645,0.00039449767148964546
2026-05-04T18:14:20.100Z,0,10.178676563157296,2.5191209281274496,-2.2768938360968605,10.73012918695545,0.03150749324865032,-0.020618012083417625,-0.0856462383909129,0.00013675316907838352
2026-05-04T18:15:20.100Z,0,10.183487128259117,2.922239421877748,-1.862117357632087,10.756875679480089,0.042659053012261694,0.007743634733436977,0.07489272603189434,0.007198122490101766
2026-05-04T18:16:20.100Z,0,10.304674731855812,2.277066795159044,0.29126463505235733,10.557281354903624,-0.00557822281788134,-0.0057405546201039215,0.012952890754647228,0.0019653443774508175
2026-05-04T18:17:21.100Z,0,10.201492130306633,1.9311069054310792,-4.818056160729611,11.446103299064548,0.01952374838243287,-0.0017810388595052018,-0.17033723008763602,0.004238868360145082
2026-05-04T18:28:44.100Z,0,-26.2694304683464,-15.903463909126003,-24.857541829987895,39.508233664259876,0.3373359063330028,0.0033300238966305074,0.1587506604421307,0.0028971769096837185
2026-05-04T18:29:20.100Z,0,-32.598118669284304,-20.740718337947328,-31.787816843007022,50.03278962435902,-0.3436940883596584,-0.06469428432298585,-0.21082323241294887,0.0006861380824852434
2026-05-04T18:34:38.100Z,0,-0.36864710364170605,-0.8933046801757882,14.845073127673913,14.876494550284134,0.12532614493898642,0.2863597286181241,0.0037107459469609694,0.0035655263321814025
2026-05-04T18:35:40.100Z,0,3.240420292968338,-8.388387433114985,-7.137260297156445,11.480672974720957,-0.025661388065367774,-0.0165521004082958,0.021208179790122017,0.0029709425285451775
2026-05-04T18:36:39.100Z,0,4.233239623317786,-6.767683546968328,-7.759884330312161,11.132729365261591,-0.039460529143386935,-0.04826978334326881,0.008396063456928005,0.0006009896941758393
2026-05-04T18:37:39.100Z,0,3.204214527613658,-5.347041229470051,-9.372559254870794,11.256229725564737,0.013214376574199882,0.0020637152227109823,-0.0011571529192622165,0.004741359901283226
2026-05-04T18:38:39.100Z,0,1.1357517505530268,-5.55654360778135,-8.10770059274546,9.894438731209826,-0.0031808840847413755,0.035786081146405024,-0.029017983691481675,0.002236290479679308
2026-05-04T18:39:39.100Z,0,1.1854261533699173,-4.360867947070801,-8.622265072062874,9.734775775013942,-0.035270653240576655,-0.008249912266666826,-0.014118735937707072,0.006106036501996142
2026-05-04T18:40:38.100Z,0,-1.225621008870803,-6.917630271345843,-7.934286691124726,10.597578059414555,-0.014441840863285704,0.03310097539177548,-0.03579929434405216,0.0013047460021571406
2026-05-04T18:41:38.100Z,0,-2.175121817344916,-7.613061929077958,-7.3641652820697345,10.812992053909374,-0.011772925527231415,0.017900980072482753,-0.03159372369498925,0.0003796745162521413
2026-05-04T18:42:38.100Z,0,-3.0656860526505625,-8.525111978087807,-6.3568002105967025,11.067288472331182,0.02111879506294656,0.027068292921317294,0.002596141579935818,0.0005363999885753588
2026-05-04T18:43:38.100Z,0,-3.965442494063609,-9.037276481649315,-6.186906372477097,11.64795736776603,-0.020258306968057305,0.050967166483673054,-0.02842183045626001,0.0010327773104115705
2026-05-04T18:44:39.100Z,0,-3.971887909756333,-8.336350521858549,-6.438099337174208,11.256987015462121,-0.05001937737825202,-0.027390173229058234,0.018377744257058737,0.004371499631678624
2026-05-04T18:45:38.100Z,0,-4.301014730117458,-9.548466230626218,-6.056798969439114,12.097799337990994,0.014466019573555755,0.0704306596226445,-0.05403683102223056,0.0013612786650443942
2026-05-04T18:46:38.100Z,0,-4.990904034457344,-9.528485325517977,-6.3450368243138655,12.488420555925916,0.022782989194780612,0.07031079128072548,-0.0538038956419129,0.0015085837579429636
2026-05-04T18:47:38.100Z,0,-6.280067421812419,-7.931606241527334,-5.8344566941741505,11.678634736532288,-0.007484508625310582,0.0009751379161926366,-0.0024850020219346902,0.003673166450894299
2026-05-04T18:48:39.100Z,0,-8.604608446148632,-11.163553187998332,-3.5339875757927075,14.531114013683098,-0.034398426981940844,-0.03569539791836718,0.014382465061579808,0.0018192127649323464
2026-05-04T18:49:38.100Z,0,-10.19380164143513,-9.717448884202895,-4.458276033801667,14.772224948043268,-0.008961244288396841,-0.023868645024016644,-0.004191674347175933,0.001039145989449521
2026-05-04T18:50:38.100Z,1,-9.401173426340392,-9.413238755769271,-4.413465453581011,14.016768635288178,-0.023958050050509883,-0.02139522815447492,0.019959610821462803,0.006013370216513119
2026-05-04T18:51:38.100Z,1,-10.942099428120855,-10.439905010571238,-3.5148376555298455,15.526597833052923,-0.0019112337321658401,-0.0066943260437213326,0.016342613639253045,0.0006940748258069208
2026-05-04T18:52:38.100Z,1,-11.656373031200928,-11.32184369339484,-2.4426277068414493,16.432334191294988,-0.012275519697624304,-0.014728469407643274,-0.006745667785246212,0.005662709102510206
2026-05-04T18:53:39.100Z,1,-12.019391998819628,-10.393211439804872,-3.8200763628992718,16.34250933829202,0.013227718769215357,0.08078402950761898,-0.008998014180860991,9.563349893829218e-05
2026-05-04T18:54:39.100Z,1,-11.8984731063847,-12.401691505374401,-1.11318233939528,17.222508219727377,0.03677882814612232,-0.020046074295620997,0.030778015604138176,0.0010839826326160531
2026-05-04T18:55:38.100Z,1,-12.023255433177837,-12.777859475590958,-1.8220113070128718,17.639503654929545,-0.06867232478091623,0.02741004589168483,-0.0023037030965067373,0.004378963274717285
2026-05-04T18:56:38.100Z,1,-12.986270255623822,-11.532343391252198,-0.4090824331797194,17.372550408129328,-0.05216408012920226,-0.004644421034427637,-0.10199365097363078,0.0031821772833834296
2026-05-04T18:57:38.100Z,1,-13.929722021657653,-11.428719363635764,-2.951073537587945,18.258193144932196,0.01259850006629648,-0.02077683180434775,-0.04516206191729211,0.006130776638522617
2026-05-04T18:58:38.100Z,1,-15.431040251428385,-10.588853424678746,1.280375206079043,18.75846957400512,-0.02101140058208273,-0.046599566833727124,0.010381819234184242,0.002518542607375483
2026-05-04T18:59:38.100Z,1,-15.7585962798521,-11.372947178188042,3.2644877455823007,19.706196093368217,0.02342702640945049,-0.021692336755307906,-0.03589032799861114,0.0033880035469483097
2026-05-04T19:00:39.100Z,0,-17.71527354861746,-10.680928387046151,6.172128360958595,21.587225773954913,0.03600594206609742,-0.030267467380440394,-0.03389472065995491,0.0040218708454430405
2026-05-04T19:01:38.100Z,0,-18.356196646237777,-10.824561765275575,8.141419906678493,22.81236092171255,-0.00962506204160718,-0.0006966875973901665,0.06907056963401104,0.0020891217469550293
2026-05-04T19:02:38.100Z,0,-17.45655505831678,-9.604026430679369,7.545943764853291,21.305161475275455,0.04415140507152415,0.05464476365446558,0.014813989400508376,0.004536171848296839
2026-05-04T19:03:39.100Z,0,-17.81686595188603,-8.722817779926118,10.113617115166562,22.266870312674406,0.020696074520820673,0.009609294045809236,0.05428254714878733,0.0014588763093195917
2026-05-04T19:04:38.100Z,0,-17.266975847746835,-9.262095846224838,14.14387422028085,24.165761985719655,-0.00216021925947274,-0.010885585184361446,0.052321110607156385,0.0022278473120016006
2026-05-04T19:05:39.100Z,0,-17.048722794243076,-8.921369909785426,10.37424695368827,21.86034743178339,0.04919584466289706,0.004401837122358643,0.06530831421880379,0.003785979460406033
2026-05-04T19:06:38.100Z,0,-15.635612267942633,-9.057191049123503,11.559193602806772,21.450408794261477,-0.0021500656242068317,-0.026297199902991508,-0.10304369322122753,0.003090009576585021
2026-05-04T19:07:39.100Z,0,-16.389951168548578,-7.95780676207869,11.7407735569941,21.674938327169563,0.004430950723666172,0.06740156640283601,0.052161349991308725,0.0002902978286804878
2026-05-04T19:08:38.100Z,0,-15.51040422486949,-7.363852155322093,12.547892372822389,21.26613647995859,-0.08881040392338946,-0.005792376871482929,0.0004997443534549006,0.003920141025225788
2026-05-04T19:09:38.100Z,0,-16.922893718628984,-8.017517928692541,13.203258266912599,22.912681083009787,0.04422167138429245,0.018266603020400396,0.09774055842814988,0.00563299379368661
2026-05-04T19:10:38.100Z,0,-17.223125007603812,-6.965663407754619,15.112695988136693,23.948905648641286,0.02821019219823029,0.03428749344980275,0.046416007575267315,0.003990981957083559
2026-05-04T19:11:38.100Z,0,-18.49588110599143,-4.958947200975672,17.945705611964513,26.243801651824946,0.07717909050342087,-0.039597569942095845,-0.03740184473954855,0.0020543069547973416
2026-05-04T19:12:38.100Z,0,-15.95416252303039,-5.008339012420038,18.919377654128766,25.249982421660075,-0.013994716136611629,-0.018158604927709376,-0.03726719320074068,0.0028287887749455834
2026-05-04T19:13:38.100Z,0,-14.79499362721981,-3.1713672360638157,22.72841622834676,27.304400942420074,0.15679752370711952,0.08698368775528209,0.0469525102300139,0.004040578551932741
2026-05-04T19:14:39.100Z,0,-12.68410699276501,-1.998833188736171,22.37306545521278,25.796045475683652,-0.026090820714141927,0.0246920738140588,-0.0639586054438368,0.0007763455242663992
2026-05-04T19:15:38.100Z,0,-8.987666396478744,-1.3644344344356796,22.948241854464868,24.683225737153563,-0.07971997065236991,-0.022135072190287985,-0.030210092071492056,0.005738073114072868
2026-05-04T19:16:38.100Z,0,-10.9232131767385,-1.0933594930975232,21.98670194547958,24.57492794546864,-0.0003397202799071408,0.05428529398798787,0.016000915053382414,0.004703623633424613
2026-05-04T19:17:38.100Z,0,-10.382876467701863,-0.4460612826733268,22.55111549038702,24.83054377721581,0.04887411383158735,0.025480013523093703,0.005107363049816627,0.001206545361078795
2026-05-04T19:18:39.100Z,0,-8.596335594575066,1.468024685891578,23.248151169809717,24.829994259912148,0.012287643610164878,-0.002461970648126588,0.011774040464374025,0.0002376590894157823
2026-05-04T19:19:39.100Z,0,-6.8671805629492155,3.814367824816145,23.75647261192171,25.021541953847017,0.014415855678961975,0.06831005924951006,0.017213017195594205,0.0037067310537451576
2026-05-04T19:20:38.100Z,0,-6.241616441911901,4.848987300647423,23.11972916822924,24.433426498591125,0.12875577475179867,0.07798274134838967,0.07015568661472571,0.003468590883057904
2026-05-04T19:21:39.100Z,0,-5.021206877245277,6.995329746132484,23.054269415979434,24.60988612460013,0.005956369524939831,0.016334165590214944,0.011587895741627108,0.0006105149745006883
2026-05-04T19:22:38.100Z,0,-5.583900707279099,6.458017657678283,22.008540544447897,23.606393118649944,-0.028390579379422576,0.03821429681105659,0.006244229253660194,0.0048088757033384714
2026-05-04T19:23:38.100Z,0,-3.163483983371407,8.39522751084587,22.293831355739258,24.03127945803248,0.10060613019069464,0.06645211988454136,0.01928690531727284,0.002265541444371502
2026-05-04T19:24:38.100Z,0,-2.0872040558970184,6.262476296797104,21.900533762504892,22.873749347702383,0.053435830172032794,0.042909788300793394,0.010372189237273233,0.005957509443200044
2026-05-04T19:25:38.100Z,0,0.7860577270548674,8.121326653963479,21.64417302083166,23.131019413902564,0.06466143775052391,0.046103633710270486,-0.012685803303824628,0.001303111541667485
2026-05-04T19:26:38.100Z,0,3.406216882467561,10.007664272961847,21.409113462368623,23.876888341978262,-0.003965895005564324,-0.0503104547471267,-0.011583362097944416,0.00039133468258484066
2026-05-04T19:27:38.100Z,0,4.708148926511058,11.775713360293594,20.11031066194846,23.775169534160682,-0.009711714108906477,-0.006116700146385767,0.011617629841254029,0.0005535142937531546
2026-05-04T19:28:38.100Z,0,4.743933755889884,11.912018122529844,19.480990907595697,23.32188006944503,0.009350939752295062,-0.013988373848583535,0.016164408767949112,0.0010182794853210015
2026-05-04T19:29:38.100Z,0,6.268959706176247,11.749099303415278,18.273158563715697,22.6108273650893,0.02372749231160931,-0.002063530334606156,-0.02704927528718315,0.004577912897164084
2026-05-04T19:30:38.100Z,0,6.287793942647113,10.582157528006064,17.649783289471088,21.51820765719157,0.017838794089897192,-0.05899432611400357,0.0034620123612327802,0.001378945909941202
2026-05-04T19:31:38.100Z,0,6.589371482732531,10.680071948172554,16.70151703956435,20.890773675918503,0.013574635221225151,0.09749403461212225,-0.01536405964941423,0.0014935193994955397
2026-05-04T19:32:38.100Z,0,5.792581458990753,10.429706987906684,16.716956419713824,20.537512501548093,0.012449773433509392,-0.027720520442642282,0.022564351730203214,0.0036846166368142623
2026-05-04T19:33:38.100Z,0,6.8802858750132145,11.034155488687247,15.097170589797315,19.925247323129373,-0.041917737119145926,-0.0015618200492895085,-0.003404454201216822,0.002012608107435191
2026-05-04T19:34:38.100Z,0,9.220566718795453,9.762187817614176,13.478120034051244,19.025742594033655,-0.03633352727483441,-0.0339732642942181,0.05920126412650717,0.001039129497663177
2026-05-04T19:35:38.100Z,0,10.277853441948537,10.896882295128307,13.956570642221777,20.473450593863774,0.05924722205019606,-0.005591062732790419,-0.04335821402090545,0.0060385871711527705
2026-05-04T19:36:38.100Z,0,10.501228645352967,9.841215734013531,13.673909593308053,19.85198060021567,-0.0019516234708305547,0.006531273019305672,-0.04953741788149557,0.0007034214711091184
2026-05-04T19:37:38.100Z,0,12.953189834206569,10.710518850373774,12.603025826138037,21.00801277844972,0.004453205221466305,0.0061159078610373285,0.005115767316432596,0.005630800222505948
2026-05-04T19:38:38.100Z,0,13.534262244320416,10.427535572034685,10.807686267980898,20.216721669726493,0.022904798007594707,-0.013434737074824454,-0.047037207377975676,0.00021660266202244013
2026-05-04T19:39:38.100Z,0,13.680922902494785,10.149554015697504,9.41819580293668,19.464930268665793,0.003134396522774807,-0.01910692481299492,0.0017479681035936778,0.0012461913642884202
2026-05-04T19:40:38.100Z,0,14.418836588447448,9.969578608661323,8.12635471811518,19.321826704617273,-0.019011963393822384,0.005641404773548686,-0.013956933573311403,0.004475652431965627
2026-05-04T19:41:39.100Z,0,15.22873866451846,9.712652859434456,8.19602552746801,19.83494243316544,-0.003577055829317999,-0.0037550685911824644,-0.07095845444249349,0.0029716234221350427
2026-05-04T19:42:38.100Z,0,15.262821812484617,9.317375887349044,6.197560481268738,18.925564166618482,-0.023957861797541113,-0.03651138984395175,0.030487104422327604,0.006139523323422471
2026-05-04T19:43:38.100Z,0,15.04682683844294,9.275539312739056,2.044962930995098,17.793945623087605,-0.0009608318860543363,0.003212271151298296,-0.11822144799067402,0.0026301381136862754
2026-05-04T19:44:38.100Z,0,14.994066050576293,8.3709955399911,3.8805742751719663,17.605522990377818,-0.03760705837230205,0.030656822358032798,-0.045778562390630384,0.003307221611465977
2026-05-04T19:45:38.100Z,0,15.502361669177844,6.4250172953421725,4.400499102303002,17.34844249253546,-0.00010465015520821908,-0.014016650391468488,0.05330422960614367,0.004264519161326734
2026-05-04T19:46:38.100Z,0,16.778798875520806,5.951490052780173,0.0710690355845145,17.803184444400348,-0.050043120643827876,0.008576470982291085,-0.01247790151048811,0.0019799355620827297
2026-05-04T19:47:38.100Z,0,16.856019067290617,5.969200869344604,-1.182567628347897,17.920803665323316,0.00495540262690497,0.010589800361060497,-0.058468377351544865,0.004611760841664223
2026-05-04T19:48:38.100Z,0,17.38334981848766,5.672531089430777,-2.8125169837949215,18.50050571353682,0.004743795716244392,-0.00035570182710387144,0.021375270250922895,0.0014909440049119093
2026-05-04T19:49:38.100Z,0,16.658416126787756,5.597138676876057,-0.5097870480312849,17.58097471859125,0.018349143099172238,-0.03743878301154524,0.09480200933520422,0.0021100256227983686
2026-05-04T19:50:38.100Z,1,16.617696870696363,5.145602069205779,-3.0415590290431282,17.660015607810777,0.05385891889808647,0.007893274961645602,0.17877277649613887,0.00380210914605984
2026-05-04T19:51:38.100Z,1,16.48388550074742,4.8385586251242785,-2.0444078863874893,17.300570348298894,-0.03194548374452211,0.021811717521913465,0.19964690587914724,0.003220735396922629
2026-05-04T19:52:39.100Z,1,17.633403540685322,4.151444257331605,-6.365266416651139,19.201250646906622,0.03965927929261426,0.04506277454296992,0.36985233941200235,0.0004248273401219565
2026-05-04T20:07:50.100Z,0,54.1892301525877,-23.047206484989147,-166.61580895515726,176.7158006095474,0.042592630030480194,-0.04235424351217752,-0.15646683168668574,0.003540328828886442
2026-05-04T20:08:38.100Z,0,41.5805391721733,-14.4860812688421,-155.88316865387242,161.9825609686048,-0.09343087064994648,-0.00027677762876043843,0.004260712247017295,0.002127223551645643
2026-05-04T20:09:39.100Z,0,40.1417061993925,-15.131899485822942,-159.9212301090347,165.57515151203762,0.018248877430737664,0.020566242025621406,-0.040629318952767335,0.006155279584690751
2026-05-04T20:12:39.100Z,0,-0.3803137933573453,-8.616530632934882,-8.591380707457574,12.173785819957457,-0.05108594493086205,-0.03746001900162277,0.053955470322719634,0.0003827575779989017
2026-05-04T20:13:38.100Z,0,-1.6274021163553698,-5.936371446296107,-8.98247819657172,10.889162417220343,0.01835558102497581,-0.017890477565618568,0.02222727610323716,0.0011118451201243885
2026-05-04T20:14:38.100Z,0,-3.6937431614205707,-6.3593938334634,-9.153137269322542,11.741616172516238,-0.005762094901051729,-0.021200066529836192,-0.01574043901264588,0.004636612100127328
2026-05-04T20:15:38.100Z,0,-4.117159073757648,-5.996678836254432,-9.10727944278733,11.655629316035384,-0.022549420051531932,-0.04918478913751301,0.01362754491296414,0.0013491230974324666
2026-05-04T20:16:39.100Z,0,-3.3960272721742513,-4.712579684564844,-9.744223022153164,11.34421838745113,-0.003156661364078772,-0.016639491603687162,-0.011442997885247053,0.0017087809773349844
2026-05-04T20:17:38.100Z,0,-4.485710199332971,-4.861948568304797,-9.170481961973564,11.307425847120264,-0.006509227584272637,-0.03150098512127997,-0.02074072912261471,0.0036433487637201733
2026-05-04T20:18:38.100Z,0,-4.8360718219555565,-4.545312439859117,-8.577368153964926,10.845215548420523,0.0407581827439607,-0.019005386151960124,0.0020330224437259403,0.0020098421249430823
2026-05-04T20:19:40.100Z,0,-5.309184746693063,-5.6588754719086864,-8.825666770007956,11.751710863372647,-0.029182668153104885,0.02122250668090686,-0.023764549510474353,0.0008089705369505925
2026-05-04T20:20:38.100Z,0,-6.1307772011787165,-7.024203624041547,-8.93172883797888,12.911299147555784,-0.006063757302499084,-0.017970273281431304,0.005938996687326892,0.006035813606244645
2026-05-04T20:21:38.100Z,0,-7.7664667087447015,-5.0797928670363035,-8.242980597970018,12.412454626243063,0.008792296488646656,0.008351526368688411,-0.10490446486333127,0.0006786239475827282
2026-05-04T20:22:40.100Z,0,-8.701223469870456,-4.53203480810771,-7.0694496907890425,12.092466593095125,0.020699614301733504,0.047414827668568194,-0.05491740337948414,0.0060178737947454205
2026-05-04T20:23:38.100Z,0,-8.13778237625229,-2.139592307685234,-7.29910012705659,11.13904034965067,0.0007801026091769359,-0.005617483080033736,-0.031490315351767606,0.00018984709058581767
2026-05-04T20:24:40.100Z,0,-10.76901560099941,-3.0036295302124927,-6.246154055588704,12.806558001878585,0.0374607924600312,-0.006407244457662387,-0.03168356324856347,0.0009098074233545987
2026-05-04T20:25:38.100Z,0,-9.30443947436288,-3.1031655876176956,-6.382108212164894,11.701860357568767,0.014725032505324975,-0.010412203429233102,0.011559782054249013,0.004404146049235705
2026-05-04T20:26:38.100Z,0,-10.680420258722734,-3.524923439044869,-5.817033347739198,12.662319658055265,-0.0197864290960581,-0.023013603875021715,0.019888196474582287,0.003144576369359295
2026-05-04T20:27:38.100Z,0,-10.865839620237239,-1.9701076605542767,-6.335739925816597,12.731433354280203,-0.03452288912431101,-0.03031110142348581,-0.04015866369355692,0.006140698134411209
2026-05-04T20:28:38.100Z,0,-11.01369660364071,-2.598544487682375,-3.4126910722989123,11.81949265774382,0.011317745938654866,0.02839717808900133,-0.0469599415335864,0.0025604250046373112
2026-05-04T20:29:38.100Z,0,-11.316974309465877,-2.1119866992194147,-2.603866047138581,11.80315693915113,-0.008227621402845386,-0.01838645687346485,0.0785282714925728,0.0033423987014162865
2026-05-04T20:30:38.100Z,0,-11.591352221330453,-1.8260264866398757,0.16590100221947068,11.73547366710821,-0.018969067891561053,0.03214421553643376,0.012505953236097156,0.0042256276946313134
2026-05-04T20:31:38.100Z,0,-11.38017588027651,-1.6580299462987114,-2.891708387323888,11.858306951929094,-0.026169070583392795,0.038206722954292616,-0.11777873339435807,0.0020441251170611706
2026-05-04T20:32:38.100Z,0,-12.29665930623014,-0.6325043796273633,-0.9864092098723631,12.352363944325198,0.02633214873437595,-0.01119714278008388,-0.03959302440748047,0.004579915092273866
2026-05-04T20:33:38.100Z,0,-14.392625246955504,-0.17577289366954574,-1.3562423728217254,14.457453129209414,-0.010392251176938316,0.0216079363086763,-0.027873118120469442,0.001560765854399459
2026-05-04T20:34:38.100Z,0,-15.621764177012665,0.3955559117230223,-0.396963517232507,15.631812451392474,0.0020088175256560703,-0.008887839752169668,-0.057756244123519096,0.0021956656918724494
2026-05-04T20:35:38.100Z,0,-15.702680902109023,0.2167837135402806,0.22825063297204906,15.705835891265638,-0.015388349104306087,-0.026078733394996334,0.06438252490249818,0.0037784168290469276
2026-05-04T20:36:38.100Z,0,-15.565370710532989,0.20096434036531718,1.3983037943035015,15.629344372800167,-0.009958884372274213,0.007705021903170461,0.03739223650900403,0.003079555098437084
2026-05-04T20:37:38.100Z,0,-15.965450425511563,-0.9170330474717048,4.241862117851269,16.544786221842948,-0.00317933295157502,0.03654511912865033,-0.03756489570494459,0.0002112555185395137
2026-05-04T20:38:39.100Z,0,-14.979304251255599,0.6649311706041772,2.152352476514352,15.147749354160919,-0.0031440910674973566,-0.0010100370220200716,0.08727371260230932,0.0039231973382590855
2026-05-04T20:39:38.100Z,0,-13.982086355326828,0.7379510270766332,2.8027277421642793,14.279306473455824,-0.008191355305164905,0.0024218535270570385,0.07218450234569573,0.005592927947409915
2026-05-04T20:40:38.100Z,0,-14.816904097187944,1.4942804991733283,4.778976947818592,15.640081262680706,-0.053597299174867885,0.002565259668241282,-0.021865456451664045,0.003999767567591329
2026-05-04T20:41:38.100Z,0,-13.287777897630804,3.7979182120579935,5.015644588638679,14.701901742352517,-0.07513587426544177,0.021243226240308388,-0.07681719372021334,0.002085807964555336
2026-05-04T20:42:38.100Z,0,-13.740688508733001,3.132803009066265,5.319042045812239,15.063637796786015,0.001329590457288532,0.033918278043554295,0.036863827146849104,0.0027751726780580253
2026-05-04T20:43:38.100Z,0,-13.976725711472682,5.312950172537967,8.261225766545977,17.082861362062737,0.006440837756471751,0.03633938028091421,0.09051105172019902,0.004015815905563432
2026-05-04T20:44:38.100Z,0,-13.225660115040228,5.526747451767733,8.436876801170001,16.632615940744483,-0.04275078156190659,0.04020599546139536,0.05855868633286576,0.000705742429249065
2026-05-04T20:45:38.100Z,0,-13.214036913723248,5.192157076180592,10.164203828026075,17.460822034447084,0.0049377202389067065,0.025686423528181734,-0.0026802455472818565,0.005778315920746516
2026-05-04T20:46:38.100Z,0,-12.666095144140854,5.1449360289552715,8.659945455292473,16.18316990676151,0.016754207617708516,-0.024068114087727466,0.11011670568361609,0.004715074215920877
2026-05-04T20:47:38.100Z,0,-11.508071741445747,5.402529288858204,9.740225047607964,16.015461963405315,-0.004019420764223014,0.003097839937016289,0.07264796813988283,0.0011822064239605174
2026-05-04T20:48:38.100Z,0,-11.095974356067018,5.059569289642241,8.394303838940687,14.804871672785351,-0.08625370561432533,-0.051369796738587326,0.01691487919419643,5.591443551463409e-05
2026-05-04T20:49:39.100Z,0,-9.246044412975607,4.31613657519847,9.130744580943428,13.692657478550728,0.004020752518485438,-0.005863949594564488,0.020233384234735752,0.003700044683983386
2026-05-04T20:50:38.100Z,1,-7.022260873782216,4.288912764423003,9.135132911069377,12.29461564194611,0.022768241337622896,-0.03040704247592174,-0.011081934703227603,0.0034762374393216026
2026-05-04T20:51:39.100Z,1,-6.031546306985547,4.903370698229992,8.95662357834226,11.859329702039993,0.0013295471683605342,-0.07505499118420911,0.003134083196520976,0.0006025254488690421
2026-05-04T20:52:38.100Z,1,-5.836235072820273,5.310739300512068,8.976926882951375,11.952021084531099,0.06222918094467289,-0.04317257656422102,-0.03143150659834504,0.004810422112089758
2026-05-04T20:53:38.100Z,1,-6.934833566447196,4.838482073864725,8.790293244601344,12.197216104485362,-0.08880138713740493,-0.05120037818201473,-0.0598286706310347,0.0022576294757386765
2026-05-04T20:54:38.100Z,1,-6.3190580331138335,5.766690581367584,9.223834703334433,12.580315628851713,-0.04085240701900972,-0.03777630400977894,0.0070633797122354736,0.0059517423651527625
2026-05-04T20:55:38.100Z,1,-8.051171058468753,4.8866336533137655,9.527609409360593,13.396861010391952,-0.1378732750785261,-0.12061772063759468,-0.023545407341174496,0.0013230885225688702
2026-05-04T20:56:38.100Z,1,-6.370889416757564,3.885389995048172,9.925605470471055,12.417815078733412,-0.04766120884536207,-0.08831304570977583,-0.0013193811945200196,0.0004090943147345912
2026-05-04T20:57:38.100Z,1,-5.633097724967229,6.526336031583924,10.254215974555336,13.39678309255649,0.016071869686884455,0.028766619319386955,0.024949953077779696,0.0005499430541806143
2026-05-04T20:58:38.100Z,1,-2.2894981848367024,6.937190382359404,11.316012386714647,13.469170303910694,0.024290244753144563,0.020400614872961853,0.050137818828233094,0.0010404171288895699
2026-05-04T20:59:38.100Z,1,2.1518730791285634,6.486768517333985,9.370590486668107,11.598133022818303,0.008954858201959404,0.004933030348652778,0.022619009710567184,0.004582454445970236
2026-05-04T21:00:38.100Z,0,1.695299180028087,5.990073871544155,8.328568504396117,10.398080478087234,0.04656694764620939,0.0005730292376160406,0.003642711384976849,0.0013541659213883357
2026-05-04T21:01:38.100Z,0,2.505855270101165,5.9789492015625,6.97054718432355,9.519226451683961,0.008497663821424584,-0.022421524133120485,-0.0202410759815308,0.00150635428077546
2026-05-04T21:02:38.100Z,0,4.67321945779986,5.781149667654972,5.410473534766425,9.194231640055317,-0.01846585260989464,-0.021003054908597107,0.01689661040416013,0.0037162560653311227
2026-05-04T21:03:38.100Z,0,5.105494105009711,6.122601992046839,4.539507275694632,9.173846059063196,-0.09064728694485602,-0.06576165388860744,0.05133003192803187,0.0020518554911832234
2026-05-04T21:04:38.100Z,0,4.046598503009591,4.996182145532657,3.7273978682605957,7.431708440473994,-0.020781124516977556,-0.03936446800301141,0.007251799597263187,0.001072860196024755
2026-05-04T21:05:38.100Z,0,5.18148401624785,4.731783658371569,2.9861045718462265,7.625901501741621,-0.06787680272712926,-0.028927661566591212,0.02049256584779613,0.00593477428747906
2026-05-04T21:06:38.100Z,0,4.792003689544799,4.726066776129301,1.7731780094436544,6.9601125555711185,-0.032714940591649366,-0.010450398297390251,-0.0006449649871953511,0.0007665862216431802
2026-05-04T21:07:38.100Z,0,4.033410793454095,2.761673317536406,2.7192980514882947,5.5937307795757,-0.05306548462336025,-0.020850453458010065,-0.009764553088764671,0.005718094021653977
2026-05-04T21:08:38.100Z,0,3.3014926475516404,1.6846478788465902,2.8715466978610493,4.688674931741009,-0.0031053256610569235,-0.03937578802259978,0.04130024776571872,4.433865510864815e-05
2026-05-04T21:09:38.100Z,0,3.800958594183612,1.2745688225095364,2.9166263830120442,4.957672979946693,-0.011355383050304368,0.004395361764331085,0.005525169230580218,0.0011876755659712772
2026-05-04T21:10:38.100Z,0,3.156517586830887,1.1448317536633112,2.9098794893798186,4.443156722745874,-0.0122013124013165,-0.04071374387670801,0.07538686302677178,0.004361408814606553
2026-05-04T21:11:38.100Z,0,3.4932265098177595,0.7712709304996679,2.1312120788934408,4.1640791565901685,-0.015058243189258746,-0.037528721666735265,0.018085592091487968,0.003295139134701288
2026-05-04T21:12:38.100Z,0,3.491705194392125,-0.9650570968915417,1.4294639631771133,3.8944457355094446,0.013512732949472195,-0.032421352262002046,-0.0154604041409101,0.006067889376412197
2026-05-04T21:13:38.100Z,0,2.8067204202670837,-1.8050701521588053,0.8953866199590266,3.4550940610872662,-0.03812316741047539,-0.0638409958910735,0.05209701428121605,0.0025261029406729333
2026-05-04T21:14:38.100Z,0,2.3859830475885246,-2.3594047120241157,1.3423939490166958,3.614101162510267,-0.017623036667302472,-0.08439167133156289,0.04382924029666668,0.00344776301103558
2026-05-04T21:15:39.100Z,0,1.6659965203871252,-2.362924916610609,0.5702490007024608,2.9468869150823243,-0.01899754085155081,-0.025761976842453294,0.03968983549951233,0.004088866900376558
2026-05-04T21:16:38.100Z,0,1.315137201345351,-3.240273062601773,-0.14319932324724505,3.4999230598348334,0.026135359676437986,-0.03964012876922496,-0.003976546174566664,0.002052713324464947
2026-05-04T21:17:39.100Z,0,1.2623106777027715,-3.798362602964289,-2.875497521927173,4.92843511768689,0.040600996682016444,0.04603431577665518,0.1248810054708116,0.0044508686393329965
2026-05-04T21:18:39.100Z,0,0.8009761168068508,-4.3942096636619965,-0.1454457387808361,4.46898151381777,0.013988994387759135,-0.04508799296543131,-0.0020047839024428526,0.0014245811586028223
2026-05-04T21:19:39.100Z,0,0.7697465684941562,-5.202389203134317,1.0610998506308533,5.36500662568145,-0.01707645353565823,-0.0024186011851057287,-0.007758765885323982,0.0019630197375089383
2026-05-04T21:20:38.100Z,0,1.0732790028669115,-5.576624187028756,1.3977178932691459,5.8484425662319595,-0.0265242426991108,0.005157107106690262,0.003204752424990076,0.003792814578258558
2026-05-04T21:21:38.100Z,0,1.9252389893154032,-6.007175847571489,0.34379375483695185,6.317507497066491,-0.011348021933699215,-0.007159520055477486,-0.04595741724910951,0.0031458809537547
2026-05-04T21:22:39.100Z,0,2.0968401313439244,-6.2874801024008775,0.20182103162369458,6.630978532864287,0.012918506214987246,0.014023765084303363,0.01222464802685952,0.0003706409888718535
2026-05-04T21:23:38.100Z,0,2.0265988298433513,-6.679833022076309,-0.8155636351148132,7.0279738234334115,0.04086165482419801,-0.0018463960991255135,0.04061289188148076,0.003948418834132429
2026-05-04T21:24:38.100Z,0,1.6461132445328985,-6.737194741958774,-2.7439750056146295,7.458477099002274,-0.027561430076872284,0.0018680979696483746,-0.07336427263238132,0.005704383932806153
2026-05-04T21:25:38.100Z,0,1.6395237700521648,-7.567434980956023,-0.7592905913043069,7.780143481042376,0.0010847190372587079,-0.12400257668776504,0.19889507003612028,0.003941790283064829
2026-05-04T21:45:09.100Z,0,-1598.2781943976079,995.1578282978062,4923.198226763134,5270.930949074646,4.794448122022343,1.7040003880197663,0.5041611871048346,0.00020916660522188394
2026-05-04T21:45:38.100Z,0,-126.68852299066202,259.61137887952646,221.90553329892282,364.2665447305913,0.2527998945436316,-0.10124746247042182,0.022805151889571107,0.0013057246295249784
2026-05-04T21:46:38.100Z,0,-99.57196079903952,7.496735495578832,-27.67041763229372,103.61673818646138,0.34248982406381856,0.0892424172365125,0.023559940212969366,0.0014910787346347713
2026-05-04T21:47:38.100Z,0,-45.48090927255544,0.5995659396376141,-26.235277883046138,52.50868873981755,0.16180114665009793,0.045334581748379676,-0.0038036751615067033,0.003750635223896643
2026-05-04T21:48:38.100Z,0,-36.91572441221069,6.199520296831906,-25.785398089993805,45.454279396428404,0.17444192698476413,0.06312410834063975,-0.0008768247612422897,0.0020349477263518047
2026-05-04T21:49:38.100Z,0,-23.173389276053058,13.602221522205582,-25.590199968632987,37.10639749845392,-0.05806118567763807,-0.008708672656121408,-0.009514856145642625,0.0011101785520326536
2026-05-04T21:50:39.100Z,1,-28.953747486411885,9.95428181454372,-27.49262735051161,41.1491406785653,0.22988164554194057,0.11332128700081157,-0.0304067120575624,0.0060055237053800534
2026-05-04T21:51:38.100Z,1,-11.740665039724263,18.712888733944055,-24.817376796590906,33.225255625923225,-0.13435082974910806,-0.08149314530103702,0.023710965947998375,0.000688765799742496
2026-05-04T21:52:38.100Z,1,1.4458763262155117,21.50572370806003,-25.10517899736442,33.08861923755407,0.14029343824017992,0.04239558565211077,0.010114102214409115,0.005724768884686468
2026-05-04T21:53:38.100Z,1,15.288606710782915,20.079021548781384,-17.055380344572768,30.459720947695214,0.19087513288829072,0.1144660213674431,-0.06300136915182719,0.00016304927919645422
2026-05-04T21:54:38.100Z,1,35.488382442963484,21.5869795567869,-20.795779860691255,46.453067011958495,0.22340491107053495,0.09839790647503399,-0.06585834307859528,0.0012857841542581478
2026-05-04T21:55:39.100Z,1,3.146300588923623,39.014773528151636,-18.692768041091767,43.37593039793941,0.04747667471116657,0.07220741329660996,-0.02165752532601317,0.004416877870767263
2026-05-04T21:56:38.100Z,1,21.643455542289303,28.745561209689185,-21.407812064353493,41.869330953022406,0.02283391104818122,0.03689537366247109,-0.005939980578517634,0.0031499711999683987
2026-05-04T21:57:38.100Z,1,19.079525590314006,33.4067624396539,-20.840173999658873,43.75331902595477,-0.013578818818693605,0.004591811898713161,0.048916956473910034,0.0061643351866137825
2026-05-04T21:58:39.100Z,1,36.71096458583634,29.108965498721773,-18.38899446374853,50.330725313828715,-0.06945445573780518,-0.020102074032468664,0.09375308775982916,0.0026043303328140356
2026-05-04T21:59:38.100Z,1,37.50809484972706,28.529469707279986,-14.884702006384032,49.42005842624612,-0.059390549167481765,-0.009577819620076866,0.06646317606850971,0.0033346862339927895
2026-05-04T22:00:38.100Z,0,-6.077957492379937,-1.630254561177935,-0.3545032623151201,6.3027747680216955,0.015035550472219938,0.009615856985334403,-0.01382539420546891,0.004221567600302846
2026-05-04T22:01:38.100Z,0,-6.078346434151172,-0.6006922755972255,-0.7125929814719711,6.149383330120473,-0.026538149432653313,-0.06117406597816455,0.06674712185361642,0.002035708997459543
2026-05-04T22:02:38.100Z,0,-12.516064901319623,-3.4420739800324895,10.0462703503581,16.41424082467861,0.08794776689668993,0.06548970554809408,-0.16382850073259903,0.0045920204356229505
2026-05-04T22:03:38.100Z,0,-6.995662005010672,-1.6717603210167908,1.6227836113102967,7.373431772818773,0.008865676679015166,0.04379292697564985,-0.049344532865980284,0.001552609185006381
2026-05-04T22:04:39.100Z,0,-5.559694410749216,-0.3112850371849163,0.3442933293626993,5.5790355987334355,-0.007972665786226685,0.012408602533708901,-0.08638099579227898,0.001972350800137283
2026-05-04T22:05:38.100Z,0,-6.533983663302934,0.04274622995126265,1.5593980606354307,6.717625478098508,-0.014623142733150019,-0.03771097547966562,0.03274373501804817,0.003781506821131
2026-05-04T22:06:40.100Z,0,-6.695379385746492,3.0673806801360115,0.03100598587479908,7.364637854444086,-0.014949230709326855,0.03638716815435039,0.007987882625570819,0.0034468986888858636
2026-05-04T22:07:38.100Z,0,-6.847400563856354,3.5581290088657624,0.779668312134163,7.755969262611766,0.0030669144619466238,0.03276262119911166,0.004891713041299539,0.00023044535540536415
2026-05-04T22:08:39.100Z,0,-7.004016636301458,3.8644166960466464,0.889079516127822,8.048628940898551,-0.04271972293423687,0.0003397063261800781,0.067774006758059,0.003917238010524535
2026-05-04T22:09:38.100Z,0,-6.759102803243877,3.7653188368267365,0.9925835347530665,7.800533233135051,-0.01938689608405042,0.014390507930839291,0.041503734664383174,0.005616694932581582
2026-05-04T22:10:38.100Z,0,-7.120545270026923,3.9698607586160506,1.7879634906421416,8.346183129381455,0.02074628962134284,0.04372678172304134,-0.014573403453010947,0.003982314834831398
2026-05-04T22:11:38.100Z,0,-7.555056681098904,4.545976115537087,0.1805312786018476,8.819148022354794,-0.008024362898595427,0.01867401628419252,-0.008289198975941492,0.0020825802603060832
2026-05-04T22:12:38.100Z,0,-7.114124690790646,5.469290733003618,1.8558975716587156,9.163420051199502,0.0074197042216894715,-0.007155069719377849,-0.020941982273564586,0.0027855100757559472
2026-05-04T22:13:38.100Z,0,-6.557325357675836,4.979542567753015,-0.17514148930786178,8.235595580876941,0.008583073346279946,0.012784703468771141,0.024538443216814976,0.0040269390373822165
2026-05-04T22:14:38.100Z,0,-5.812397571162364,5.565912593510802,0.776885401137406,8.084979867034718,0.051585316096058875,0.05376654987643281,0.03596133383476641,0.0007253602418010914
2026-05-04T22:15:38.100Z,0,-6.718526787153678,7.106322045274283,-0.5941757617620169,9.797523158263942,-0.01777962573967784,0.023531322498882012,-0.016845467172510453,0.00580146437597279
2026-05-04T22:16:38.100Z,0,-6.210077808873393,7.4143807889868185,-0.775796085690672,9.702575351056621,0.02112354656258475,-0.03747046119090269,-0.04508654536961032,0.004723879401660865
2026-05-04T22:17:38.100Z,0,-7.5975606628162495,8.49732201390907,3.867953087137721,12.03696267824798,-0.03032720004636502,-0.008937277378162634,-0.04609006515465808,0.00115399098204328
2026-05-04T22:18:38.100Z,0,-6.6408035613676475,7.777478194611831,7.290706520507229,12.559611481909078,-0.02130362896934912,-0.025685105300557454,0.18593597856364497,0.00010467130214282423
2026-05-04T22:19:38.100Z,0,-8.604700150044664,8.44569332411993,6.834523354882549,13.859340167760427,-0.02158085898873452,0.06741981193680857,-0.10050824224183685,0.0035369149492537094
2026-05-04T22:20:38.100Z,0,-6.929157084869075,9.078900405256718,7.191337876065518,13.496480686575165,-0.02012501332604444,0.025745851021746757,0.10704894606927695,0.003505273026414768
2026-05-04T22:21:38.100Z,0,-5.4835993919368775,8.907375537773987,6.858757418740424,12.508147528363732,0.02657800118210929,-0.010620929143834168,0.05938057555443521,0.00063665461180972
2026-05-04T22:22:38.100Z,0,-4.404080987114867,8.362550320498485,8.6149775343074,12.788511059562687,-0.05126514816122807,-0.007341537987093361,-0.04888905618205541,0.004829922364432855
2026-05-04T22:23:38.100Z,0,-4.1015902597791865,8.512671513699388,8.40177840382239,12.644306991931224,-0.011199446527498935,-0.010961891273808533,-0.01265997805344199,0.0022928614207687044
2026-05-04T22:24:39.100Z,0,-4.175643518465222,8.879924969505737,8.822350862828898,13.195565202150679,-0.053885631635886,0.011108144869265146,-0.0168879190622917,0.006053434231854206
2026-05-04T22:25:38.100Z,0,-3.268673730417504,9.155934247814912,9.244730523278122,13.415677483983494,-0.009186162098551165,0.015622309160412406,-0.01410072734575607,0.001346074955296904
2026-05-04T22:26:38.100Z,0,-2.4171752820620895,9.953637064199938,9.073665946743859,13.68389713726049,0.07252740073671049,0.06826818691729741,0.005938114942871664,0.0003677302136613897
2026-05-04T22:27:38.100Z,0,-3.261425913478888,10.749000054147473,8.726609420591558,14.224331728862742,0.02159623031516844,0.009480871604461427,-0.013674039466948784,0.0004987793008231674
2026-05-04T22:28:38.100Z,0,-3.501105866234866,11.156251434726983,8.706337244802853,14.578065598071419,0.054498517634282706,-0.021414133246189238,0.0041099738936623,0.0010682626977228838
2026-05-04T22:29:39.100Z,0,-2.439531479467405,10.911058696024156,8.239026358296542,13.888270988143267,-0.04189557179357095,-0.0025371281884289942,-0.009396031622088685,0.004363818617630458
2026-05-04T22:30:38.100Z,0,-5.602264774097421,9.467109281217745,8.82465781251085,14.102698828576067,-0.18785508242080695,-0.008705181225421299,-0.08016357612206093,0.0013050441280424245
2026-05-04T22:31:38.100Z,0,-2.5520794397380087,8.791530167854944,10.318743810330488,13.794222920566089,0.08289970341124331,-0.016516138544364622,0.06989052628636472,0.0015597378149074751
2026-05-04T22:32:39.100Z,0,-0.2680785846678191,8.171846611276123,11.179925488704612,13.850692296732666,0.028934713785844224,-0.002397798495756831,-0.010776787918054254,0.0038388407891965974
2026-05-04T22:33:38.100Z,0,2.4257040986412903,7.289031845289173,10.933965094864107,13.3628446938334,0.016506803460769603,-0.012440173377648023,0.0045511112647389496,0.0020815210820942184
2026-05-04T22:34:38.100Z,0,2.9628583861267543,8.228066927870259,11.381994108546678,14.353724432102814,0.010734505940690475,-0.0072586955650599805,0.008818978843194714,0.0009915439792342543
2026-05-04T22:35:38.100Z,0,4.72918213927187,7.9916863749929234,10.08423947303072,13.708541154042852,-0.02548604871260851,-0.011055922366276505,0.03097560426379431,0.005998541877651175
2026-05-04T22:36:38.100Z,0,4.557401042802667,7.958467528055735,9.891145848925476,13.488583167433562,0.021020474734196465,-6.109634909101658e-05,-0.00030679369711350546,0.0007780140902108175
2026-05-04T22:37:38.100Z,0,4.350751259153185,7.569870860407946,9.756676058486846,13.09292591717095,0.028411166303143887,0.03819705705865317,-0.01338643919801541,0.0056178957893817365
2026-05-04T22:38:38.100Z,0,4.057482417920255,8.602657110756695,8.488000220040703,12.748137929611357,0.008333819192296588,-0.013647881959899522,0.024463872268398745,0.00014664565385100016
2026-05-04T22:39:38.100Z,0,4.781577014909999,7.908549043520452,8.43122680862507,12.50976467491543,0.10635086248322878,-0.0014185885055528757,0.01686646728948915,0.0011781303414122582
2026-05-04T22:40:38.100Z,0,6.079210757889086,7.9021589413628135,8.004516820165009,12.785664194624353,0.03102165517443467,0.03986663899291365,0.02475850956606962,0.004436605706668748
2026-05-04T22:41:38.100Z,0,18.43490944520454,5.345655473206534,8.532128127626493,21.005216711030375,0.045417354261001464,0.015167247034542086,-0.013406929212145258,0.0032231381806790685
2026-05-04T22:42:39.100Z,0,3.633265066127933,4.906514218873781,8.153545518780447,10.186010079888048,-0.015317520825952613,-0.02046122201582179,0.05977361798503722,0.0061292056177018875
2026-05-04T22:43:38.100Z,0,6.924342573256581,4.485578340108987,7.1120614243227465,10.89258237611303,0.03597085912776521,0.0076476382331325254,0.02623997629225272,0.0025672386934909464
2026-05-04T22:44:38.100Z,0,7.574524808660499,3.60149256061959,6.970609386371507,10.905666873629608,0.05380312582792257,-0.018237116398811537,-0.003757951220428879,0.003421981879340008
2026-05-04T22:45:38.100Z,0,8.157441894582007,3.1878185781124557,5.963300161056395,10.595612033351156,0.04669095690257308,0.0004614137316671929,-0.02648718865483346,0.004303359750152012
2026-05-04T22:46:38.100Z,0,7.678522179048741,2.608258164059407,5.949169230007101,10.057600510648117,-0.001962260667731641,0.00878261405379277,-0.023119575843999485,0.0020384733348760642
2026-05-04T22:47:39.100Z,0,6.954217286875064,1.5865202474287798,4.551815699414874,8.461513501142285,0.013325199598845927,-0.03408197013077263,0.02695213513348449,0.004447861950446405
2026-05-04T22:48:38.100Z,0,6.855823882688128,1.4036666403853815,3.9727898038108833,8.047090155642064,0.012749977656767442,-0.044355206137880465,0.06350232504015452,0.0015201745104873176
2026-05-04T22:49:39.100Z,0,7.1477701521871495,0.9101121027015324,2.739652491072775,7.708736469735009,0.04454012357335557,-0.015911971595117258,-0.09800823699723793,0.001967591807903339
2026-05-04T22:50:38.100Z,1,6.770219003556122,0.523279560525225,-2.300939676388225,7.1696590050680555,-0.1578559304018512,-0.06453489499103071,0.1715627528806607,0.003791792033495854
2026-05-04T22:51:40.100Z,1,6.474873154729721,4.138365081985285,4.695314806667739,9.00533336725232,-0.03697467346430727,-0.049593880820930636,-0.08032894792719958,0.0034658772187784476
2026-05-04T22:52:38.100Z,1,2.1167156410228927,6.532593975521195,9.0168475817336,11.333967066573903,0.0845376314169144,-0.38241912669312317,-0.22875274846301252,0.000255984658125678
2026-05-04T22:53:38.100Z,1,-0.5080853611616476,0.7190921953679208,8.897994261133135,8.94145101148712,0.0018438284534738614,-0.11200358512802877,0.009290543776963034,0.003972933542121568
2026-05-04T22:54:38.100Z,1,5.205887061947578,-3.099548811405839,4.623214068487869,7.621192246565146,0.015415434670984496,0.005878984491336503,-0.019257242816816955,0.0056519707464691826
2026-05-04T22:55:38.100Z,1,6.153698326670565,-2.93616506064609,3.674017740195268,7.745158146500077,-0.0007812363653769694,0.0075108833814951925,0.01763865042869739,0.003957858468472511
2026-05-04T22:56:38.100Z,1,6.01846744143586,-3.374628465621754,3.1581365583406296,7.588405243905713,-0.0008538128808410761,-0.007264480629654013,0.03946519671238491,0.002076550483744418
2026-05-04T22:57:38.100Z,1,6.336686782333345,-3.483946616825051,1.4499856551992707,7.375224864813852,0.010518114470059459,0.002798241286239289,-0.00842480308982374,0.0028558682776504856
2026-05-04T22:58:38.100Z,1,6.277660200794344,-4.079090836398791,1.7942024069270701,7.698516865296377,0.014516184492663342,-0.02638915759362037,0.03828971746289156,0.004076194072084813
2026-05-04T22:59:38.100Z,1,5.247425817969997,-3.832272801560066,1.4918827500878251,6.666896330428781,-0.03215633752962077,-0.010615847173989224,-0.05352439770034412,0.0006756345634769294
2026-05-04T23:00:38.100Z,0,5.078592684071737,-4.484699093950439,0.08748816435399931,6.775860372889105,-0.04118008701858855,-0.06107489471396388,-0.13101133022393532,0.005724645773865533
2026-05-04T23:01:39.100Z,0,4.239211113940655,-5.012441762232811,-0.024752377612458076,6.564761684062188,0.03459210291811843,-0.036609053662983726,-0.06797815793285755,0.004512661158550232
2026-05-04T23:02:38.100Z,0,3.1511206634604605,-5.626308784485445,-2.7928177632929874,7.027427910198043,-0.19320216287788128,-0.059607153052865236,-0.01724675364733752,0.0012318868234117723
2026-05-04T23:14:56.100Z,0,12.38206901052763,-4.625884278084413,36.73379770771135,39.03954831151042,0.0790266421191177,-0.09002654590384296,-0.025997798834609398,0.0006300502482094422
2026-05-04T23:15:38.100Z,0,-3.7951921613057493,-8.229017715166265,-3.565486763818626,9.738219137025139,-0.014092041139335265,0.006020217446556231,0.029370790662675006,0.0013336656832388836
2026-05-04T23:16:39.100Z,0,-2.8096006954001496,-7.747999780349346,-3.5230638973189343,8.963109721992618,0.08338474983782262,-0.04472804139710185,0.12491771104805593,0.0016537569394659715
2026-05-04T23:17:39.100Z,0,-3.3771646458262694,-8.25370897632638,-6.6078672289222595,11.099228001351007,0.07934987139046612,-0.061484857871274556,0.058751127081535515,0.003872780487885112
2026-05-04T23:18:38.100Z,0,-3.0179872028384125,-7.307859643788106,-6.09150886793941,9.980958852634737,0.019995108976100795,0.005130212822557212,0.011643885760470596,0.002033304220232204
2026-05-04T23:19:38.100Z,0,-3.6950623652955983,-6.781306120728914,-2.473496796028485,8.109117398732275,-0.0170203894485077,-0.018725801893548777,-0.013569529290435867,0.001083687517915662
2026-05-04T23:20:38.100Z,0,-3.9985425928534823,-5.500152855574925,-0.45318708021113707,6.815086414068625,0.018425373726982386,0.010420297761992714,-0.02447540195049669,0.0059666309557555065
2026-05-04T23:21:38.100Z,0,-2.45469267883891,-5.941904944279486,0.0685918455474166,6.429343306720676,-0.011928916801018374,0.0012605230530482459,-0.01788814069403344,0.000719803876807775
2026-05-04T23:22:38.100Z,0,-0.9727330561872805,-5.4956534538632695,-0.864741146074266,5.647671531991974,-0.004577543405881457,-0.01037770032397134,-0.024414023124919026,0.0056936404961613635
2026-05-04T23:23:38.100Z,0,-0.8771777293077321,-5.436989034251383,-1.0781136795117163,5.611828546321916,0.03744674212319277,-0.02081922712227069,0.00096857567299935,0.00013307543883573259
2026-05-04T23:24:38.100Z,0,-4.087368650289136,-6.573235982386905,-0.11931522805497252,7.741333857104871,0.12861164569411,0.001780604193202251,-0.000323850210648402,0.0012320386812934951
2026-05-04T23:25:38.100Z,0,-3.4837309240174363,-5.716271681876606,0.2972969847405693,6.700785669540223,-0.03141543663032209,-0.044553362124943874,0.013621224473681082,0.004404942157301474
2026-05-04T23:26:38.100Z,0,-1.9022461974600446,-5.369117643112986,0.8730749426604234,5.762657782381308,-0.0020976678454243114,-0.017557115094213316,0.0020566049601100644,0.0031981784393558684
2026-05-04T23:27:39.100Z,0,1.2414307211656705,-6.101035346091521,-0.7446749432347133,6.270432465212718,0.03930385533057468,-0.03348157293325826,-0.0013968215775150838,0.006148845023231803
2026-05-04T23:28:38.100Z,0,1.1124615093649481,-4.855150425555621,-0.7206279922229442,5.032828326872151,0.0753754529396744,-0.0024861688381339064,0.03197456876069538,0.0025787913189122334
2026-05-04T23:29:38.100Z,0,1.691021680017002,-3.9164096317563235,-0.3551245126800495,4.280646229894204,0.017554840508804403,0.010741843864625622,0.017997214073695034,0.00339790249511989
2026-05-04T23:30:38.100Z,0,-0.3726674940480734,-2.248186590804835,0.19814771167148137,2.287462901083946,-0.018784420281914294,-0.017747215813268546,0.013452487483078812,0.004315225000969174
2026-05-04T23:31:38.100Z,0,-0.28076061607862357,-2.062020544826737,1.323800902810035,2.4664152288511896,0.03700541991014106,-0.013096762029429776,2.2905687124818996e-05,0.0020053977532268723
2026-05-04T23:32:39.100Z,0,-0.39815681248001056,-2.057658632793391,1.4736289945176395,2.562044166269676,0.030021099285626462,-0.0028589088227892745,-0.004074260337993962,0.0044229570529316165
2026-05-04T23:33:38.100Z,0,-0.535523948201444,-2.081869409948922,1.044763707795937,2.390083124978261,0.026860288094177065,-0.01109635354573646,-0.03343931745281026,0.001456162222782658
2026-05-04T23:34:38.100Z,0,0.7738616368442308,-1.7457735098105331,0.7039813281153329,2.0352338172481432,0.05458457086326973,0.010578769788438525,-0.06518061125326824,0.0021540480367969743
2026-05-04T23:35:38.100Z,0,0.4158084102527937,-1.7506628526007262,0.27295048948872136,1.8199502815256245,0.022024065612136212,-0.013033041121504607,0.006659055431512684,0.003854738129090274
2026-05-04T23:36:38.100Z,0,2.8656359509113827,-1.2770623311553209,0.8809743439996964,3.258661288872678,-0.0077646763436689525,0.02327394393517035,-0.024887657385619377,0.0032045844584735234
2026-05-04T23:37:38.100Z,0,3.443313697061967,-0.3269113960868708,-0.11275143151578959,3.460634791851761,0.07509774539293801,-0.005257498175093023,-0.03608736769145082,0.0002701102877742485
2026-05-04T23:38:38.100Z,0,2.0606904708984075,0.7854010004848533,1.308419591623533,2.564227325366923,0.03526033770473447,-0.007107761812452651,-0.02948513008682596,0.003882941594852135
2026-05-04T23:39:38.100Z,0,2.244515850179596,1.232933827168381,1.1935447100768215,2.8253364753310124,0.06081436962368514,0.004970565479101019,-0.08228231563656152,0.005701420210796478
2026-05-04T23:40:38.100Z,0,1.110136467104894,2.160149742849171,1.827046518883435,3.0392020119254255,-0.026635351785486705,0.008800558601640418,-0.0108879461810929,0.003974750046187635
2026-05-04T23:41:38.100Z,0,1.9840873765133438,2.214809227780279,1.4133070335446973,3.292327353737351,-0.013593218382013106,-0.01802897578584428,-0.025828632289393028,0.0020154500228419087
2026-05-04T23:42:38.100Z,0,2.129023211182357,2.039646999037359,1.5788349983267835,3.3444909427858933,0.013012751507446296,-0.013297606256346128,-0.016250516420512895,0.0028498342096439215
2026-05-04T23:43:38.100Z,0,0.24575522184022702,2.405802130169832,2.4575725228714873,3.4478895318389142,0.038650555019614785,0.005332221026277395,-0.03391844361111396,0.004022586709280566
2026-05-04T23:44:38.100Z,0,1.7147367279903847,3.019612896196122,0.6469449426731444,3.532268654567976,0.014118664441120643,-0.01598006752057124,0.0013321136669297573,0.0006721279871241524
2026-05-04T23:45:38.100Z,0,1.808568873002514,2.974369101366392,0.6369420316332253,3.5388540618705604,-0.05402151116040699,-0.043524930783744864,0.11133248085437586,0.005766891363014644
2026-05-04T23:46:38.100Z,0,1.557974941761131,3.1046980282098957,1.1890219257111312,3.6715403995254934,-0.030127669514712352,-0.042147300201911264,-0.02458959260120963,0.004729725680298895
2026-05-04T23:47:38.100Z,0,1.7519047560199397,3.1488665745200706,1.1543953014552244,3.7838022530672695,-0.09771500189081905,-0.028770333486694,0.0035786512585511687,0.0011748191814229248
2026-05-04T23:48:38.100Z,0,2.604049852550361,5.102474859654649,2.260567275698122,6.158448646853565,-0.014215874335476997,0.026735534690125462,-0.0651507032137233,9.461595237422094e-05
2026-05-04T23:49:38.100Z,0,1.087235580143897,5.723242150907026,4.798231129825581,7.547224913826073,0.03149282344772075,0.10332121116274351,0.12501387006896847,0.0035464845552729382
2026-05-04T23:50:38.100Z,1,1.1959906258880437,5.48396903855064,5.226836272413493,7.669688873195019,0.029619938538338886,0.01070379977452518,-0.050426875882858546,0.0035269454102662624
2026-05-04T23:51:38.100Z,1,1.3950470240615687,5.53211703731904,4.749456083118275,7.423463356103256,-0.004757144560940674,0.04323798585881278,-0.017743755709398457,0.0006267836858317665
2026-05-04T23:52:38.100Z,1,1.5459593389550719,7.008494665853959,6.897998858221399,9.954465129128211,0.017792938939109604,0.015256436187272016,-0.15573277226255122,0.0048023713710875745
2026-05-04T23:53:38.100Z,1,0.7915629344097397,7.360465037550057,5.558714221479022,9.257554819940374,0.04363924809513975,-0.03758015374799584,0.03308701367155109,0.0023296871001052145
2026-05-04T23:54:38.100Z,1,1.0197425176556862,7.106280976344692,4.423434863383591,8.432430261061791,-0.021595112004391126,0.047180430332804946,0.13236133906202596,0.0058898284950628195
2026-05-04T23:55:38.100Z,1,1.4809239978603728,7.665381222750511,4.766659993947542,9.147253832458944,0.01949132163403533,-0.0050800013702279045,-0.08191391947054427,0.0012927777623394988
2026-05-04T23:56:38.100Z,1,2.4144534199876944,5.325685546097247,7.222570505291515,9.292902482922456,-0.04585296050052534,-0.00028934685447623565,-0.06716411649732024,0.00035153016027835435
2026-05-04T23:57:38.100Z,1,3.8791154443060805,6.2463839392421505,5.508309563083458,9.187291395696173,0.03217953343881419,0.0313725019038813,-0.030908576953869726,0.0005468986697870162
2026-05-04T23:58:38.100Z,1,0.9117250574490754,6.205940263384946,4.641948718017375,7.803372670441036,-0.11311993626250683,0.006160969339141786,-0.10929168685791524,0.000991605497341969
2026-05-04T23:59:38.100Z,1,2.5172414107146324,7.464373402513047,5.048919107139227,9.356546305255822,0.04214752500608654,0.03150697990017548,0.018422561324449305,0.00455354620554754
2026-05-05T00:00:39.100Z,0,4.266042750714405,7.228626013102257,6.128271680609032,10.392683415729367,-0.04539513556611752,0.021606746884117456,-0.05811430309687893,0.0013533256538578193
2026-05-05T00:01:38.100Z,0,4.563654294543085,8.726311962391264,6.037527627995587,11.551069251107641,-0.10236271719410439,0.03421696714900335,-0.153954583085536,0.0014829541246542343
2026-05-05T00:02:38.100Z,0,1.3729063648497686,7.097593293110549,7.535297091635584,10.44228924615022,0.08276634088488777,-0.017953490007105444,-0.0005589222089597001,0.003661094998981325
2026-05-05T00:03:39.100Z,0,2.9348849984671688,7.9726649917120085,7.167177535393421,11.115096528962129,-0.03839214044720762,0.04952094844501431,-0.009428085394169727,0.0017916974245051477
2026-05-05T00:04:38.100Z,0,4.268295729161764,6.752731114829658,10.153361379252601,12.919306221251489,0.044842469606454216,-0.05984132787739682,0.03583298527054524,0.001041180204175324
2026-05-05T00:05:38.100Z,0,5.372196777898353,5.565330049194017,10.681088529508997,13.18783715975186,-0.07196292529521031,0.0295594979760061,-0.013222960390635308,0.0060367685380353035
2026-05-05T00:06:38.100Z,0,6.3527717466058675,4.738495187211811,10.928840916676563,13.50002256611918,0.022534113600869432,0.0001970585463695329,0.00490576074430038,0.0007144130502080696
2026-05-05T00:07:38.100Z,0,6.386081968230428,5.583266930443642,10.100484669692378,13.189947046301366,-0.027575440530780426,0.0020965009626117137,-0.003948169803535961,0.005612954675632877
2026-05-05T00:08:38.100Z,0,6.3342369849124225,5.776698985300754,9.290134655884685,12.641179188362011,0.0007167863009804876,0.0014293814496468826,0.009443082906734901,0.00019236923832463993
2026-05-05T00:09:38.100Z,0,5.501124114744016,5.749357650074671,9.135107760357641,12.114770889605659,0.012849677302639861,-0.004230670403782,0.028118571104407408,0.001191786376269707
2026-05-05T00:10:38.100Z,0,8.492381278301764,5.567022383274889,8.52297319192985,13.257199931444378,-0.01978131640123504,-0.04913568481512698,-0.021741363583238638,0.004472818166787032
2026-05-05T00:11:38.100Z,0,9.1758849175676,5.929746956098825,7.800921071634548,13.424348496283898,-0.12685920455764166,0.07960165055220791,0.0055954812721026315,0.003195715015389188
2026-05-05T00:12:39.100Z,0,7.580488158055232,4.491822096042597,8.414136404013561,12.18351172208811,0.023910382470959668,-0.011167484542662365,0.030418635200035737,0.006094887253749729
2026-05-05T00:13:38.100Z,0,10.079565803607693,4.856005585679668,7.6966589937796925,13.580021969935821,-0.03698742526725418,0.02762619849838721,-0.004463333245219303,0.002611360818870979
2026-05-05T00:14:38.100Z,0,6.267269304771617,4.5526446397161635,6.004978494274837,9.801275655279373,-0.016191093732409456,0.008246462229521967,0.00967555046749169,0.0034350216522487246
2026-05-05T00:15:39.100Z,0,11.35054837595817,0.7386378924820747,8.308874819704215,14.086090129652433,0.006120441926826814,-0.03610485882099557,-0.012632859410999231,0.004148302767782112
2026-05-05T00:16:39.100Z,0,10.633926793161663,1.1724420096470567,8.836252020046231,13.875675445544186,0.019333395626652816,0.018740881466916548,0.017777618093184344,0.001994665341543743
2026-05-05T00:17:38.100Z,0,12.350923226222221,-1.6682773953107244,8.794487225941339,15.253572026741331,0.012963966590895382,-0.007542124438597586,-0.0032087041130779426,0.004482838290026168
2026-05-05T00:18:38.100Z,0,12.271659299585735,-1.8834142533705744,8.855228345510113,15.249784925238595,0.004188520944747864,-0.04929364484762555,0.026881785255561397,0.0014705259634504998
2026-05-05T00:19:38.100Z,0,11.348826367793663,-2.2015731160536234,8.470213756027078,14.331339964722389,-0.013392636212028464,0.0010914674611409159,0.013724963174865934,0.0022205830752751532
2026-05-05T00:20:39.100Z,0,11.781268163758796,-2.6768544585138443,7.775474632580881,14.367387901089424,0.015211764233580283,-0.00713502222199347,0.013856380313370664,0.0038615084254391406
2026-05-05T00:21:38.100Z,0,12.480377250540187,-3.0869804090798425,7.1947297401493415,14.73273227869268,-0.01961489992652332,-0.03863735723708128,0.0399110662865354,0.0031604471374847595
2026-05-05T00:22:38.100Z,0,10.422572704555932,-2.4798211497909506,5.174034572974051,11.897485804952055,-0.005403893282185379,0.0013073299951482653,0.10384690980647093,0.00020281373773888714
2026-05-05T00:23:38.100Z,0,17.294814046181273,-7.812054989244643,-1.104136192225269,19.009416423918776,0.4366143837417624,-0.3892186112481877,-0.8343147661271644,0.003905484644477919
2026-05-05T00:24:38.100Z,0,8.80394153045927,-3.067837135404261,3.170553048221336,9.847508202215245,0.002055924300137235,-0.0494365519045914,-0.04153975496823392,0.005650185971222082
2026-05-05T00:25:39.100Z,0,8.839713455927267,-3.004136480285524,4.026636381240678,10.16755479561408,-0.05599040806725242,-0.036147359132820966,0.029800482541197937,0.004055611187900938
2026-05-05T00:26:38.100Z,0,9.824600180309062,-5.609937592453207,4.685316963332298,12.245258818866914,-0.0050793967192319656,0.035097170870468375,0.03611799929981174,0.0020789589931174287
2026-05-05T00:27:39.100Z,0,10.382366164321866,-6.2961097710285685,5.481616012730228,13.322261051710306,-0.029345255319057628,-0.01279022856559564,-0.02294545682524074,0.002949655435878933
2026-05-05T00:28:39.100Z,0,11.093455017089582,-7.694279624502087,4.418621004333545,14.205312201291303,-0.032401497188416784,0.006668071320437008,-0.0003732824072066876,0.003879148921479476
2026-05-05T00:29:38.100Z,0,12.203237179619464,-8.128499146096146,3.9902500075186254,15.195841245309026,-0.030374575597846842,-0.0026064733429365106,-0.012807400627146137,0.0007363244409042133
2026-05-05T00:30:38.100Z,0,11.579504093788273,-8.939188143358479,4.043591357003606,15.177108775483374,-0.0031157053035357762,0.013548119900619326,0.044119633014982895,0.005779956598915996
2026-05-05T00:31:38.100Z,0,11.671904006561817,-9.444872752965239,3.9124572276705294,15.516000967274085,0.04875428225137313,-0.009693941760868796,0.004380905828771375,0.004685357563882663
2026-05-05T00:32:39.100Z,0,11.450990720959453,-9.691202297972268,2.4193125746023725,15.195317166987717,0.03776563903556962,-0.013581145164032193,0.01463645865396046,0.0011184134762009293
2026-05-05T00:33:38.100Z,0,10.988856873836994,-9.450087871755386,1.3676440858034766,14.55780156902154,0.07645041237935857,0.021947853349857382,-0.006271641087796098,3.993768301787793e-05
2026-05-05T00:34:38.100Z,0,9.942458469140547,-10.424044007322664,-2.91600077162002,14.697490751052461,-0.01668623982897799,-0.04568916475911067,0.05913632046627981,0.003602008059073246
2026-05-05T00:35:38.100Z,0,10.935977873174352,-8.658805916866186,-1.2195731405881816,14.0020673685624,-0.6207393487125401,-0.5034279991931179,-0.3189578114113356,0.0034873502134339656
2026-05-05T00:36:38.100Z,0,8.233819483393745,-10.20773478535375,-2.409914273812319,13.334216120205934,-0.07304522544160363,-0.22532584657097843,-0.14640830476220223,0.0007159168041702634
2026-05-05T00:37:38.100Z,0,10.390529411779426,-15.50323916421803,-5.2581275967895635,19.38972490429189,0.10519191415170326,0.11009792395677565,0.262238395704939,0.004805329868546856
2026-05-05T00:38:38.100Z,0,9.191056230065442,-13.510754003505099,-2.4247018791356822,16.519538963607246,-0.009735588833770237,-0.010018998182204086,-0.0948904004514084,0.002243840855491661
2026-05-05T00:39:38.100Z,0,8.39898534650274,-12.324021334222834,-2.407691447842808,15.10699953019006,-0.06890945975523977,0.014162200854261897,0.1279679776156062,0.0059722157265035235
2026-05-05T00:40:38.100Z,0,7.917831685972487,-12.631428677547518,-1.9604825301939854,15.036240913025955,-0.029039219373139247,0.004379263616627327,0.01632237262838565,0.0013368223932712048
2026-05-05T00:41:38.100Z,0,7.880932611442404,-12.392561148772074,-0.509005688400066,14.695024921481933,0.009440998833376568,-0.0245188190639567,-0.002271488693583734,0.00044009368417494604
2026-05-05T00:42:38.100Z,0,7.5136992986699624,-11.732191002920445,-2.5323842419311404,14.160259631398786,0.0006439220667786572,0.015489926781242502,0.047439084326583725,0.0005554096722396418
2026-05-05T00:43:38.100Z,0,8.043029276450397,-11.488293223465007,-1.4346978741741623,14.09714719793725,-0.05191341664634308,-0.002393430627023463,0.010578654057624703,0.001072540980229689
2026-05-05T00:44:38.100Z,0,7.829430398487602,-10.405025749264496,-3.8973061136857723,13.592407297877422,-0.017560782748837767,-0.011980706768000005,-0.033017824766723436,0.004633491370393936
2026-05-05T00:45:38.100Z,0,6.739615516835329,-10.028933977991983,-2.2411790687328903,12.289215502537827,0.038497049399843775,0.007721997218546051,0.06504046419619769,0.001370095639290707
2026-05-05T00:46:38.100Z,0,4.934954159125482,-9.795212849212476,-2.774173120087653,11.31353188947925,-0.02800811281922222,-0.0405434974579677,-0.02882599567133326,0.001543855839787502
2026-05-05T00:47:38.100Z,0,3.81144517177745,-9.913663099041514,-4.093845058378065,11.382767576506582,0.014153814923645314,-0.027469583522066188,0.01905525269751962,0.0036471734756238377
2026-05-05T00:48:38.100Z,0,2.810290304296359,-10.15046934617203,-4.792362968146335,11.571365622106171,0.009501899236319389,-0.03535502036955407,-0.04334779859860305,0.002006590595158897
2026-05-05T00:49:38.100Z,0,2.165615849662572,-9.897163125060615,-5.137282923897146,11.359375236892852,-0.001961220028157129,-0.03232592573265691,-0.002312994046071992,0.001044590474377383
2026-05-05T00:50:39.100Z,1,1.9920916547562229,-10.205566171862301,-5.373580856030458,11.704588043391642,0.007897637170017902,-0.0435269428096241,0.010278166361565866,0.006065789883524006
2026-05-05T00:51:38.100Z,1,2.8928472247571335,-8.871735117736534,-6.270061777740921,11.242327328527326,0.0196482207330817,-0.015420757397244245,0.009849011202156532,0.0007043490183147042
2026-05-05T00:52:38.100Z,1,3.001164220222563,-8.44489962037187,-4.8828271842467075,10.206141170203345,-0.009652653526259769,0.0027764711489908223,0.05034579884455326,0.005677831046006418
2026-05-05T00:53:38.100Z,1,1.0560102427916718,-6.493053199847054,-4.6647000999655575,8.06438618318491,-0.001096994065807877,-0.0173508165990377,0.03372411271218567,0.00015596796134072902
2026-05-05T00:54:38.100Z,1,0.8708505411050282,-5.9877288563257025,-4.238819296915608,7.38775111611934,0.04828765370490373,-0.042483882614074986,0.024047254357562053,0.0012456411784999523
2026-05-05T00:55:38.100Z,1,1.1917818628717214,-5.948832345438859,-3.716015869486,7.11461342766291,0.07496888736180374,-0.035925056418140144,0.050110657994650865,0.0044052763504348474
2026-05-05T00:56:38.100Z,1,-1.1973883556493092,-4.206544202588702,-4.379687485652539,6.189540812900311,-0.0321431216645518,0.035698363570091374,-0.030190752235981222,0.0031827223276771604
2026-05-05T00:57:38.100Z,1,-2.893115335609764,-3.4981606027031376,-3.355805130013323,5.64523445200184,0.012384974394819004,0.036918731925794646,-0.008955995214776635,0.006118796056027065
2026-05-05T00:58:39.100Z,1,-2.6943150696752127,-4.189783609035658,-2.8294514675053506,5.728823264178342,0.05392068718673704,-0.03030606996223817,-0.014543464126326455,0.0026358272828120133
2026-05-05T00:59:38.100Z,1,-2.577496505182353,-4.0059610746538965,-2.1894264341426606,5.242594822832687,0.06860632179811477,0.005335199048550621,-0.0008449189641268617,0.003349559021389447
2026-05-05T01:00:38.100Z,0,-0.45669308474316495,-4.752915882363595,-0.9128909285891496,4.861290755136613,-0.04253035487455925,0.10396937520296134,-0.05271711962251402,0.004266952737275271
2026-05-05T01:01:38.100Z,0,1.2984027625861927,-4.830083429169463,-0.6498097158100791,5.043590817402822,0.013508424560715326,-0.028821638214049372,0.029360046469584233,0.0019956171486739957
2026-05-05T01:02:38.100Z,0,3.5641429940369562,-4.470580795441492,0.026161321557083284,5.717507529095053,0.07625277820766385,-0.006476461593019067,-0.023911257862607727,0.004609450336414166
2026-05-05T01:03:38.100Z,0,2.479529774063849,-3.29611511733674,1.4705678149766754,4.378928232530215,0.024086104874587733,0.029970178946792103,-0.015108843241407044,0.0015113730248232846
2026-05-05T01:04:39.100Z,0,3.117010393907549,-2.782167626719456,2.1573422059191216,4.702162895129585,0.030533879424865518,0.02727541658431587,0.0011829902799576075,0.0019101042074302337
2026-05-05T01:05:38.100Z,0,4.000081829872215,-2.978458596771816,2.1240569396923092,5.420653848145336,0.01492337579866998,0.010409197488882305,0.002388209716208678,0.0037698012433416647
2026-05-05T01:06:38.100Z,0,4.625052279152442,-3.442994512624864,2.200042142703751,6.171345495799974,0.012742966213785678,0.010867628095434512,-0.002491739079957256,0.0031741809913512914
2026-05-05T01:07:38.100Z,0,4.399001562887861,-2.9834047290933086,2.5607424659028766,5.899942415358348,-0.015636310775946072,0.027806891083725915,0.008071367220807701,0.0003122760391774703
2026-05-05T01:08:38.100Z,0,5.585726855315443,-3.031893031220534,2.5882156878651585,6.862330529919635,0.04281907122072326,-0.013789953835829927,-0.004822322287267866,0.003944011239742203
2026-05-05T01:09:38.100Z,0,5.170223627828818,-2.983443622724735,2.487473711880739,6.466813255308523,-0.017389215676733016,-0.05706531344218391,-0.02104509616618344,0.00572936812193842
2026-05-05T01:10:39.100Z,0,4.878203527368896,-3.2552269435655035,1.9887278258465813,6.192609342905914,0.003054285718562255,-0.036875375591272075,-0.04058839604947906,0.003969027166109165
2026-05-05T01:11:38.100Z,0,6.417701062673586,-4.544282243841735,0.45502072953240713,7.876828797545441,0.005590385047327118,0.014768913590534893,-0.01332029196010609,0.0020210523293002595
2026-05-05T01:12:38.100Z,0,5.1889616174776165,-3.7640346222360677,1.558542456223222,6.597145889920736,0.018567665242663622,-0.002342690319068197,-0.03595060745364975,0.0029410887647262985
2026-05-05T01:13:39.100Z,0,7.735969403711351,-4.241468072905263,2.0862889159616316,9.065752890383523,-0.007809404602099335,0.09197642007308104,0.11275410791711238,0.003907865359951683
2026-05-05T01:14:38.100Z,0,7.318496205698466,-2.6690774270718975,1.5913596034806687,7.95089846571554,0.03916279667848244,0.014396684114625913,-0.02045940804773494,0.000625593310354298
2026-05-05T01:15:39.100Z,0,7.081155307332665,-0.5323886753103579,2.4498017610312672,7.51183911279496,0.015086139229403273,0.005673457275090499,-0.06903691004200851,0.0054408867154751165
2026-05-05T01:16:38.100Z,0,9.397402618105843,-2.277946320191404,-0.024279406716232188,9.669581422897613,0.013872381855684068,-0.01453656248262547,0.038537662604198886,0.004679283676378287
2026-05-05T01:17:38.100Z,0,8.390612367747963,-1.2852685831603594,3.611580880715337,9.22484729925719,0.024305445079697563,0.002848153262124953,-0.036327689016957265,0.0012575632043176869
2026-05-05T01:18:39.100Z,0,8.169772316705348,-1.6171266729543277,3.6875101177429315,9.108128745886384,0.01396896419780802,-0.004464695513295425,-0.035302028224659665,0.0001976397450081627
2026-05-05T01:19:38.100Z,0,8.188724741103215,-0.756017886033078,4.008687512396136,9.148571008720355,0.018001953467461362,-0.023286583874515543,-0.017659807644232473,0.003559022829416135
2026-05-05T01:20:38.100Z,0,7.626074552263162,-1.089358124318096,3.418188009163714,8.427794697646842,0.013096764400977179,0.024011252389932736,0.010123692756991431,0.003451892891956832
2026-05-05T01:21:39.100Z,0,8.067295749242476,-1.2913673456296237,3.4847767783503514,8.882148361856723,0.043728891856886776,-0.00048077713010741263,-0.043401366055295654,0.0005838624200233059
2026-05-05T01:22:38.100Z,0,8.741231195358523,-0.8229161001054308,3.6135982891210006,9.494440811004086,-0.0034497804861644,0.0015519491673998687,-0.060169895533590534,0.004834186989175146
2026-05-05T01:23:38.100Z,0,8.835651619527596,-1.5137407542624715,1.9554713207980967,9.175184940873923,-0.06317384900533796,0.011977378437499908,-0.07951093685720778,0.002275844885087608
2026-05-05T01:24:38.100Z,0,7.142435838659367,-0.8766085487650344,-0.9537689211356337,7.2589604911487084,0.04424719088813589,-0.0366060573444571,-0.11675181375470078,0.005881487500632592
2026-05-05T01:25:38.100Z,0,8.421722061370929,-1.3252670415795365,-1.3036823738730163,8.624460733427105,-0.04045555601450701,0.0019994603102091446,-0.17858545942766452,0.0013443085017758136
2026-05-05T01:26:38.100Z,0,8.869683840316611,-0.9631205247728758,0.5513456462722388,8.938840785810862,0.007221462897888387,0.03869017020452503,-0.04291556334223845,0.0003449447773322489
2026-05-05T01:27:38.100Z,0,9.644073890285654,-1.1720669271113593,1.4235862954592449,9.818783021512244,0.0029248742130505434,-0.014722081742135629,-0.050656654789316136,0.00048666255850500744
2026-05-05T01:28:38.100Z,0,10.233088278482683,-0.6287227679990792,3.6109240436417167,10.86968999020533,-0.00836787767788394,0.0441444735876928,0.01711323032238532,0.0010461520003718222
2026-05-05T01:29:38.100Z,0,10.931561186907857,-0.278499411251687,3.6685275090349023,11.53406632500974,-0.007411274624224973,0.025117665251706,-0.010494181353903898,0.004537304476569828
2026-05-05T01:30:38.100Z,0,10.975432187478873,-0.19457405232969904,3.081677453337761,11.401522121637864,-0.022779034436481993,-0.02273276453657047,0.0054314712274461385,0.0013365364491189338
2026-05-05T01:31:38.100Z,0,10.019383608778298,0.9038332211730449,4.3324618845872465,10.953318600905963,0.015644095316069695,0.006382217917710875,-0.0746108086251418,0.0014968180154065359
2026-05-05T01:32:38.100Z,0,8.077540595877508,0.4401085952849826,3.4035401895380346,8.776357073153616,0.01589059309115015,0.05701738915941945,0.11138440307689734,0.0036829964699150314
2026-05-05T01:33:38.100Z,0,9.4973670957188,0.8176820347216562,5.724491246837715,11.119279909053029,-0.01071065340685351,0.06602299347058249,-0.0707746091754835,0.001988401008765474
2026-05-05T01:34:38.100Z,0,8.80587156598267,1.8147504183616547,5.598950426247029,10.591739186417765,-0.025065731222184695,0.02776222682943086,0.14410860761771005,0.0010793830432699136
2026-05-05T01:35:38.100Z,0,8.511164593073772,0.5820623850922857,3.5586073572630994,9.243506135320029,-0.05538717467379328,0.05716087586460361,0.0015203792917972692,0.006011722949224869
2026-05-05T01:36:38.100Z,0,6.230708977454924,2.788286984923616,1.1489118833196699,6.922158419717435,0.02057939669652953,-0.06191492678020438,0.11598213919494782,0.0006625636764315703
2026-05-05T01:37:38.100Z,0,7.354489168847067,0.22883411656948738,4.274406907825323,8.5094906076251,0.02633683164177114,0.03058945083989073,0.009331822583114047,0.005681186772605854
2026-05-05T01:38:38.100Z,0,7.697684161939833,0.26571899570626556,2.883613707126642,8.224364781160132,0.008910796613026406,-0.02274097147481058,0.048574124994260615,0.00019785129675800066
2026-05-05T01:39:38.100Z,0,7.4899678365909494,-0.20258585618648794,3.155383948069357,8.13001273566207,0.003105961667415613,0.025110357662505578,-0.04600688268929787,0.0012757786360102033
2026-05-05T01:40:38.100Z,0,9.568957909323217,-1.6651456776344276,4.726158838366246,10.80158520605246,-0.03567702725337796,0.025076434495563404,-0.05652673452782864,0.004414987615489979
2026-05-05T01:41:38.100Z,0,9.95882806728332,-0.750536951727554,5.061298789769353,11.196352425184696,-0.1239338808771695,0.06585435708039711,-0.09076310838374013,0.0031421069411954328
2026-05-05T01:42:38.100Z,0,11.356777252331085,-1.840146036556689,5.563223401622963,12.779357636880087,0.08782961413245083,-0.002497228829501097,0.05601531532217763,0.006119604122086284
2026-05-05T01:43:38.100Z,0,10.627970990753965,-2.2416036563299713,5.412153395809582,12.135483456053695,-0.04931807872621263,0.04373288624126559,0.023405229024220375,0.0026125201830637735
2026-05-05T01:44:38.100Z,0,10.463119675478083,-1.2649088339458103,6.6679702117653505,12.471515322789,-0.11302313795058527,0.07655447310739305,-0.01318229295943496,0.003330977821261883
2026-05-05T01:45:38.100Z,0,9.533132284559542,-1.6614981486782199,7.052410153846722,11.974041766715738,-0.024356651343537816,0.01330452916592506,0.004811254700420875,0.004279132100168019
2026-05-05T01:46:38.100Z,0,9.069269106475986,-1.491427870860207,7.3182934654596465,11.748762422751074,0.004217098374302564,0.03453477201675881,-0.015527340591958705,0.0019827416552369325
2026-05-05T01:47:38.100Z,0,8.961809645370522,-1.1002591854776256,8.261420381813878,12.238287017394788,0.05745061278727981,-0.03353138342965245,0.011940241170904642,0.0045945547238547615
2026-05-05T01:48:38.100Z,0,9.382412844388455,-3.2406444934167666,7.610535255309969,12.508065173621931,-0.030593547606594385,-0.023099952928706813,0.02475761598130788,0.0014915376256484083
2026-05-05T01:49:39.100Z,0,10.558820888945775,-4.363900299722445,8.610197856512514,14.306216534047287,-0.001641459673518142,0.011931797150754875,0.02756897270028702,0.0019163328132361635
2026-05-05T01:50:38.100Z,1,10.132679835805902,-4.290995785595442,9.291001678491284,14.401616495264454,-0.03777930070691937,-0.030749846260835767,0.01421131562295841,0.0037863025970428874
2026-05-05T01:51:38.100Z,1,10.124707675458922,-5.26671537772927,8.503126598611743,14.232046877927479,-0.010472076895196025,-0.03606228081415308,0.025451812855514788,0.003163434816959837
2026-05-05T01:52:38.100Z,1,10.964725295707467,-6.2105387178235105,7.495626488434937,14.662210216404604,-0.0038157987836129337,-0.03220054503555447,0.016448678187508392,0.00028326465841183366
2026-05-05T01:53:38.100Z,1,10.165159178541217,-6.945658330550941,7.219669389996852,14.272219759753208,-0.030608936860243574,0.036693359217299104,0.04057607731233759,0.003960341261471182
2026-05-05T01:54:38.100Z,1,9.317559000010078,-6.869576529425103,6.721412004935701,13.386013848505865,-0.03992780913630867,-0.026647130431323163,0.016099936910762835,0.005672997192102425
2026-05-05T01:55:38.100Z,1,9.160958114080131,-7.915025365946349,6.544468813444837,13.762298215111342,-0.029985158331857775,0.02384098829510961,-0.025338401562713386,0.003954519378388958
2026-05-05T01:56:38.100Z,1,8.688497152888885,-7.501050699829648,6.544378095441061,13.213047681487488,-0.007224497393210072,-0.026680792803102094,0.0073114243575034266,0.002077686552079665
2026-05-05T01:57:38.100Z,1,8.885369992185588,-8.514601483511797,5.389488261698716,13.434836137595488,0.07503040391743099,-0.0159889309998551,-0.01635272840072588,0.0028403362501155513
2026-05-05T01:58:38.100Z,1,8.165272362020914,-8.764888229052303,6.133231293006247,13.457765955286684,0.05111769242249764,-0.0035268248526065804,-0.009219969538065698,0.004070010206557564
2026-05-05T01:59:38.100Z,1,3.6450976085689035,-9.985088510802598,7.061847139084421,12.761599200740932,-0.2062627574459519,0.052472087214372465,0.1538563669685189,0.0007025350876414157
2026-05-05T02:00:38.100Z,0,5.638529748466681,-10.345995729949209,2.6747864267235855,12.082513306305758,-0.1521255569132407,0.3166251702335643,0.2707327818667338,0.005754344070177941
2026-05-05T02:01:38.100Z,0,8.584205446823034,-7.960645677485445,0.538481092917209,11.719659749462153,-0.06545074463026879,0.057501769287426896,0.05096244816282791,0.0046899482697195126
2026-05-05T02:02:38.100Z,0,8.679916330038395,-8.657856106310646,1.3312248493093648,12.33173059442455,0.0031370627313620503,-0.045175810468922606,0.054093703762525536,0.0011823054551545955
2026-05-05T02:03:38.100Z,0,7.838957405510882,-7.432518030327628,2.929039966147684,11.192446229482169,-0.018630873896086086,-0.05304748489365352,-0.07960194473355386,3.92763516096909e-05
2026-05-05T02:04:39.100Z,0,6.975391923560892,-9.463681411034486,3.583109367355064,12.290485388106761,0.00772024953654693,-0.14819986639391658,-0.11830375969346107,0.0037566128477666966
2026-05-05T02:05:38.100Z,0,6.852225157217617,-9.731215489409806,7.893253371548781,14.281211198424367,-0.0018505473509122794,-0.008303647201834963,0.07745591327434909,0.0035176434866468274
2026-05-05T02:06:39.100Z,0,5.944203095623379,-9.901327505758672,6.18783764912223,13.101876643832604,-0.004288177356315259,-0.03704328030718074,0.009479241524168458,0.0006213593425430153
2026-05-05T02:07:38.100Z,0,5.9040624045110235,-10.767611369374208,6.166972767459811,13.741577805799016,-0.02958184731216562,0.011543565034521919,0.1132179753935425,0.004762622529555717
2026-05-05T02:08:38.100Z,0,5.199824993496804,-11.35893866785409,5.726513793888444,13.742511701092326,-0.013221105565897062,-0.009908058523855345,0.014461252030528726,0.002299413027179678
2026-05-05T02:09:38.100Z,0,4.472986089865572,-12.444118592384257,5.288883347020601,14.24204968253679,-0.020060160892398926,-0.01290535408404736,-0.0019957680619242524,0.005975898629818631
2026-05-05T02:10:38.100Z,0,4.389573368911215,-12.547073559744604,4.382348194667429,13.996513314893875,0.006439732546326127,0.009672374123859129,0.05311412550823569,0.0012659060043845407
2026-05-05T02:11:38.100Z,0,3.783254832427474,-12.668551390561333,4.660351250095118,14.01870483449318,0.02775697971202362,-0.025105027592786655,-0.04691727052796857,0.0003989126096971908
2026-05-05T02:12:39.100Z,0,3.407877029133033,-12.750668244962071,4.5693962265431765,13.96683745211935,0.01003158605161758,-0.04138892306126962,-0.07272729198015693,0.00042198164186998943
2026-05-05T02:13:38.100Z,0,3.2278444556368413,-12.737796967940085,3.8067496052462957,13.680708826054735,0.015782205751158074,0.008499355772073613,-0.03763600111529597,0.0010039537400135996
2026-05-05T02:14:38.100Z,0,3.263508428744899,-12.599767621651381,2.6758525309560355,13.28776949497271,0.023952453807041252,-0.02390743250568761,-0.08982765011195104,0.004596320978111466
2026-05-05T02:15:38.100Z,0,3.104923328237419,-12.97406286185776,1.3805735698042554,13.411668031953065,0.01995779996377678,0.02141023664670172,0.003942869896134127,0.0013999378397573194
2026-05-05T02:16:38.100Z,0,2.4306293782956345,-11.293796101597309,-2.3216779709400726,11.7833771967054,0.0233783833474277,0.044515723331528534,-0.05804244594709296,0.001503630823003266
2026-05-05T02:17:38.100Z,0,1.7362657297326223,-10.698558884541853,-1.2217019548188546,10.907169044104046,-0.008506773085947827,0.06793982749275784,-0.05535308644177839,0.003649764176596698
2026-05-05T02:18:38.100Z,0,1.576880637458089,-10.027662469155985,-1.7885733795992564,10.307257728140925,0.0012850943287290306,0.0228108324815679,0.01841370050659208,0.001988021551680258
2026-05-05T02:19:38.100Z,0,0.14300858128990512,-9.579469558275377,-1.7797711534512928,9.74444835949704,-0.000136190609900666,0.012670182810481379,0.000594950532395444,0.0010407024035024785
2026-05-05T02:20:38.100Z,0,-0.5218835735831817,-9.773416643156452,-1.314325915700465,9.875195590862257,-0.01758343105695559,0.026613181754342463,-0.07663276551461706,0.006042336910772211
2026-05-05T02:21:38.100Z,0,-1.617933381567127,-8.993766042749485,-1.9161088412147365,9.33686291804074,-0.0433374640680384,-0.021811328673848607,-0.030073501607663644,0.0007010681055570792
2026-05-05T02:22:38.100Z,0,-3.0874528201820794,-8.676272692810016,-3.6107179412283585,9.891782286724643,0.013354300625767479,0.0064257817014024,-0.034854311526721915,0.005647607412967744
2026-05-05T02:23:38.100Z,0,-2.554090028752398,-8.589556480728788,-2.4162582549251965,9.281280103794762,0.02589148177278844,0.02210305002314783,0.02403590407595857,0.00017864114187064392
2026-05-05T02:24:38.100Z,0,-3.0417855768973823,-7.938597044812923,-2.3628451745025814,8.823651163458557,-0.009138534673436283,-0.008291016794004236,0.017701701328753927,0.0012303520413703287
2026-05-05T02:25:38.100Z,0,-3.342629548114928,-7.299137287191115,-4.403775023092749,9.156626665274183,0.03461825657735673,-0.017044414009070863,-0.03567472791488058,0.004432613574316097
2026-05-05T02:26:38.100Z,0,-2.987021333865414,-7.579052063647396,-2.7811180225398857,8.608074354217738,0.05998310426291731,0.035647707776753634,-0.04044043584094936,0.0031833191166201614
2026-05-05T02:27:38.100Z,0,-2.080991106140573,-7.126402720132319,-1.4036842112545855,7.555558819721469,0.019024582851745464,0.034425919249514436,-0.017864603518269462,0.0060980363749219
2026-05-05T02:28:39.100Z,0,-1.7661381402831466,-5.71299505281786,-2.127204170847108,6.346853865385076,0.008231158206140066,-0.006045789605835239,0.02827330119981042,0.0026429577779221868
2026-05-05T02:29:38.100Z,0,-2.296328645570611,-4.248360361998493,-2.468699051405565,5.423667211424283,-0.006525684551617061,-0.02743552701023333,0.020340380886274545,0.003365965895472292
2026-05-05T02:30:38.100Z,0,-2.8017338158861094,-4.503206985646102,-1.5508687406509125,5.525737903789841,0.012546767383270208,-0.021201009662519255,0.019099208867778827,0.004274865237923179
2026-05-05T02:31:38.100Z,0,-3.3753802972569247,-3.9944013269632705,-0.4720232241197664,5.250832318410539,0.015216408148110983,-0.0037658017508768182,0.015328072747067267,0.002011280581250644
2026-05-05T02:32:38.100Z,0,-4.580153592996794,-1.397003409692843,1.2357383893686347,4.945348807626643,0.0160800563826502,-0.02273194667390399,-0.022801931798710484,0.004606179146861287
2026-05-05T02:33:38.100Z,0,-4.6571337115892675,-1.8664500958038843,1.6245355832325004,5.273674831551157,-0.025448120387988604,-0.013273232775112831,0.0030921386908744353,0.001537891887679554
2026-05-05T02:34:38.100Z,0,-4.576170221298526,-2.3925847908685682,2.416103391624347,5.7011710617042235,-0.011237679671483036,-0.016893392006611663,0.012274940638157261,0.002134741100756444
2026-05-05T02:35:39.100Z,0,-4.009084237168281,-2.548022810515249,3.087220002498725,5.6653423557138565,-0.02748361683846401,-0.032690380394884144,-0.020847368513265963,0.003707349056780381
2026-05-05T02:36:38.100Z,0,-2.9987290504323028,-2.912665973781259,3.763009436397624,5.624610120812581,0.02520171850428632,-0.01684335863960662,-0.021610292228579908,0.0031074024712067546
2026-05-05T02:37:38.100Z,0,-2.902937513681536,-3.5803481623588596,3.925729363501773,6.0545264230578795,0.025266526466838357,-0.054246453703221675,-0.009648313370469452,0.0003119425830601766
2026-05-05T02:38:38.100Z,0,-4.449777308309422,-2.0764403207067517,4.979530859031911,6.993414764980931,0.020906474751614113,-0.05166858457067436,-0.0049464346378869095,0.004034775969743522
2026-05-05T02:39:38.100Z,0,-4.853965177517239,-1.7216304850080633,3.54659915387856,6.2532675482303794,0.009319816126396319,-0.028144734477812683,-0.01014544104727122,0.005646406718597383
2026-05-05T02:40:38.100Z,0,-3.646622081305395,-3.971339267991425,5.287507356342758,7.55163043512681,-0.058882319250663784,0.017331279428933755,-0.029197191387275723,0.0038852299489193663
2026-05-05T02:41:38.100Z,0,-2.5280260883846495,-4.59770313318586,7.093883938750878,8.82343353468071,0.013236183192155693,0.11670020636267431,-0.026478934730178594,0.002150817156765221
2026-05-05T02:42:39.100Z,0,-0.5857862470293185,-5.1193020926803,7.018943424554891,8.707236429570058,-0.0031413921566247893,0.07126668311041584,0.004190197810061136,0.002991847612511039
2026-05-05T02:43:38.100Z,0,-0.00452910262538353,-4.578584478622361,7.397326951377181,8.699649554219032,0.001374604098547394,0.05865371372681949,-0.01710101154994703,0.004144599217429161
2026-05-05T02:44:38.100Z,0,0.24481042009938392,-7.231178169604391,7.424173331401107,10.366687972396958,0.011427321761292575,-0.03059727541510071,-0.01734404941178269,0.0007392802809572189
2026-05-05T02:45:38.100Z,0,1.266181432583835,-5.229993639659369,7.91694730423842,9.572570371075132,0.009561913000943889,-0.05195816360403782,-0.031641824068451285,0.0057074630016902645
2026-05-05T02:46:38.100Z,0,1.7908957570398343,-4.788453696164652,7.9917489101717365,9.487077898706605,0.047961110263727846,-0.06386077405906576,-0.04528095726463732,0.004645183247311797
2026-05-05T02:47:39.100Z,0,2.2817238268544315,-4.281350011297036,7.828042841538263,9.209477524280452,0.02571638724280234,-0.022031134900402094,-0.01310642457053035,0.0011636866032442939
2026-05-05T02:48:38.100Z,0,2.6889909656802047,-4.58738238830847,8.365110606064263,9.91210497531989,0.0486278361799819,-0.05534932862572006,0.0034213084605383415,2.2900304373999808e-05
2026-05-05T02:49:38.100Z,0,3.263442447405396,-4.301188477256801,8.033711224925355,9.67940054806627,0.02086330886585941,-0.026607728368155392,-0.012780674985890528,0.003588143719111159
2026-05-05T02:50:39.100Z,1,2.854037677479937,-4.433475870428083,7.683273392103729,9.31847248082819,-0.03335728338038635,0.021513281348362057,0.05255593927522284,0.0031826339870077032
2026-05-05T02:51:38.100Z,1,3.4874929681336653,-4.197788588498952,7.878319815063151,9.583942787023014,0.03986535116817791,0.028236356187427702,0.039803797236892535,0.0007311017957744801
2026-05-05T02:52:38.100Z,1,5.128390386516912,-7.207975642359088,4.656852959669777,9.99707858853506,-0.015986939054357663,0.021712113619010154,0.004506927151481932,0.004831118974176962
2026-05-05T02:53:38.100Z,1,5.665584695066173,-6.513281162369822,5.457600647787331,10.213084072295613,-0.00540397731096931,0.05121772827987314,0.045527113680332576,0.002206134641145095
2026-05-05T02:54:38.100Z,1,6.016655077814903,-6.259369586587127,6.033433503944252,10.57270853629309,0.08423907286081445,-0.003971548781400713,0.012434541778461039,0.005948319259069215
2026-05-05T02:55:38.100Z,1,7.720932520214774,-5.803677763651649,4.175690199190285,10.522920849537378,0.05404288253840761,0.03247865452138399,-0.012351201975402404,0.0013622888050001533
2026-05-05T02:56:38.100Z,1,7.596998820361023,-4.689089523253642,7.650258095964091,11.757057479170456,-0.039944113499945644,0.005587243507854112,-0.044383890469568144,0.00042204511462007175
2026-05-05T02:57:38.100Z,1,8.576575427923672,-4.435622560777119,8.633526478661224,12.95261259477344,0.04166786719217441,-0.050602483789852215,-0.1381413404213383,0.0005175068627794942
2026-05-05T02:58:38.100Z,1,9.371597504667761,-4.113746609164082,9.044952769727388,13.658730598430557,0.014198056990988306,-0.03300038864484378,-0.07950913547927208,0.0010887624049642137
2026-05-05T02:59:38.100Z,1,9.413509536784659,-3.4553991526991013,7.856119193093036,12.738624489311794,0.01943615256383424,-0.013226075689765082,0.002695708623878801,0.004588569568549706
2026-05-05T03:00:38.100Z,0,8.997845380463332,-3.2379464614678,7.351856229433906,12.062143623598722,-0.003959100820516426,0.0071031486603700955,0.05410661211957546,0.001321650938555346
2026-05-05T03:01:39.100Z,0,9.448971559208985,-2.3198003392508326,7.488383928830444,12.277639472076652,-0.008986794876264526,0.04369605455689651,-0.059567130054866135,0.0016933870205046114
2026-05-05T03:02:38.100Z,0,9.172548405103953,-1.6166201588134754,8.282478196633747,12.463889844650048,-0.02409477596110321,0.015959205780902153,-0.018319472507133394,0.003687415903626004
2026-05-05T03:03:39.100Z,0,8.756569457091246,-1.746624617226189,7.451429553839262,11.629789706017602,0.064589427038797,0.04522912472015861,-0.0390858128480609,0.0018573512889721632
2026-05-05T03:04:38.100Z,0,8.4321398423981,-0.8711020957434812,9.191807263050578,12.503964249150567,-0.032356110608589006,0.044138042004426836,-0.10318370857476111,0.0010345202461786909
2026-05-05T03:05:38.100Z,0,9.343051003497749,-1.2254749417479616,4.942194103932707,10.640473365774648,0.02051727498031397,0.021230239473091217,0.011607157990756178,0.0059669871306244114
2026-05-05T03:06:38.100Z,0,9.380424548453448,-1.4756664577362244,6.108175224653678,11.290693547288797,0.028439481650099907,-0.035633726218620154,-0.03815077125812749,0.0007441852862340198
2026-05-05T03:07:38.100Z,0,10.024509376989954,-1.460030081716468,8.659222213282192,13.326837788007936,-0.016130173210449072,-0.004863709539115746,0.0591788512585012,0.005654700336580392
2026-05-05T03:08:39.100Z,0,10.55688663723231,-1.0061109533126,8.36518960113608,13.506906077437012,0.03188517424446147,0.035004090968016044,-0.021692866038147685,5.060099591568924e-05
2026-05-05T03:09:38.100Z,0,11.053110142711375,-1.5583682443320868,8.255124315837747,13.883329315469952,-0.025469876421491122,0.038519423926963725,0.009569017644484035,0.0012111330991169652
2026-05-05T03:10:38.100Z,0,11.637433724445145,-0.6034954167262185,9.842747970651544,15.253647367847071,0.019702574499014247,0.03015802229011655,-0.015627541096296937,0.004394089641125749
2026-05-05T03:11:38.100Z,0,12.671799364852632,-0.4147605241087149,9.662212964940409,15.940667640199422,0.07318930158550785,-0.0002962514225046675,0.04876483434301804,0.003227049714612261
2026-05-05T03:12:38.100Z,0,12.276833242140128,-0.21673288711099303,10.129776727808348,15.917913938544835,-0.0021155499942970835,0.009264467535352594,0.0403740017329568,0.006057493562391201
2026-05-05T03:13:38.100Z,0,12.374681145956856,-0.020794915144506376,10.92716314815334,16.508666219866353,0.06110443265550103,0.04171015967990854,-0.03060988160452638,0.002565262100464378
2026-05-05T03:14:38.100Z,0,12.267161592717457,0.1889170298454701,12.049270618263108,17.196042149813035,0.050411032516683996,-0.06342908956558091,-0.09872292555357376,0.003435330012462248
2026-05-05T03:15:38.100Z,0,12.851937295181415,-1.1336257966831909,12.65834413425182,18.07459753099161,-0.0081982145639925,0.07843897185111359,0.023402116474890988,0.004339730065617811
2026-05-05T03:16:38.100Z,0,11.65937907217085,-0.0547862164239632,13.232437657734408,17.636369474580455,0.026064892834964937,-0.0653736446691866,0.06274860717780939,0.0020243987032882234
2026-05-05T03:17:39.100Z,0,12.18054764012777,1.1978167522102012,14.82584468112691,19.22514437642008,-0.04669902976114915,0.02227120772246849,-0.07426308203939413,0.004369372858807722
2026-05-05T03:18:38.100Z,0,11.199408584616322,-0.04090258153155446,15.061589448123414,18.76912098022111,-0.043522648876470615,0.018586234926232237,-0.02477448478011013,0.0014166695482097469
2026-05-05T03:19:38.100Z,0,12.360556486328278,-4.912281046927092,16.858061148923298,21.473427472961745,-0.0370024220306131,0.1251315999208913,-0.015640638417302455,0.00217159538783115
2026-05-05T03:20:38.100Z,0,11.739451025732706,-5.088648674245633,16.38030457934292,20.785173413457997,-0.0222636046356417,-0.02838612020195086,0.0032892483696755903,0.0039209129661924285
2026-05-05T03:21:39.100Z,0,11.591902026339085,-6.6471901764089125,16.67182108144516,21.36602321447093,-0.02569715554079366,-0.01322860702490658,0.009201619826093577,0.0034305835368915434
2026-05-05T03:22:39.100Z,0,12.252596240614366,-6.287508788773266,16.87416367235528,21.780640051335798,0.0009883336612448446,0.017914966018661715,0.023998983863293688,0.00037454096698895357
2026-05-05T03:23:38.100Z,0,11.954018057622307,-6.185024290061847,17.518477952307876,22.09185693770699,0.01661773078409645,0.07559690599512336,-0.023573570574697555,0.0037967776096949116
2026-05-05T03:24:38.100Z,0,12.109063838124712,-7.327881305172923,17.66337859749001,22.634535889581443,0.018992952888208237,0.02653337100055886,0.009757616357575216,0.005797826604731597
2026-05-05T03:25:38.100Z,0,13.7324752722634,-9.260753924536402,17.064575137908378,23.781130439730212,-0.009002189161888552,0.007714414596571295,0.04807794344507954,0.003983313887568553
2026-05-05T03:26:40.100Z,0,12.309534322866966,-9.1881903617832,18.084444490199303,23.727507452096724,-0.0272883602177032,-0.0266102644195243,0.005754024467563568,0.002046649436574535
2026-05-05T03:27:38.100Z,0,13.35822303644818,-12.093696406736854,18.891450391038234,26.107211902975646,0.019859132464494778,-0.024625938631006594,0.04040184074671771,0.0029306087199913854
2026-05-05T03:28:38.100Z,0,13.301344299634366,-15.528336361057882,19.279806145505063,28.102774157150797,0.024875763322329547,-0.04097000304359444,-0.0304206951460273,0.004025474674799366
2026-05-05T03:29:38.100Z,0,9.500986323018878,-12.121330111767747,16.0737436965519,22.26119092077244,0.14121200706962433,-0.0946595566295727,0.10526276505018473,0.0006130535280556036
2026-05-05T03:40:45.100Z,0,7.101804688431912,-19.94395625024481,12.546427389679593,24.60914181739816,0.08411718026879456,-0.0709686199105164,0.08478086733543222,0.001690141660726728
2026-05-05T03:41:38.100Z,0,4.201335793624139,-23.12009982051677,11.207697498321068,26.034644637008576,0.0345384923670089,-0.03417715103370966,0.08907430286075879,0.00029388792192554654
2026-05-05T03:42:38.100Z,0,5.040301937796698,-21.51793219809406,11.027923708752496,24.699011134699212,-0.05415811233611123,-0.006282590152117962,0.04693312236803138,0.0004850992753725319
2026-05-05T03:53:21.100Z,1,-4.994166256437893,-22.802285951911472,3.473344776466547,23.599789515287835,-0.055731218481014366,0.06185634229627368,-0.05156210475898426,0.001506243103485057
2026-05-05T03:53:38.100Z,1,-6.097169953136472,-19.232631647355447,-1.7798840954128536,20.254322721665915,-0.05673540178396941,0.03217455407344971,-0.027809855416727203,0.00020503624567036832
2026-05-05T03:54:38.100Z,1,-8.129507070862019,-19.900127298569714,4.411654957948485,21.94462693195003,-0.01535342996916711,0.011986311187150989,-0.004023940842756701,0.0012923395357589353
2026-05-05T03:55:38.100Z,1,-9.277639908532365,-19.475127831356076,6.85255124244577,22.634324925881874,-0.03395183806853552,-0.013620517431256474,0.03070805379934427,0.004410710298700008
2026-05-05T03:56:38.100Z,1,-9.679185038748983,-19.502612257838337,6.143198688732809,22.622497607982563,0.006350210846939319,-0.0005986874693775235,-0.00836714449636844,0.003137862955760345
2026-05-05T03:57:38.100Z,1,-9.324811213218709,-17.958018963781797,2.480720948369708,20.386184677113967,0.0027623980051183494,-0.0030839428744044994,-0.01030924666567401,0.006156297422005269
2026-05-05T03:58:38.100Z,1,-9.21204634073547,-16.13080800325406,1.854026471846737,18.668213058030258,0.014241960733851755,3.4035098295248645e-05,0.00880186785590098,0.0025776630957894896
2026-05-05T03:59:38.100Z,1,-9.15371653195507,-14.009979499860492,1.666036620918021,16.818018015097344,-0.012010415756769088,0.039594704833945116,-0.027053552130062997,0.003346737623519309
2026-05-05T04:00:38.100Z,0,-9.140432717913427,-12.606544153641153,2.061131653135817,15.707346353218437,0.00046861970540157394,0.0075294521320046215,0.016943719026052406,0.004248079459775714
2026-05-05T04:01:38.100Z,0,-9.837226550644118,-12.021326113426767,2.268365074087342,15.698050447217742,0.007485307022409016,-0.011205576841533116,0.02618470192050637,0.0020430746143054153
2026-05-05T04:02:38.100Z,0,-10.369429048751044,-11.00383144330408,2.047310623311205,15.25781262232737,-0.020412977868283777,-0.0008992136510954651,0.022243784934872224,0.0045646403302154834
2026-05-05T04:03:38.100Z,0,-10.150159245768009,-10.253109996483545,2.182677861128468,14.59164418288429,-0.027000250661213254,0.02478477192457973,0.01986170359824513,0.0015197989392607516
2026-05-05T04:04:38.100Z,0,-10.878539246050423,-8.721229377442796,2.182890453696018,14.112670502589783,-0.004631960347223352,-0.016492094596642914,0.02958805902597561,0.002180429887447411
2026-05-05T04:05:39.100Z,0,-11.075053685772218,-7.520820422541874,2.426355787065404,13.605394385179927,-0.011352330892666629,-0.03170980237943155,-0.02870253832742975,0.003795503199545218
2026-05-05T04:06:38.100Z,0,-11.00628843892082,-6.961404670619231,1.871459682661225,13.156819582736087,-0.022038168596916208,-0.061004268840481046,0.13776330748171972,0.0031538726496200473
2026-05-05T04:07:39.100Z,0,-10.388590062120784,-6.484501793238451,2.0466081255108293,12.416125474749132,0.017536422634245596,0.03008278669680564,0.0018491173001677907,0.00035103720888067416
2026-05-05T04:08:38.100Z,0,-9.364162539895915,-5.848170011631737,1.6693836291779007,11.165817223110265,0.005511579464378968,0.019134684385857526,0.03874923351965265,0.003937947641744656
2026-05-05T04:09:38.100Z,0,-8.854499852532172,-7.039304120553425,3.338342977258435,11.794002881716766,-0.02382448053794839,-0.017434246629477457,-0.009878804689833487,0.005687387346214248
2026-05-05T04:10:39.100Z,0,-8.298545774550803,-8.171483853402606,4.735869671094406,12.57248869080129,-0.012005538664983106,0.037133070764472365,0.00183543989695778,0.003993045826593566
2026-05-05T04:11:38.100Z,0,-7.568139294789944,-6.790867302697734,5.797797192371945,11.705001639985738,0.016105127240040318,-0.035401506910615055,-0.0017651203272350813,0.0020929482511861724
2026-05-05T04:12:38.100Z,0,-6.856361109726095,-6.48878788069851,7.255490739794368,11.906141343983203,-0.004466951925241602,-0.02479161735435831,0.00602493730106346,0.002847949665260497
2026-05-05T04:13:38.100Z,0,-6.400272940140894,-7.664245299565664,8.949061976466055,13.408574121764204,0.03292823830225444,0.00532640852790589,-0.002065774481252447,0.004097602351447949
2026-05-05T04:14:38.100Z,0,-5.364544668168492,-7.549119694886031,9.283818060410454,13.11323093075442,0.007136569547983029,-0.02648153426734745,0.006546955208186489,0.0007248174572547747
2026-05-05T04:15:38.100Z,0,-4.965344347965583,-6.9486408383454545,9.46321443780107,12.747183276708727,0.03527741048725552,-0.037770502688938556,-0.008567648149160334,0.005753408323150295
2026-05-05T04:16:38.100Z,0,-4.478272553797069,-6.715762993735552,10.036292872655395,12.879579662389355,0.017585225486893563,-0.014995082804558635,-0.02561361090247516,0.004685028277374445
2026-05-05T04:17:38.100Z,0,-3.876884679584691,-7.071710047057422,10.496748384412058,13.237108613821546,0.0977196190397045,-0.012955878806897303,-0.03414076701613311,0.0011873129034766824
2026-05-05T04:18:38.100Z,0,-2.510531884070133,-6.816451419581426,10.896916632873399,13.096166324548543,0.013703432313993957,-0.05029891267360753,-0.021589136158794986,2.9662904370915935e-05
2026-05-05T04:19:38.100Z,0,-2.3325299752059436,-7.437272087372548,10.234701866465912,12.864790495079424,0.06428445687567397,0.035044513953419454,-0.0050651691525516185,0.003573196980241719
2026-05-05T04:20:38.100Z,0,-1.1684504769959858,-8.116420068290608,10.932998589851195,13.666455627112352,-0.008405852414572479,-0.022755931678108965,-0.047855502351090706,0.0034589166224925205
2026-05-05T04:21:38.100Z,0,-1.5742183039009205,-8.616777000497677,10.403301842416113,13.599841850884184,-0.032893471190398316,0.05004864340119042,0.011108105242740862,0.0007091703215763578
2026-05-05T04:22:39.100Z,0,-0.014840109493263753,-11.538087901499239,10.637392541411828,15.693368431654719,0.037141649781968766,-0.060269191183959236,-0.010340483325599337,0.0047595614669361744
2026-05-05T04:23:38.100Z,0,1.2897660241577569,-12.649464505557262,9.598834843473014,15.931417985436712,0.07432666544748834,0.038730496401129244,-0.031122639176039968,0.0022153514194570728
2026-05-05T04:24:38.100Z,0,3.082110998235521,-14.305802000308177,9.170211370474135,17.269862641510468,0.0037037996918343197,-0.07191026566655268,-0.043009341620603436,0.005971194431065685
2026-05-05T04:25:40.100Z,0,3.8507059423409373,-15.608377865646617,9.511294731055386,18.679243114007296,0.03302376502012372,-0.014764539494116491,-0.0768362952108248,0.0014756856610633644
2026-05-05T04:26:38.100Z,0,5.573694729264389,-14.111941718510934,10.801197410728491,18.624683554552192,0.005008136216178016,-0.03464257131824411,-0.029856238923819944,0.0004483303384471147
2026-05-05T04:27:38.100Z,0,5.426378424772338,-14.351219742820831,10.271263209688186,18.463529966890384,0.010499572349997877,-0.03543482900791872,-0.010099750985759215,0.0005632111369149813
2026-05-05T04:28:38.100Z,0,6.4835819924269344,-14.036386215593666,10.284801184752723,18.569709444569177,0.007615812410932676,-0.01803042603842897,-0.017635216632783113,0.0010801871227801144
2026-05-05T04:29:38.100Z,0,7.250840014307869,-13.926858792729035,9.948310029358254,18.587655828154666,-0.0032457805478891544,-0.004386791045085658,-0.018560119223742788,0.004638401022730936
2026-05-05T04:30:38.100Z,0,7.710521157491712,-13.211624345785822,10.292926993315632,18.43755679215697,-0.0005050472662304628,0.009990327670017507,-0.02857629293506747,0.001370919364772444
2026-05-05T04:31:38.100Z,0,8.15493800769218,-14.112127290445642,9.565502949044458,18.89851838740861,-0.025773088629721386,0.010616706672017528,0.006839090265664538,0.0015538069142894933
2026-05-05T04:32:38.100Z,0,8.99483507714649,-14.745908533313923,7.973793182827649,19.0244646248044,-0.029304281120245967,-0.022205561100996363,-0.026319340513669687,0.003629504789569153
2026-05-05T04:33:38.100Z,0,7.297193057070217,-14.579522684471158,5.8749058189278,17.329917097333,0.015116086215294366,-0.023659552440769005,0.008685440319844417,0.002022466091159641
2026-05-05T04:34:38.100Z,0,8.392254782052078,-15.991237140951853,2.3526274653704604,18.21220639065595,0.035816964958690356,-0.017861417869191598,0.026034278161057856,0.0010021338243107177
2026-05-05T04:35:38.100Z,0,8.74041510371626,-13.684739389645983,4.758361244967091,16.92066636056052,0.030237059160276303,-0.017897883929585134,0.0625885641014623,0.006015844184371796
2026-05-05T04:36:38.100Z,0,9.320184650505325,-13.814933497314996,4.218137807583844,17.190430943362628,-0.002877106034582244,0.05568696142788099,0.06938819925750295,0.0007362033016104155
2026-05-05T04:37:38.100Z,0,9.900053626779481,-14.421361012125544,6.07094552651688,18.516022651776478,0.028297392587195436,-0.04521623566233757,0.003997054442539394,0.005625337766076348
2026-05-05T04:38:38.100Z,0,11.521746751441242,-14.170503692593428,4.781376639584778,18.878966753392987,0.0008446380452553637,0.028009727319755484,-0.006489043515408438,0.00014145158898715257
2026-05-05T04:39:38.100Z,0,11.923545635454502,-14.682419312180173,6.763864676941012,20.087166120371926,0.04594492308657855,-0.01686357570562791,-0.04868807766911232,0.0011868361307249534
2026-05-05T04:40:38.100Z,0,13.61049789329627,-12.778492295524302,3.166946528835979,18.935814441599874,0.02791043524624781,0.0005343667552892839,-0.001439311076212313,0.004417409817067507
2026-05-05T04:41:38.100Z,0,13.813363502208631,-12.322595266823555,5.586097832747328,19.33545588681881,-0.012838988140806418,0.0004116495411210508,0.009692804532113186,0.003226321381855891
2026-05-05T04:42:38.100Z,0,12.836620585972014,-12.280305367994515,5.712929673791223,18.660715245056384,0.020606227635167063,-0.005654040549529782,-0.0029135574195482405,0.006040970868682348
2026-05-05T04:43:38.100Z,0,12.660913859122047,-10.974671693475102,4.372123021312291,17.316397380551223,-0.003550739168356465,0.013007176654866726,-0.06497637903946085,0.002570236434513588
2026-05-05T04:44:38.100Z,0,13.260083125373967,-10.47098857088713,5.045360914664343,17.633124309171613,-0.003928312024337188,0.057357268908653225,0.02465640653914747,0.003422529397845271
2026-05-05T04:45:39.100Z,0,13.256683326176244,-9.73226102451008,5.732534092203423,17.416041587513273,-0.0004083484647088298,0.05325035215975049,-0.050299410891074814,0.004104791925860974
2026-05-05T04:46:38.100Z,0,12.971283086244512,-9.651524428591074,4.741094007840729,16.848859934439673,0.007631476649727631,-2.375984387015251e-05,0.041775376163677436,0.0020353485480416136
2026-05-05T04:47:38.100Z,0,12.294527100834785,-8.712610780548857,3.3864182823890587,15.444507503633647,-0.021327731549725115,-0.10053564739198606,0.07978169350497666,0.004512629097767017
2026-05-05T04:48:39.100Z,0,12.621983916574209,-8.854183717630804,6.281609099460184,16.648413142826477,-0.017171828077255924,-0.01628197709546697,-0.020180137026315492,0.0013840362313930763
2026-05-05T04:49:39.100Z,0,12.839387591270679,-9.97249474767159,6.250126195482153,17.41736497495144,-0.02563932898969057,0.04848379017818871,-0.0444502872403163,0.0019654184150567195
2026-05-05T04:50:39.100Z,1,12.918634523657602,-9.837966469603998,6.156101089800359,17.36589424247228,-0.05242078534051231,0.06409822762787343,-0.05782451899971619,0.0037981054817187382
2026-05-05T04:51:39.100Z,1,13.833125222276976,-12.882956689281855,10.076827688862977,21.421213381695797,-0.0001035838754770424,0.06452569721915324,-0.13637225019191845,0.003326288701660733
2026-05-05T04:52:38.100Z,1,14.461683337344766,-13.252450241452607,9.575602554832585,21.82796111962656,-0.025097699513088045,0.06393692661177397,0.10827352388087519,0.0002533213740633238
2026-05-05T04:53:38.100Z,1,13.849192110257036,-12.622933735656261,11.585400435251358,22.030889256829763,0.03509373872789823,-0.0010738625029205195,0.05229753154090133,0.003923497230310183
2026-05-05T04:54:39.100Z,1,14.036036104840832,-12.746023363433778,14.357161886891845,23.782336272200318,-0.08287636430592826,0.04022261873881661,-0.0214863935878995,0.005610094152047489
2026-05-05T04:55:39.100Z,1,14.135923105833115,-13.154427106201183,14.66175729774477,24.245213993783576,0.019085806999941113,0.055546157958996645,-0.040884752527503565,0.004003013497647122
2026-05-05T04:56:38.100Z,1,14.291316878157545,-13.409430726824212,16.865253536707314,25.8551996199377,-0.03265304105437572,-0.012673804666185617,0.022697666331339406,0.002050761855666365
2026-05-05T04:57:38.100Z,1,13.50828181634256,-12.956972542269796,17.08371362701655,25.341864303574344,-0.006831664305373408,0.05658785084428075,0.001100723476810117,0.002876886983558453
2026-05-05T04:58:38.100Z,1,11.91733241407178,-13.740187261646497,16.11410330565377,24.299791834455707,-0.04726378953678889,0.01609056654938712,0.013856487763419523,0.004068444753530482
2026-05-05T04:59:38.100Z,1,11.51787887545197,-14.122283486358356,17.98468743140802,25.603699081658068,-0.03906126595287773,-0.028550977449137704,0.020780121306351873,0.0006470764365060147
2026-05-05T05:00:38.100Z,0,9.790279551907588,-14.864766331811552,19.05170449583693,26.07255829412509,-7.110111277519593e-05,-0.07097742001727081,0.08421693329641045,0.005699728509702727
2026-05-05T05:01:38.100Z,0,8.66552797458553,-15.966409255270264,19.00073406454794,26.287744189579616,-0.034254224728469396,0.020630416885158986,0.00022878594130304464,0.004714024102860154
2026-05-05T05:02:38.100Z,0,7.3782899040679695,-17.612597870538593,19.410991727596638,27.229200603517487,-0.0060417261846801296,0.0424628619480269,0.003995542254386919,0.0012625022443976581
2026-05-05T05:03:38.100Z,0,5.723315880345581,-18.307731765162316,19.72966038181312,27.517065356484427,-0.005255414334826014,0.08452566860628341,0.018985482816091803,6.372618065904024e-05
2026-05-05T05:04:38.100Z,0,4.786993049606281,-18.681016912523773,20.067546456175478,27.831674691145324,0.03002547481245621,0.05592925200681442,-0.01116955033975131,0.0035314861509006066
2026-05-05T05:05:38.100Z,0,4.756878453804347,-20.939111223924556,19.324824752175118,28.88811387360607,-0.012451676685953927,-0.03665144436904022,-0.01706327989303702,0.0034186860182028773
2026-05-05T05:06:40.100Z,0,4.375439275463577,-21.78459394690435,19.517875360634207,29.574659099946068,-0.017191049149989368,-0.02693078329585319,-0.013242310727967777,0.0004961189829778778
2026-05-05T05:07:38.100Z,0,3.1855185461608926,-21.39115702266281,19.84388324262909,29.351470650092594,-0.030230207329395853,0.028151250031527297,0.017650428781657013,0.004899721488330053
2026-05-05T05:08:38.100Z,0,2.9591256341063854,-22.19356255227467,20.845218591603043,30.59140044868602,0.0015647740563284884,-0.07401957172126217,0.04404488858611444,0.0022274198036889587
2026-05-05T05:09:38.100Z,0,4.5158308960253635,-28.434954391741485,17.376323660755588,33.6284995785606,-0.01285226075475876,0.03196992874432425,0.01465521059618169,0.005875706171751124
2026-05-05T05:10:38.100Z,0,2.371805091115675,-30.40016490740527,17.896768647460704,35.35660919557204,0.08536290353688969,-0.09190264651603997,0.06779257777100867,0.0014417779963418343
2026-05-05T05:11:38.100Z,0,-0.41232629132537113,-26.184224465396255,19.86628761369502,32.870245015436474,0.0070298293102233345,-0.10816270016444918,0.011016823118659147,0.0004022100724302749
2026-05-05T05:12:38.100Z,0,-2.574827249191003,-26.3230135633421,21.862614532437874,34.314788249572985,0.01118903424401907,0.030743149393330782,0.02305467489716051,0.0004352609218449349
2026-05-05T06:23:38.100Z,0,6.362309570363323,-15.272148958956677,9.01499293740926,18.841115002972543,-0.04407678249052083,-0.05434473379573035,0.07734093372446793,0.003861795826642376
2026-05-05T06:24:38.100Z,0,6.604003976462991,-13.397374390024197,8.758334120102518,17.315049108419164,0.048629817213985405,-0.0033868631579281328,0.015951113312873133,0.005698604940542047
2026-05-05T06:25:38.100Z,0,6.644840251965434,-13.506777847396734,10.268242550409923,18.221519005481294,0.03676134050012436,0.015158707241447189,0.015114906549484886,0.003978186705741328
2026-05-05T06:26:38.100Z,0,7.337960179484071,-13.113841492668143,10.73457274651446,18.467526914579807,-0.022435724348568442,0.022954315346268572,-0.00781724368614789,0.002021807096353129
2026-05-05T06:27:38.100Z,0,6.7973311072364595,-13.481533591402695,12.41326472700166,19.545961202768908,0.02855634225351622,0.024188377712341946,0.021106930760517173,0.0028608978029647934
2026-05-05T06:28:38.100Z,0,6.243589214136591,-14.08650696703262,14.910876429894415,21.441695845122002,-0.02165621822136643,-0.031045873509771837,0.13031059402113243,0.004049927449141926
2026-05-05T06:29:39.100Z,0,6.210359299529955,-13.825882839228143,16.617973701613664,22.491790699293926,0.06358115380322715,-0.026734216725721183,-0.003039155468620436,0.0007691760509627628
2026-05-05T06:30:38.100Z,0,5.261107003207144,-12.081511540600332,14.694696804326668,19.737686849677768,0.026836450226053188,0.09107529445806506,-0.025350914173216665,0.005721877801586549
2026-05-05T06:31:39.100Z,0,5.097068657050841,-13.011313486458675,16.669921601533133,21.75225675048114,-0.055920185011437695,-0.01383404582711023,0.011609391276756753,0.004488494920938318
2026-05-05T06:32:38.100Z,0,3.2184860147026484,-12.514775133240619,16.82501658478941,21.214604213627293,-0.07171273747719198,-0.10554904662773978,-0.05407858041905911,0.0011979706939456508
2026-05-05T06:33:38.100Z,0,2.494803180979943,-13.6252731017521,17.297290106398577,22.16006216223391,-0.13467246770293428,-0.27591390803793914,0.07609230514127319,2.164592110940314e-05
2026-05-05T06:34:39.100Z,0,3.781434872507816,-12.056671008394915,17.667683244781074,21.721178530125997,-0.0763737966327227,-0.05818754937525483,0.06574317474772329,0.0037278451799540153
2026-05-05T06:35:40.100Z,0,1.8555173169261252,-14.421156332900864,18.715178934826326,23.699591073559613,0.0004208564257091041,-0.01085936606637361,0.0603854013210281,0.002969707264064358
2026-05-05T06:36:38.100Z,0,1.5857788685025298,-14.152034223116061,19.120595783988392,23.840972094415783,0.009016645448500782,0.028587450672745707,0.05384213594972209,0.0007198574230572356
2026-05-05T06:37:39.100Z,0,0.8870632973412285,-15.864240841438004,20.299464962704405,25.778465752265074,0.026757605695593156,0.0358890337371319,-0.011571028573520437,0.004733772255228738
2026-05-05T06:38:38.100Z,0,0.8679867091814231,-14.959483414713759,20.710175960800825,25.562686347286427,-0.02709232151554275,0.0318365094584272,0.01872223926913108,0.0022381705438210076
2026-05-05T06:39:38.100Z,0,0.3806890704254329,-15.50443750420527,21.200813915498884,26.267984642331424,-0.027742008118059047,0.04917375041413319,0.040088728471943114,0.005988599706608664
2026-05-05T06:40:38.100Z,0,-0.7656156858502072,-15.533966827206314,21.696475064459264,26.695080501655518,-0.00889174385854119,-0.10404726180257562,8.898907566390335e-05,0.001318956440726206
2026-05-05T06:41:39.100Z,0,-2.3074223586263543,-17.19903075718321,22.842054013835877,28.68606436056746,0.00844114623999026,0.01003570841850987,0.010213237681355736,0.00024372450216563165
2026-05-05T06:42:38.100Z,0,-3.984738957569789,-16.71378937408008,22.74443180590424,28.50505355151109,0.03013215853298057,0.047531064806261014,0.004487928773500016,0.0005927795585384625
2026-05-05T06:43:38.100Z,0,-5.833327968957747,-19.606215591920773,24.006390696968083,31.539470498500407,0.007653607571989074,0.08463006095604797,0.026075115399315507,0.001059600971514623
2026-05-05T06:44:38.100Z,0,-11.100905160219554,-26.02212665078696,19.579987030738266,34.405770779473386,-0.13913535778151132,-0.17783753310718353,-0.027183613053871625,0.004667022399438151
2026-05-05T07:04:42.100Z,0,-94.9304854757429,-151.1048064814986,-80.05781101292087,195.5855636764941,-0.0073624323908561,0.008230534679576351,-0.00935805017110436,0.0012879642008064172
2026-05-05T07:05:42.100Z,0,-112.80289014686673,-135.45822275364117,-19.47120188106055,177.34866743157153,0.013864777984373688,0.09203686580683268,-0.18027573836976174,0.003643172908962953
2026-05-05T07:06:42.100Z,0,-112.85950065324357,-130.91842679114052,-29.176708711020183,175.29455693881206,0.03254849795819581,0.1114109629032356,-0.14334739233268223,0.0038448821718813884
2026-05-05T07:07:43.100Z,0,-111.32977371693187,-124.39141267896048,-39.25649938355491,171.48940144505067,0.04105134260434795,0.10542126669665919,-0.12613970456909485,0.0008712945590293726
2026-05-05T07:08:43.100Z,0,-108.75578511434014,-117.04808024251179,-48.330092498872546,166.92474869007168,0.0754259861652784,0.11693015091918113,-0.1643544923703999,0.0037588112435233
2026-05-05T07:09:42.100Z,0,-104.60474135970799,-109.04060627854051,-56.3618710530136,161.27202559997696,0.10589389484838563,0.133648622538729,-0.10087985987317083,0.005302100111075653
2026-05-05T07:10:42.100Z,0,-99.60796555151319,-99.3092625508325,-61.220871536534105,153.4016673357706,0.10096632641598546,0.17928917608944772,0.0018923394806691363,0.004113847967969169
2026-05-05T07:11:42.100Z,0,-94.23805756955517,-89.2985689233683,-64.47980138364073,144.95754789840407,0.0724224825541242,0.11329058251874358,-0.03297118236078589,0.00226370614741011
2026-05-05T07:12:42.100Z,0,-86.24627357971804,-79.0700061370444,-66.98627573769045,134.8245033890565,0.06526660903638515,0.15092917014047913,-0.03365181484760171,0.0033982603917279038
2026-05-05T07:13:42.100Z,0,-77.84794983444954,-68.86804672285507,-66.85469892363471,123.5826117259955,0.1300144174578577,0.19124436269724043,0.006223362439605751,0.0032991949854713084
2026-05-05T07:14:42.100Z,0,-71.52637510398563,-59.45462499130372,-65.08975636006653,113.52335068780093,0.081628823389579,0.1567440945016152,0.05169786146019817,0.0011049902773133783
2026-05-05T07:15:42.100Z,0,-63.109348851412506,-49.24325216143188,-63.66222252836451,102.27691026392344,0.1842519893671124,0.1886311637036009,0.014732189239197169,0.004880841862759154
2026-05-05T07:16:42.100Z,0,-56.0620327878496,-40.017400326178176,-58.55029962458502,90.4017778326301,0.14628910744818313,0.14688663213968667,0.06784478788279813,0.003885027498653231
2026-05-05T07:17:43.100Z,0,-48.12458979768053,-31.069638802364352,-53.457728938155924,78.3519456154712,0.1471965401047548,0.1362378855369606,0.06870786061341505,0.0009543344532327654
2026-05-05T07:18:43.100Z,0,-41.056934222069685,-23.30244760014466,-48.131988778550294,67.41931663589699,0.14105163879429838,0.13790373782951448,0.05053232435692223,0.0010856264613129227
2026-05-05T07:19:42.100Z,0,-34.35764564483179,-17.90454509864503,-41.391634370938846,56.69469062745407,0.1176054027434148,0.07432956863118179,0.09418332353572367,0.004062594271822985
2026-05-05T07:20:42.100Z,0,-28.01471128304911,-12.68414229798509,-33.40159033359669,45.40239807456819,0.0654243088353823,0.05926930119315443,0.15219396275156782,0.0024248762442995848
2026-05-05T07:21:42.100Z,0,-21.94996556136175,-6.858127907435119,-25.250047663121222,34.15259599985923,0.13571331379891305,0.012096386494908629,0.135094261275448,0.00031203206517849087
2026-05-05T07:22:43.100Z,0,-17.02837348148023,-4.744495872728294,-16.235253061040567,24.001233019725092,0.06380031184871626,0.02541415087375931,0.18788580711515124,0.0044276557956295344
2026-05-05T07:23:42.100Z,0,-13.406559318354994,-3.3687574377836427,-6.438615983597629,15.2492667107449,0.09873524943726508,0.03246754774099969,0.1461244235141379,0.00204906625888596
2026-05-05T07:24:42.100Z,0,-9.536548902360664,-2.1477782656802447,3.4147631613450358,10.354676426316951,0.1964108236531814,0.024982186934627282,0.13607484422895055,0.006545278633128381
2026-05-05T07:25:43.100Z,0,-4.523161094766692,-2.5196742853950127,13.063794352433433,14.052418570351637,0.016300252239975777,-0.10249083518287794,0.16330732145242166,0.0016330004429908522
2026-05-05T07:26:42.100Z,0,-0.5913644599786494,-3.062388166654273,22.59595430450645,22.810196933370246,0.05095893524242889,-0.06847795183950733,0.21333820433699913,0.0005659596948014489
2026-05-05T07:27:42.100Z,0,-1.7887487902044086,-5.839032599396887,34.693980054399276,35.2273498285967,0.007844537124990225,-0.09085493205018835,0.18469711018020973,0.00015992255253483741
2026-05-05T07:28:42.100Z,0,-1.2800361382687697,-8.963885338744149,46.01890245407958,46.90126987576688,-0.02832392729512634,-0.08024205845513777,0.16663913664682894,0.0009212308638129886
2026-05-05T07:29:42.100Z,0,-2.5251264623875613,-14.55955780147633,56.45715937748719,58.35895674187956,-0.044521879206949055,-0.10005446403127394,0.14237757871349288,0.0037458017820033874
2026-05-05T07:30:42.100Z,0,-4.587630198329862,-21.045115203378373,66.30316872701769,69.71408328310336,-0.041991857572740154,-0.11450479181007722,0.13815921493431915,0.0012029176591820275
2026-05-05T07:31:42.100Z,0,-7.300486077838286,-26.13543940424279,75.50703837569017,80.23509914054762,-0.01069666560488125,-0.08453089064275332,0.1697474619453132,0.0021201676666723138
2026-05-05T07:32:42.100Z,0,-11.451215729721298,-32.87919850390608,83.87060267523339,90.8099665733599,-0.10478206511665977,-0.1285537812134585,0.07066278369638468,0.004237853530456773
2026-05-05T07:33:43.100Z,0,-15.990567839253345,-41.195133093424374,91.48053431408698,101.59441622844021,-0.11630016533858978,-0.12701624443822723,0.04903062336936159,0.001036644223696223
2026-05-05T07:34:42.100Z,0,-21.216278542851796,-49.22065619393834,98.00350228169918,111.70268542362253,-0.0440068606109012,-0.11570274402394887,0.17509862693110279,0.0005882523340651619
2026-05-05T07:35:42.100Z,0,-27.59552558472933,-56.57219770228039,103.15028282548155,120.83835248852155,-0.13463460528506666,-0.1909374180333323,0.04342279802393989,0.006160584224516061
2026-05-05T07:36:42.100Z,0,-33.998732582404045,-64.43171446289853,106.05561259853857,128.66682792969448,-0.10405973220528608,-0.19516248546480597,0.03533662773858026,0.000839359368595864
2026-05-05T07:37:42.100Z,0,-49.04246323803818,-77.25793230702038,108.33175814150309,141.808748414333,-0.33357295399927267,-0.23696189140309798,-0.03405799154077016,0.006329550053437608
2026-05-05T07:38:42.100Z,0,-56.96669015560474,-89.04884991852668,111.51263316332916,153.655357258106,-0.2714739717935011,-0.2406615777417187,-0.0066823532947069,0.00021126628510128426
2026-05-05T07:39:42.100Z,0,-66.5136693637578,-97.68336646902753,113.4310585575804,163.8069392377712,-0.1285313090724216,-0.12893581829409584,-0.01823637365028219,0.00045693611135268913
2026-05-05T07:40:42.100Z,0,-75.15186475757218,-108.15517758874194,113.33261734125699,173.75162551530997,-0.17208336987106776,-0.14868487219743542,-0.02092728704372604,0.004555787827366618
2026-05-05T07:41:43.100Z,0,-85.01474861623137,-119.660449370258,110.71552109387994,183.85879700700335,-0.16591224267825666,-0.18275318235794202,-0.08289561124286138,0.0024002394531583717
2026-05-05T07:42:42.100Z,0,-95.90168949762301,-128.57583786262694,107.69588410130382,193.20270076511997,-0.18251510613076505,-0.20778412318023243,-0.07512665885123226,0.0062303858288003935
2026-05-05T07:43:43.100Z,0,-107.48105140100961,-137.80849637782921,102.37164731643134,202.5421246517979,-0.16447861201385194,-0.1615375452947987,-0.06792890662987716,0.0027371947997427235
2026-05-05T07:44:42.100Z,0,-117.83481127667983,-146.74420296478274,95.80452671161765,211.180991547102,-0.18092628409505096,-0.15362167686649997,-0.18281455775293054,0.004268691219788347
2026-05-05T07:45:42.100Z,0,-130.23201289797726,-155.09183084782308,88.6058634650908,221.05395771074308,-0.19642274382469793,-0.1357636948942087,-0.2186957702301484,0.00351297337454404
2026-05-05T07:46:42.100Z,0,-141.82941530816606,-163.0138665573213,79.06504002130532,230.08777518632976,-0.20392334626162523,-0.1665150040430774,-0.19428779775632066,0.0018249078802509615
2026-05-05T07:47:42.100Z,0,-152.97657688643085,-170.31974402516425,67.98723448810051,238.81564507801312,-0.15905954953421286,-0.04333069127326894,-0.20091360908902622,0.004037695759410311
2026-05-05T07:48:42.100Z,0,-164.0142150356496,-176.2666929321881,56.73550882329437,247.3651708152316,-0.16245992667052178,-0.11648504610572985,-0.22606382243051115,0.0010525140170486768
2026-05-05T07:49:42.100Z,0,-174.63173311762148,-181.31222081469645,44.19243171560083,255.58430047512593,-0.11414453597158314,-0.03884457636438299,-0.21781722383917845,0.0013288314788102503
2026-05-05T07:50:42.100Z,1,-185.58736882630456,-185.4281257327557,30.155862154060742,264.075059978954,-0.18516585003514052,-0.09039073423267041,-0.3283127560702592,0.0037079516790534156
2026-05-05T07:51:43.100Z,1,-195.79147232411742,-188.4420189001048,14.08948512198549,272.10881777883594,-0.24155721304275346,0.017186030833116206,-0.4158087111516204,0.004002650036579107
2026-05-05T07:52:42.100Z,1,-205.43529485576073,-191.97318585793255,-5.204151123507472,281.21957195372084,-0.12721557483974522,-0.06239645892325285,-0.3742147292268294,0.0006576909898944583
2026-05-05T07:53:42.100Z,1,-214.86927257318555,-194.07674793205842,-26.61784885367524,290.76295888852616,-0.16986281625097632,0.022422734364369035,-0.33634925233472224,0.0037133826652729998
2026-05-05T07:54:42.100Z,1,-223.44869486425978,-196.4135141636234,-42.37522133280436,300.50498692309435,-0.1508356287169832,0.0315435333950731,-0.32059631293956947,0.005285457330414033
2026-05-05T07:55:42.100Z,1,-229.57086582937336,-196.21286566189156,-61.87601996225567,308.2708434725365,-0.10933747642383196,0.016005434207322367,-0.36604147396768205,0.0041890276078171956
2026-05-05T07:56:43.100Z,1,-235.90288074888122,-193.2999961004498,-83.08716715509945,316.09893227265763,-0.11516096557517841,0.026206477842904974,-0.3661193596102841,0.0022156672804706087
2026-05-05T07:57:43.100Z,1,-240.81864034042155,-190.00291185830065,-103.95674452411185,323.8853636429006,-0.07361658534588145,0.06678832461837203,-0.5252787149032656,0.003520394243516413
2026-05-05T07:58:43.100Z,1,-244.16580696811252,-185.199527243185,-126.97030360868666,331.7186521466209,-0.033024749243715235,0.11302758412146119,-0.44840224301578857,0.0030543988300685988
2026-05-05T07:59:42.100Z,1,-247.00376231612609,-179.2889700982414,-149.7895330639949,339.98867277122486,-0.01716741824520085,0.13619806327502815,-0.3807116114082909,0.0010925741543341447
2026-05-05T08:00:42.100Z,0,-248.4817753979769,-171.41275162430247,-171.30642337451718,347.08992323851,0.02516582478229168,0.1095800843367023,-0.4761863954607648,0.0048887339407976335
2026-05-05T08:01:42.100Z,0,-247.80544644545444,-163.3482480197017,-195.13994693807035,355.20386865873223,0.036441123888231175,0.13715642739819955,-0.3808398738760488,0.0038719639951328906
2026-05-05T08:02:42.100Z,0,-245.5192631700811,-153.6726648032527,-215.41144147613522,360.96687606224873,0.05783775815793035,0.1816186361218719,-0.3126304187093254,0.0009659679395494273
2026-05-05T08:03:42.100Z,0,-245.2282658787226,-142.13934970302944,-241.47536290456628,372.3584939406882,0.14976944006406256,0.21162641432326268,-0.5442734296172702,0.000905283802567168
2026-05-05T08:04:42.100Z,0,-240.9488688476813,-130.6729099610493,-264.3398560530841,380.7982750680875,0.04797961604374734,0.21776300592790676,-0.3450125084674127,0.004086772576331068
2026-05-05T08:05:42.100Z,0,-231.56150383510976,-116.76515170483981,-288.6886539108673,388.0669653653868,0.14119817906532717,0.23664752812901924,-0.3597355762616772,0.00248551542572743
2026-05-05T08:06:42.100Z,0,-224.33632728279918,-103.25466664971827,-310.89230114776,397.04198372039843,0.1314500012279396,0.2487540455227144,-0.3734372389647689,0.0002954023199647059
2026-05-05T08:07:42.100Z,0,-212.68902147585322,-88.30071507145476,-332.6221617180636,404.5628982055619,0.19253147552200645,0.2677343331662918,-0.3642903369343031,0.004476042024084735
2026-05-05T08:08:42.100Z,0,-201.2031925814881,-72.030914527204,-352.9000479215938,412.56468726209704,0.19743317323905885,0.2930075958302858,-0.3765202908319054,0.0021064019878285012
2026-05-05T08:09:43.100Z,0,-189.20464717939467,-55.610089937545126,-370.2224106655194,419.47051621792156,0.25992331201551977,0.31303576444352554,-0.3111500285362112,0.006669947339521565
2026-05-05T08:10:42.100Z,0,-172.81477078358876,-37.490001259357086,-389.0926258068248,427.3915261825633,0.2691279007471792,0.2947172613296245,-0.2826254578183196,0.0015401443383192106
2026-05-05T08:11:42.100Z,0,-155.87234910162806,-19.01940670904878,-405.86790972974995,435.18580766658795,0.291090002288108,0.34020519321731335,-0.2830959238604436,0.0006163728591010123
2026-05-05T08:12:42.100Z,0,-137.9004898999483,-0.3844179364023148,-420.4538028038769,442.49078316281003,0.3367449048212734,0.4909582369409249,-0.40335585754824876,0.00017172719606809445
2026-05-05T08:13:42.100Z,0,-116.37642012101423,19.569362490074127,-433.72028968155973,449.4882877116008,0.4101168782622011,0.5037088534470824,-0.36238059560655955,0.0008840102579362928
2026-05-05T08:14:43.100Z,0,-101.06628130688478,39.42695677415031,-450.74222657615337,463.6134520875138,0.607412170903654,0.535643513889128,-0.15338398962594368,0.0034935297167835765
2026-05-05T08:15:42.100Z,0,-77.69237804950535,56.5078056179118,-461.78951587191364,471.6765784644764,0.39075238616326224,0.3165514838099348,-0.19120583775933397,0.0012055676354713928
2026-05-05T08:16:43.100Z,0,-48.762275174340175,80.62425215575786,-469.97530422788714,479.3274622843431,0.523352014262457,0.47079850353926034,-0.10061234450020606,0.0022561420938072936
2026-05-05T08:17:42.100Z,0,-23.784534954756964,102.31291306808998,-475.32733359503254,486.79534749836705,0.44274607235780805,0.4375230085500448,-0.11514725561845296,0.004246362462484044
2026-05-05T08:18:42.100Z,0,2.272975853884418,120.00804844865343,-479.3101573025069,494.1106404491211,0.48501103635914533,0.45617707718026423,-0.07945736745540444,0.0012281006834305157
2026-05-05T08:19:42.100Z,0,31.1684708476605,143.79065997763973,-482.25075547861707,504.1954171067837,0.4144642950060229,0.5001141451463909,0.11009372730175215,0.0006030579267610885
2026-05-05T08:41:45.100Z,0,-49.97424941714712,-21.862569084305505,-0.6224748103704769,54.550756242813044,-0.0006679630901729183,0.02994706090042598,0.01843364834075434,0.0022888289130605036
2026-05-05T08:42:45.100Z,0,-50.10477594964868,-20.802231912057323,-4.2168289473920595,54.415099667822645,0.012839485657778482,0.007222692498309868,-0.16431433136987472,0.003848685641395483
2026-05-05T08:43:45.100Z,0,-48.75587608671594,-20.793291154632243,-5.304669796714734,53.26946528431353,0.0433001795228094,0.044885581413911524,-0.17357853959354408,0.0027389259140983046
2026-05-05T08:44:45.100Z,0,-47.94218287156582,-18.28198835232797,-8.774553191869927,52.054555807558955,0.018684342814268007,-0.01480124344377387,0.0025686334832464297,0.0014379164868756733
2026-05-05T08:45:45.100Z,0,-46.182515860209605,-15.896681918093236,-12.665761312746326,50.45741547894626,0.01683150059683669,0.00010541852768497506,0.001730551874246089,0.004137438968678588
2026-05-05T08:46:45.100Z,0,-45.81905596569413,-14.157647117372107,-16.09488713529572,50.58527704169814,-0.027633152111405934,-0.0034423164261276895,-0.04875459178865782,0.0031219192846638822
2026-05-05T08:47:46.100Z,0,-45.9903548744478,-12.535854610632668,-17.605408859708405,50.815458409956946,0.004448323745798177,-0.016555075599722358,0.03233257451284999,0.0007831098392558923
2026-05-05T08:48:45.100Z,0,-44.02861558219229,-11.398678550904151,-21.046226584076067,50.11379566765601,0.06167190018935287,0.019687616350960724,-0.03096742794106433,0.0014366335448092171
2026-05-05T08:49:45.100Z,0,-42.384747880532814,-11.81392682792648,-22.455777372670127,49.3993689980232,0.033371596948938986,-0.038145217012619526,0.016721282964482498,0.004446643363534783
2026-05-05T08:50:45.100Z,1,-40.47982277234041,-10.320452605810715,-23.064520628395258,47.71896798429892,-0.009302773269936893,0.057770224585640406,0.013470966766071513,0.0016275640000084815
2026-05-05T08:51:45.100Z,1,-37.45242412878724,-9.14171613567305,-27.21361190197058,47.1893602391351,0.039844017699408596,0.05086107094776082,-0.06866278496620026,4.513126900327054e-05
2026-05-05T08:52:45.100Z,1,-35.81854360891157,-6.695305579341948,-28.181101433801814,46.06484191969505,-0.029215566092588574,0.0208487256545542,0.03202397099588694,0.004198452047484943
2026-05-05T08:53:45.100Z,1,-33.41159282717854,-4.957857686349598,-29.3958381162156,44.777563429043546,0.007247333826398972,0.0189631624392117,0.05376616309238358,0.0017993432088262162
2026-05-05T08:54:44.100Z,1,-31.44753888955165,-3.828650968898728,-29.09700971440543,43.01444228130497,-0.015090557616836975,-0.038164582303101824,-0.02964811166172865,0.006820722354259602
2026-05-05T08:55:45.100Z,1,-29.284178775924374,-2.941114453733462,-30.108938373359706,42.10417379287987,-0.04119956694204063,0.03396274283240519,0.010715316741460867,0.0017301131252487503
2026-05-05T08:56:45.100Z,1,-26.852934560338326,-2.2381961057362787,-30.410152316107997,40.63086241022253,0.03738703164613,0.07176085469334792,0.004056185149536873,0.0012210091950619515
2026-05-05T08:57:45.100Z,1,-21.97504543710238,1.449720100936247,-31.455705832286185,38.39877263326389,0.009438735141031884,0.03243392189554439,0.020028429918106383,0.0007554607702529262
2026-05-05T08:58:44.100Z,1,-21.343875828279124,1.3322679819793848,-32.166256778509705,38.626468237334706,-0.014039537498344856,-0.005300891799620011,0.005639697481463202,0.0009444541230133273
2026-05-05T08:59:44.100Z,1,-17.91363617485331,1.9287134714431886,-32.84798457480065,37.46476194087293,-0.01656359512081096,-0.05408014875413203,8.284691155324708e-06,0.003324742386711799
2026-05-05T09:00:44.100Z,0,-17.142500071713584,3.2367365574828,-33.13511669989566,37.44699895808675,0.0742807804949841,0.05799264744232868,-0.01800521160522095,0.0010754354654975077
2026-05-05T09:01:44.100Z,0,-15.567402531814878,3.2939012635324616,-32.779856722982004,36.437793757315845,-0.0900618007222409,-0.041338627270626205,0.026824124498503465,0.0024635180687995976
2026-05-05T09:02:44.100Z,0,-9.488957066423609,4.470689045319887,-33.014678513268336,34.640963671393955,0.00717035841635294,0.06042064466327268,-0.013957291990607246,0.004448557758169778
2026-05-05T09:03:45.100Z,0,-5.77676457396592,6.192869908318244,-31.926417471964896,33.03057340160123,0.0359552082920267,0.018006729480379846,-0.021020764329193753,0.0006581312791744216
2026-05-05T09:04:44.100Z,0,-4.838173486859887,7.814138400135562,-30.476700610819307,31.832341443050353,0.05085311470431897,-0.0099893465019818,-0.01992610309642373,0.00031426934094385046
2026-05-05T09:05:44.100Z,0,0.2745543324635946,9.241321915851586,-30.580824913727156,31.947836597145493,0.329918662680978,0.12248125953662203,-0.04189184429925774,0.006226434964125548
2026-05-05T09:06:44.100Z,0,-0.09104068885790184,9.157769231478596,-27.247972404666143,28.745869718439405,0.026007152830187508,0.007494328396306926,0.07241462916329766,0.0008496049413919048
2026-05-05T09:07:44.100Z,0,-0.7834446050765109,7.727630749286618,-26.138301708897416,27.267945992903336,-0.02476607373780304,0.023961276250261676,0.01307172891173991,0.00661174846310976
2026-05-05T09:08:45.100Z,0,2.5078500975723728,7.128359904072568,-25.797541965857818,26.881517786651827,-0.007902355632971592,0.010064991878167007,0.024749048946226537,0.0005138042384279428
2026-05-05T09:09:44.100Z,0,4.8725231954449555,7.5126987071598705,-25.98688079024214,27.486362024847278,0.034078533413639533,0.004905448316439021,0.04218464406591238,9.398113959940051e-05
2026-05-05T09:10:44.100Z,0,7.07501844408398,8.221587306707079,-24.501611237610632,26.795136444230753,0.02850331608783563,0.0037815136546548445,0.01918240474108046,0.00459857821371125
2026-05-05T09:11:44.100Z,0,8.598539793638338,7.9834946493519965,-23.90217351330648,26.62677171681208,-0.009583676915170258,-0.054031155735767555,-0.03326108372814218,0.0021716289844157808
2026-05-05T09:12:45.100Z,0,9.816192925427458,8.738064811723234,-23.278525598925626,26.73202525554178,-0.014250092966072714,-0.014800009742188536,-0.0073578163783949435,0.006326077073473902
2026-05-05T09:13:44.100Z,0,10.941625240775465,6.793773767640232,-20.502363094237808,24.21200977538659,0.042674711222101536,-0.010437874546909143,-0.006442368526649034,0.002752791660438871
2026-05-05T09:14:44.100Z,0,16.467140550048498,6.317748992387351,-17.520055926979694,24.86027010936042,-0.003906460527502986,-0.03925994193298976,0.05025624087107161,0.00463642228423969
2026-05-05T09:15:44.100Z,0,15.555987351945078,8.052333508658194,-17.168007769214455,24.52690987858729,-0.028751178611230443,-0.03410156111716134,-0.02603057762229355,0.003059877354153166
2026-05-05T09:16:44.100Z,0,17.875274244943284,7.737384959909832,-15.958812447934179,25.180870717632274,-0.04609732273053169,-0.0030657461818073273,-0.05580357459056273,0.0016867015162849697
2026-05-05T09:17:44.100Z,0,17.41074912933982,8.314658242284167,-16.14529770813533,25.15826633564227,0.038271697231806456,0.022259848278860517,-0.021292711111620122,0.0038312184643101883
2026-05-05T09:18:44.100Z,0,19.04328880709727,8.138796297771478,-12.287947291042656,24.080708095788577,0.012521152949140912,0.0028950220674062166,-0.0005191824339334516,0.0008820346236614542
2026-05-05T09:19:44.100Z,0,21.036509760506306,7.059845955723176,-10.167924757297442,24.408253966486015,-0.0073969985407984495,0.0060545239515263916,0.04325583464925842,0.0008586250536552722
2026-05-05T09:20:45.100Z,0,23.63375147069746,6.830332793640537,-7.001982196015888,25.578025907483543,0.04772246685913473,0.025651321610364874,0.04029885754341933,0.003446427539857254
2026-05-05T09:21:44.100Z,0,24.84019020539563,6.093788173870962,-6.116197077972174,26.29785486393972,0.01508190308108226,0.019605421923696298,0.04697146937582275,0.004139028560364707
2026-05-05T09:22:44.100Z,0,26.09944348296267,5.5903897315765505,-5.3189242871667375,27.216251818424436,0.0070043634989858106,-0.004105262245701624,0.0026597575857323363,0.0009645574979367337
2026-05-05T09:23:44.100Z,0,27.564543731386948,5.988924971944698,-3.3025565162461135,28.400319945066215,0.03575961362045632,0.0196543758845813,0.0036193372845438887,0.0036650967342508308
2026-05-05T09:24:44.100Z,0,27.030989942431916,4.143726268637238,-2.725843522057403,27.482268966808252,0.002474339090063893,-0.001490314674779114,0.08056784061238886,0.004985238181896165
2026-05-05T09:25:44.100Z,0,27.47440810367152,4.004544895963136,-0.21677226959582185,27.765562675511216,0.026816670106732943,-0.09661296334373404,0.18514456462459528,0.004224573406640874
2026-05-05T09:26:44.100Z,0,27.281521054987934,4.920953858118082,-0.6645051516898093,27.729744770626713,0.012200313325827494,-0.026374629393366433,-0.06958444423532661,0.0022720572957955916
2026-05-05T09:27:44.100Z,0,31.36173927271102,3.051562979408118,6.890151471452555,32.25437821639659,-0.0062072033379934055,0.016749491595469124,0.05840021132852424,0.003628146805630832
2026-05-05T09:28:44.100Z,0,29.834808849500405,3.8472202592174654,2.8114016085964977,30.21292607169951,-0.004830313981685208,-0.0605573889282951,0.004736026382595737,0.002853681195104903
2026-05-05T09:29:44.100Z,0,29.24743523004736,3.7221477643925027,10.293751066456025,31.228643302806994,0.0072690132917330175,-0.009777435506119758,0.06778894360082166,0.001328005171897501
2026-05-05T09:30:44.100Z,0,29.87867090701002,3.289485990535468,10.716137285271543,31.912243599723965,-0.005438488394737817,0.002315550892362239,0.013221722065859254,0.0044394394213445034
2026-05-05T09:31:44.100Z,0,29.17675599087488,1.1471527982394036,13.94795991382125,32.35961426610531,-0.006204653872465826,-0.007809778444389792,0.037703212832695954,0.0034102440035729863
2026-05-05T09:32:44.100Z,0,29.977695387970016,0.11474421353341313,16.647998153530352,34.29039558722541,-0.028906044195586844,-0.005651085785540744,0.08284308160266818,0.0008735165164055652
2026-05-05T09:33:44.100Z,0,30.025609267795517,-0.12866764495811367,21.035322693023772,36.66113157098166,-0.007645440471826248,-0.015849714900761924,0.04974091375364864,0.0012766943194532593
2026-05-05T09:34:44.100Z,0,29.805875507918245,-0.5555145385187643,21.639376164785062,36.83695714899772,-0.011141752104926184,-0.042691957709672934,0.09082062474385921,0.0043363162750650035
2026-05-05T09:35:46.100Z,0,30.265526430866885,-0.20953640159859788,24.103779749566456,38.6915778155493,-0.024356847248441227,0.02209591821666912,0.08775046584874602,0.001401654870159153
2026-05-05T09:36:44.100Z,0,28.28374869250183,-3.1267652645965427,26.175955959843122,38.664295823564835,-0.0340567386034607,0.007045990312315453,0.08715192157104923,0.00016716334175936374
2026-05-05T09:37:44.100Z,0,28.415144697191863,-3.0145813129820453,30.022106799151516,41.44677364179981,-0.018142548474209264,-0.02274132721691302,0.08373414600892914,0.00422832736072064
2026-05-05T09:38:44.100Z,0,27.414639284415898,-4.313023961003637,33.33610248500918,43.37580375824598,-0.003649280028383828,-0.007073923802169979,0.05129456926145082,0.0019231345433794963
2026-05-05T09:39:44.100Z,0,24.833372287503153,-4.349092367647245,36.92072200465191,44.70738973521989,-0.044359026821538805,-0.036767270117810114,-0.02527946401276182,0.006866289327216745
2026-05-05T09:40:44.100Z,0,25.209003459167434,-3.7840460583993263,40.36757051835593,47.742576486097214,-0.034565117833729175,-0.03189298373829086,0.0480013430488313,0.00159047681508925
2026-05-05T09:41:44.100Z,0,22.42802067394223,-4.698785849313936,39.96942329467856,46.072220462201365,0.004137037358908913,-0.0030750492866216117,0.029950500457509577,0.001032773860553171
2026-05-05T09:42:44.100Z,0,19.147034926390916,-6.763351595736822,43.415845659183105,47.93002738974805,-0.01776648226048394,-0.00012791330572525794,0.001989303980209911,0.00047034694538654776
2026-05-05T09:43:45.100Z,0,18.063965987494157,-7.786346987813886,45.049471302263555,49.15677909734782,-0.039030697537967285,-0.002068768445689928,0.037294578741686735,0.0008583559979937597
2026-05-05T09:44:44.100Z,0,15.271372834831709,-7.77095208945866,47.81101191019843,50.788732850054785,-0.022020122640409312,-0.009893327817922515,0.027301758334097315,0.0033294137031492344
2026-05-05T09:45:44.100Z,0,12.43178691220237,-8.331683897495168,49.10511560319719,51.334965284896676,0.056284499927894416,-0.019800188325147516,-7.282020941801193e-05,0.0011470966054005609
2026-05-05T09:46:45.100Z,0,8.266244139122136,-9.27463599055045,51.50334415202451,52.98060139113808,-0.08964942896128036,-0.03442804767384011,0.050503045596173024,0.0025702604841830834
2026-05-05T09:47:44.100Z,0,5.58323548102635,-9.718252404354644,52.78807827244236,53.96478625853008,-0.04979730983922792,0.010352640786193135,0.04815777963163015,0.00440128227289235
2026-05-05T09:48:44.100Z,0,3.490450490062358,-10.390116348162337,54.12379842323389,55.22248924225331,-0.017484316466642724,0.004221929245318279,0.09126980408424856,0.0008127008803132191
2026-05-05T09:49:44.100Z,0,-0.24211648178606993,-11.026492517657971,55.848763631729526,56.92737967643965,0.010378454817105975,0.012216295706135583,-0.004807329210265721,0.00029617019265060424
2026-05-05T09:50:44.100Z,1,2.1383601206252933,-10.454344190748088,57.10009931760851,58.08861539531533,-0.055407577038701916,0.020988874599225937,0.040072912868893695,0.00628239100924217
2026-05-05T09:51:44.100Z,1,-7.0533318366869935,-10.194704561627077,57.13819824319444,58.46755672658017,-0.07178069272240073,-0.0001937272673391277,0.009895181988461843,0.0008506972094163925
2026-05-05T09:52:46.100Z,1,-11.049451231883722,-12.247941649093264,57.49261474623779,59.812232841825,0.008938480842740626,-0.014698273778757098,0.05044467315240553,0.00681694673265534
2026-05-05T09:53:44.100Z,1,-14.887521207128884,-13.933413627000846,58.03285109766421,61.51089423441567,-0.013516182409689659,0.02800884064946274,0.03099696428510157,0.00035777610743104385
2026-05-05T09:54:45.100Z,1,-20.40658983423782,-15.136237579781664,55.55200254650572,61.08649264494886,0.06908807463834599,-0.06208635945159635,0.03211173494577224,0.0002034906791970287
2026-05-05T09:55:44.100Z,1,-18.114419042831287,-12.208282871370102,58.11782426781065,62.08748541816457,-0.09753995693140283,0.012172027730183999,-0.0162082102219685,0.004639201393464403
2026-05-05T09:56:44.100Z,1,-24.36051123368088,-12.69180514054824,55.80283822109777,62.19705120680521,-0.06723069256131531,0.010647409119046713,0.032828673970364264,0.002169511641898837
2026-05-05T09:57:44.100Z,1,-25.96058849758265,-12.902915189783926,54.89215464103836,62.07725845002537,0.049737772371383215,-0.04158525341346753,-0.0001089255627917396,0.006302435407166179
2026-05-05T09:58:44.100Z,1,-29.173540910051088,-13.71055125082421,54.9938563053729,63.744795365330845,0.015486875373227349,0.004919337356135145,-0.01120933019294057,0.0027536187903730654
2026-05-05T09:59:44.100Z,1,-27.950980753303156,-13.653386511691679,55.60588521620957,63.71567121978267,-0.0030911391877275207,0.016576611999052915,0.013994350218204943,0.004674335659559488
2026-05-05T10:00:44.100Z,0,-33.5344597178846,-12.242962606705987,52.61999597723843,63.5870592070762,-0.04517263463377219,-0.03303430263978946,-0.004023198092895086,0.003077697786964523
2026-05-05T10:01:44.100Z,0,-35.22970342964982,-12.794855817048756,51.78180947586952,63.92336139249404,-0.026008798148957624,-0.007130895118168112,-0.08520542672840747,0.0017229588604133026
2026-05-05T10:13:09.100Z,0,-61.76591103712781,-7.239349045789822,5.007396459404845,62.3899828510541,0.04700908611354748,-0.0038817141598812555,-0.07520927348636519,0.00607392184723441
2026-05-05T10:13:44.100Z,0,-60.29798991539792,-3.014465293176727,16.78652731970942,62.66356268435866,0.019501971669555473,-0.001763415356847986,-0.031074909641937154,0.0029125456963012544
2026-05-05T10:14:44.100Z,0,-60.05831915467752,-1.623841709943008,11.896743373654317,61.24680452466596,-0.0036906377776091404,0.021187185281323906,0.021164871284340414,0.0013327130277916664
2026-05-05T10:15:44.100Z,0,-60.34181053712473,0.45601249178162107,8.204769423173275,60.898770821572064,0.003937000704112847,0.038812723367809276,-0.08210730322888438,0.004409991751071963
2026-05-05T10:16:44.100Z,0,-61.06099667714204,-0.058866358699560806,5.348033934751584,61.29478156761302,-0.007521143853495005,0.047307635546278703,-0.024271379049978226,0.003397356545901041
2026-05-05T10:17:44.100Z,0,-59.94214573291856,0.46098525683646585,4.000673140581057,60.077272974488736,-0.013988905627648762,0.061271433668075304,0.0012736017663828036,0.0009042578981723996
2026-05-05T10:18:44.100Z,0,-58.60498271158576,2.2417046660621054,-1.9394636274228105,58.67990079743836,-0.019768764956573648,0.0013963581686482485,-0.025850237215019334,0.0012507965417282675
2026-05-05T10:19:45.100Z,0,-57.61905185067917,3.6817636680552823,-5.009326009712822,57.95346294183163,0.0013964213163575323,0.022397302157084464,-0.05773413313536757,0.004430238472918284
2026-05-05T10:20:44.100Z,0,-56.16930327778391,3.6896429573971545,-7.255699902998458,56.75605057566205,0.031093861622366603,0.03959626552063611,-0.057365974694079114,0.0018863414301988853
2026-05-05T10:21:45.100Z,0,-54.339440313015075,5.1621484142287954,-10.237310790216725,55.53580000322081,0.0005432601577481933,0.024083510763217575,-0.011459974671446105,5.533558516963974e-05
2026-05-05T10:22:44.100Z,0,-53.600524634020985,6.476335775460029,-11.630184650130104,55.2288001056959,0.032044712578560564,0.023166835085564746,-0.10365612502694077,0.00428937395706066
2026-05-05T10:23:44.100Z,0,-51.91307381392107,5.897376383927622,-16.809223308882792,54.88439003278813,0.012174902845885072,0.03328494137264104,0.07312067525377941,0.00188897691312063
2026-05-05T10:24:44.100Z,0,-48.8891588424849,7.804371243992136,-18.40732281198143,52.819386554032064,0.04181234126043876,0.0517379016083952,-0.024137387296008228,0.006843379794384036
2026-05-05T10:25:44.100Z,0,-47.00375350012109,10.092943767176621,-22.043017482246796,52.887758287813384,0.03409630428485855,0.026101288555013813,-0.07033336893957909,0.00166368608808878
2026-05-05T10:26:44.100Z,0,-43.54165129370813,7.93220519381066,-22.67212931838003,49.72746448843876,0.03452043471785515,0.020329578270694704,0.0684767693712729,0.0010043753628420056
2026-05-05T10:27:44.100Z,0,-41.04324661511782,10.609681406663185,-27.14440245381411,50.33817653466308,0.010237065303009274,0.0024913442129292918,0.04490605754536858,0.0005290615169401497
2026-05-05T10:28:44.100Z,0,-39.329739038294065,11.652177135147213,-27.769902167165128,49.535533419789495,0.06179210408774338,0.029911666014292848,-0.030742254272908554,0.000923098887775746
2026-05-05T10:29:44.100Z,0,-36.16911694643932,10.640978962328518,-30.32066370087705,48.38158845287745,0.023094621236730006,0.012795791858422056,-0.0720831203091521,0.003337004157902683
2026-05-05T10:30:44.100Z,0,-33.335105797050346,12.21485470796324,-31.49466085687891,47.45888343110288,0.018534068018105643,0.0023395906740830696,-0.0354164969893489,0.0011037978597991348
2026-05-05T10:31:44.100Z,0,-29.734081687820435,12.80938262800646,-33.762052723432134,46.77683295423562,-0.05915562008684816,-0.02772977813236821,-0.01648079251470591,0.0024626490097708533
2026-05-05T10:32:44.100Z,0,-25.87823725934868,11.943390975602597,-34.82253570700777,44.999297157989915,0.10956758535263234,0.0382834779051322,-0.047815291590147524,0.004416889528800639
2026-05-05T10:33:44.100Z,0,-24.40625540293695,11.898309140178753,-35.0664172838151,44.34961876173567,-0.014260586160830258,0.007711943685650979,-0.01166304746025304,0.0008269788167469738
2026-05-05T10:34:44.100Z,0,-19.24876626344485,13.556642030494004,-36.255863798032806,43.22944836045441,0.0043405698817444716,-0.02419645962348227,-0.023278705004514677,0.00030562069922324565
2026-05-05T10:35:44.100Z,0,-12.72608306408074,12.598097298280209,-34.74723110139166,39.09009228569738,0.02793146470736474,0.008040472224912776,0.027884353923646188,0.0062616057216281235
2026-05-05T10:36:45.100Z,0,-13.09237574969302,11.783830440151633,-36.05592014673675,40.128522776713965,0.030200235208166504,0.008981936735708018,0.005230737783357142,0.0008449637658367018
2026-05-05T10:37:44.100Z,0,-10.294071119460568,11.208993490072316,-37.1917472102723,40.18501581218792,-0.02860564337425764,0.010085072655874328,-0.04548492306533092,0.006576040085039923
2026-05-05T10:38:44.100Z,0,-6.519442826174782,11.01282350322208,-37.5673268912351,39.68739681598931,0.04283968095575297,0.005263943535949167,-0.022758490153762523,0.00036686139984230554
2026-05-05T10:39:45.100Z,0,-3.362164083227981,11.531876618420256,-37.31234919575854,39.19821077767759,0.08286247536470892,-0.003392846548599948,-0.03717859780749677,0.00020427139602595255
2026-05-05T10:40:44.100Z,0,-0.750825382056064,12.039157653237709,-36.52394654469049,38.46431758075606,0.059697743055857344,-0.0016050141347090374,-0.018016171082990695,0.0046549939609852094
2026-05-05T10:41:44.100Z,0,-0.33287312817265047,10.681948054184431,-35.075531803897775,36.66752991514425,0.08591337005625643,0.02508587310789956,0.0066529339450838165,0.0021414247360938914
2026-05-05T10:42:44.100Z,0,3.4049033347400837,8.952982004814203,-33.39699366608784,34.743466140127154,0.16454521499476016,-0.008418737059479042,0.047058797265187025,0.006296980540876245
2026-05-05T10:43:44.100Z,0,5.339863546396373,7.459052073755856,-34.06140075389885,35.275070827013735,0.1367017312234875,0.02070118372099472,-0.033925612893170864,0.002806126002005181
2026-05-05T10:44:45.100Z,0,11.616815941124514,6.928812245348581,-32.888406346728516,35.56130092908286,0.07674743874308554,-0.025192938299278822,0.061734979590610806,0.004812770083819993
2026-05-05T10:45:44.100Z,0,15.356043913925532,5.5730954626938,-30.520799384248676,34.61772194665995,-0.020828288507690473,-0.009390420238064578,-0.0003549937801494707,0.0030726209525842193
2026-05-05T10:46:44.100Z,0,17.758731399226235,5.7495355626429046,-30.84281660949273,36.05147759111629,0.1369960357893163,0.001348284328184235,0.05263896225304876,0.0016591907930256285
2026-05-05T10:47:45.100Z,0,18.150968496229325,5.081191492763537,-30.419649277519056,35.78590821125695,0.09298160497106522,0.02363263252513903,0.04648708995702577,0.003714957654348923
2026-05-05T10:48:44.100Z,0,19.48131018980348,3.7099795233643817,-30.204826061890344,36.133321355836834,-0.0544699059612519,-0.023808047959761325,0.0019037717775560736,0.0008774018225434672
2026-05-05T10:49:44.100Z,0,19.931612906475493,2.6741715876141825,-29.66784981163073,35.84134064427642,0.05064455706715876,-0.021112099495956826,-0.018564723836433927,0.0008463795855575637
2026-05-05T10:50:45.100Z,1,24.176456433451676,2.7584648477159135,-25.644201530667488,35.35159467605613,-0.018646923028775575,0.02608702972861643,0.0824233054457224,0.0034428738968503314
2026-05-05T10:51:44.100Z,1,26.819776731827005,2.9077948046278834,-23.687464698923577,35.90058047488398,0.015879431877863226,-0.02682338419135455,0.01276795730031921,0.004145885266058087
2026-05-05T10:52:44.100Z,1,29.47482041963667,1.8493694610697275,-21.58765321746614,36.58157975827376,0.005044558096578555,-0.02913521880765213,-0.042495578616019714,0.0009747708839839413
2026-05-05T10:53:44.100Z,1,31.89510183801758,0.6866686640023545,-19.580045563998283,37.43190109251578,0.016580890918049818,-0.02924038364460202,0.01244955973955797,0.0036735259536274643
2026-05-05T10:54:45.100Z,1,33.929043682292104,-0.3945758562622359,-17.487577616520866,38.17264814228995,-0.0006015677946891174,-0.010187191676780394,-0.0013274795769291359,0.004840992002327876
2026-05-05T10:55:44.100Z,1,35.981285255729745,-1.704312554011267,-16.147488929163956,39.47529567531353,-0.02010844819277935,-0.032419059343313794,0.005614858313407467,0.004211535345488562
2026-05-05T10:56:44.100Z,1,38.33079005653417,-3.5151735778526927,-13.671438690835203,40.84744970641127,-0.033132176081807074,0.004780901476097998,-0.040568881584768235,0.0022890095273263456
2026-05-05T10:57:44.100Z,1,39.16449212420048,-5.021832335842191,-11.698816701937176,41.18177455600227,0.05198992624411147,-0.037250056678594934,0.0615770929166537,0.0036257122730789797
2026-05-05T10:58:44.100Z,1,40.43881484767553,-5.983696357588997,-8.998674578833743,41.85783693121463,0.013457847782838428,-0.0036940935592422175,0.061156978107046456,0.002873647715725733
2026-05-05T10:59:44.100Z,1,41.805411681252735,-5.736367427971345,-6.085767142394616,42.63372982532918,-0.008317579043293222,-0.044550941216151,0.12564815652371664,0.0013661192093536317
2026-05-05T11:00:44.100Z,0,43.77234058506474,-6.6627079811496515,-3.1874341302682296,44.39109386207756,0.05512894168280269,-0.012170652942150584,0.08258786240222804,0.004477224213446098
2026-05-05T11:01:44.100Z,0,45.765980215037416,-7.75192773312483,0.7571752375952201,46.42403087801848,0.03407710969760558,0.005922135086655622,0.02174442226499096,0.0034206302847997467
2026-05-05T11:02:45.100Z,0,46.9977703553468,-9.650138419374343,4.92096825473709,48.22998567749248,0.032814754886700825,-0.013353597339005319,0.047570704558852484,0.0007745184886323632
2026-05-05T11:03:45.100Z,0,47.92192359525416,-12.187248766053926,9.322945822532347,50.31855634221766,-0.04569426948641819,0.017027968010396854,0.06680204725384442,0.001545503806377275
2026-05-05T11:04:44.100Z,0,47.50010217216616,-12.327846236189544,10.888446174249111,50.26722350875247,0.009706007297438646,0.006956553794901232,0.14241429594825938,0.004293877703629291
2026-05-05T11:05:45.100Z,0,47.49295940354159,-12.639043245940229,12.761271448653133,50.77574870019551,0.004536923363218648,-0.020950820621479238,0.10099173237138048,0.0016854557228850296
2026-05-05T11:06:44.100Z,0,48.45660623573167,-13.232218275675223,17.91638673239504,53.33039660385626,-0.021059536111422972,-0.008988800002995845,0.09759188116942319,9.397919896526943e-05
2026-05-05T11:07:44.100Z,0,49.29811759302538,-14.343944128881958,21.982030642902828,55.85036080970082,0.007785614820399189,-0.011070872337981541,0.05832686800033571,0.004277148690771718
2026-05-05T11:08:44.100Z,0,49.046592839886216,-16.34482554572969,26.892422674791305,58.274556957917284,0.02917430790905229,-0.015751727157509166,0.04465805559594749,0.0019441763249440785
2026-05-05T11:09:44.100Z,0,47.33081582799059,-17.944168314215858,31.043289174704114,59.37916390634323,0.03985320810517834,-0.016096920348429578,0.046730817338414,0.006796564937156292
2026-05-05T11:10:44.100Z,0,47.23137726477944,-17.36971911964247,32.59928354236763,59.96018202189582,0.02987452231284493,-0.029740081779916494,0.07583423325208116,0.0016153923746086089
2026-05-05T11:11:44.100Z,0,46.24819048649442,-17.435232775426357,35.93477090998931,61.10802095929624,-0.01793711698461209,0.0050238605622254795,0.07169880316881816,0.0010717532052799204
2026-05-05T11:12:46.100Z,0,44.54830133181531,-18.370032850612006,41.642733564913215,63.68772658245175,-0.031363182518617805,-0.012228343943210263,0.07869554672712553,0.0009453975624834825
2026-05-05T11:13:44.100Z,0,42.64091498180278,-20.102326286746575,46.0811519442359,65.92286187000614,-0.044088405018349874,0.014429559067163922,0.07737285489817225,0.0008449907371839934
2026-05-05T11:14:44.100Z,0,42.19484703116905,-20.354956440428396,49.59495651200996,68.22308318379969,-0.03766597013932227,0.007954623182593323,0.03857117160244172,0.003251180494345917
2026-05-05T11:15:44.100Z,0,39.07307240024238,-21.026222161538044,53.09827366454556,69.19706403696554,-0.02255375578386065,-0.0229380526373113,0.04246977936883667,0.0011058322011591253
2026-05-05T11:16:44.100Z,0,35.53323418418586,-20.39682979528834,56.41813423608255,69.7255137519028,-0.014834861135959443,-0.012854753372204542,0.053590836694539234,0.0023803981429206325
2026-05-05T11:17:44.100Z,0,33.68256440899131,-20.43287188053,60.72649343423109,72.38594064643847,-0.031213649316796932,-0.0055486279857408505,0.014658116224808282,0.004489994922417943
2026-05-05T11:18:44.100Z,0,31.2332817902643,-20.162530270226853,63.51131280280242,73.59165966482401,0.03860464730642832,-0.0013265428402409185,-0.030036688793977362,0.0008305961902463575
2026-05-05T11:19:44.100Z,0,25.44150186895422,-22.233909139856678,69.27810815886914,77.07835625556227,0.056015009382015535,-0.04218746768325232,-0.03535447757663235,0.0003693602067961154
2026-05-05T11:20:44.100Z,0,22.577235021344677,-21.80589655631593,70.5441597619938,77.21209194394028,-0.020018909153041164,-0.022674209817052926,-0.008795981369047468,0.006184017036052072
2026-05-05T11:21:44.100Z,0,20.00540289645869,-20.954343831704136,72.96333474869243,78.50445139045723,-0.035530416908624574,-0.015586860774075006,0.05745653996402922,0.0008471447809412315
2026-05-05T11:22:44.100Z,0,16.356526421986928,-19.59032047841447,75.42496224323259,79.62563370192542,-0.03717763287713893,-0.006438851622769803,0.044552803223574244,0.006637800740910622
2026-05-05T11:23:44.100Z,0,11.600550680668675,-18.72576785910951,78.36861118084926,81.40556723236533,-0.10977275491486083,0.02421794905727026,0.08961984161981462,0.00042546908418179884
2026-05-05T11:24:44.100Z,0,6.647130138844659,-18.76972977481728,80.45236785915222,82.87985635271546,-0.020432727820818286,0.01038471401715313,0.04766809624445756,0.00012145530240603733
2026-05-05T11:25:44.100Z,0,1.3225896000221837,-17.35159392796959,81.62993503015059,83.46420399259699,-0.0015011250702468004,0.04904604688293901,0.03916750659538337,0.004573258289106722
2026-05-05T11:26:45.100Z,0,-3.883032622070459,-16.113095467972016,82.72133293326078,84.36544737129898,-0.10463154995377089,0.019627625681195582,0.028207653138601074,0.001984395178177739
2026-05-05T11:27:45.100Z,0,-8.715261422366893,-14.323012141403524,83.72444390249711,85.38669079689981,-0.008004218747970082,0.014887888907688662,0.03375716472220347,0.006337536048477023
2026-05-05T11:28:44.100Z,0,-14.21716077675228,-12.24878223183623,84.80143710551147,86.85300260713494,0.029685030672660373,0.018057971825191643,0.007067398803073388,0.002727035789721109
2026-05-05T11:29:44.100Z,0,-18.368080248365004,-12.112931964566087,85.73964426472003,88.51777274327073,-0.10306335857979132,0.017382780497010586,0.020297185557183184,0.004657582045227254
2026-05-05T11:30:44.100Z,0,-22.607227401749697,-10.61163421013589,84.73417160575991,88.33783645255592,-0.06856687803047379,0.022671690122377797,0.006930729895771037,0.0030441423768356956
2026-05-05T11:31:44.100Z,0,-27.360421141565894,-8.598099735763753,83.63773030669108,88.41826674938149,-0.0425238145458362,0.020895085085070875,-0.004827276777419343,0.0017260357110610567
2026-05-05T11:32:44.100Z,0,-34.320703791308915,-6.286942423457731,82.12545721721654,89.23019150995644,-0.03479462197386596,0.020479379956528376,-0.005725325851635432,0.0038239672612923074
2026-05-05T11:33:44.100Z,0,-39.45142121938261,-3.3478552111319004,83.21327209409901,92.15243579716389,-0.10458739303276232,0.01683953647613201,-0.007553103621660284,0.0009029819699770133
2026-05-05T11:34:44.100Z,0,-43.13645294223534,-3.4303827235362405,82.15666252954179,92.8560084004295,-0.326750237779283,-0.029540327095234353,-0.05589161082841798,0.0008821283608377653
2026-05-05T11:35:44.100Z,0,-45.42683561521699,-2.458276201878107,79.37073961511487,91.48417799241042,-0.0997238523798849,0.040306682219659606,-0.003088741600265621,0.003537001998959941
2026-05-05T11:36:44.100Z,0,-49.894406619387155,-0.08487545187563228,77.19751231798,91.91797932846299,-0.0847406602142442,0.056613599097032896,-0.009156352097861031,0.004145771686612406
2026-05-05T11:37:44.100Z,0,-54.04162054855988,2.343051893831216,73.9151602124366,91.59387290054879,-0.06728786073928461,0.04526627740852884,-0.026675122166253118,0.000972471500643003
2026-05-05T11:38:44.100Z,0,-59.22831793759542,5.456688875938198,70.72134326563173,92.40821117466234,-0.1254384478954762,0.06268125449304662,-0.05315768263081111,0.003675652679435281
2026-05-05T11:39:45.100Z,0,-62.27109036899492,6.442462121185599,68.08008441385027,92.48833390067864,-0.04828096037812202,0.027973305132017456,-0.031780007218706885,0.004871874958817209
2026-05-05T11:40:44.100Z,0,-64.1644457291477,8.347824992370079,66.17801340416918,92.55426373730373,-0.014954920693810436,0.04211715341545519,-0.05881254011264048,0.0041949108167413296
2026-05-05T11:41:44.100Z,0,-68.55573273332993,11.060102238388936,60.69786732496141,92.23039330896296,-0.05068693166698779,7.68194628464336e-05,-0.009599495685463921,0.0022841025697415136
2026-05-05T11:42:45.100Z,0,-72.05952055392117,13.42431428929558,57.638461019450915,93.246870753337,-0.03524322528036805,-0.05084444862057946,0.013488810491679715,0.0038160404930704813
2026-05-05T11:43:44.100Z,0,-73.00884660480733,14.897380408001482,55.616874716179154,92.98096783095001,-0.0006864773354209319,0.01121322933361757,-0.03558275122639287,0.002922566547448601
2026-05-05T11:44:45.100Z,0,-77.07946258233278,16.116951521553347,49.834467863547616,93.19052454821949,-0.049335331217648104,0.008470557482209706,-0.07569989288880308,0.0014619719959292753
2026-05-05T11:45:44.100Z,0,-78.86584862717427,18.245822166363723,44.12786758894072,92.19544893408796,-0.00225750382742973,0.05387518605237673,-0.08901697096375116,0.004405466240322705
2026-05-05T11:46:44.100Z,0,-79.62300786857668,20.210706779835164,40.98021156823961,91.80236266435399,-0.0014758122413027763,0.03804536987539464,-0.08612200119006985,0.003380754910157705
2026-05-05T11:47:44.100Z,0,-82.39182816805624,22.91298669229036,34.57926780174603,92.24502192389814,-0.045377422371650766,0.022221129810651163,-0.18169483838237355,0.0008893725587720589
2026-05-05T11:48:44.100Z,0,-83.55604356938784,24.73591583043344,29.655288667527202,92.04843341901096,0.028921976228168944,0.010988446719872869,-0.0005918998358112049,0.00125293621470451
2026-05-05T11:49:44.100Z,0,-82.15804075143751,24.708996992785615,23.99947292269644,89.08677170641887,-0.018530715218290084,0.04248512243187896,-0.06558100953690804,0.004343081701723553
2026-05-05T11:50:44.100Z,1,-83.10596932199132,27.99867344492668,15.329532759096764,89.02540326353837,-0.006065493599827221,0.04808145359103122,-0.12099153628808423,0.0019089333454219502
2026-05-05T11:51:44.100Z,1,-83.61278305471842,30.090631750454122,10.179566699662246,89.44365370158867,-0.01047292855282933,0.0493044327924963,-0.07405205628319145,0.00014914346957104645
2026-05-05T11:52:45.100Z,1,-82.92932343432824,30.611154718712896,7.610578379171784,88.72562415533586,0.03303887559358287,0.015169477753929073,0.02663165245339605,0.004174151307010876
2026-05-05T11:53:44.100Z,1,-83.14410233163017,30.136607081431066,3.636166512478667,88.5120248656623,0.030574758968171523,0.0382560477190097,-0.15314164238722228,0.0018965449045602724
2026-05-05T11:54:44.100Z,1,-80.84028521716391,32.0774693700514,-2.226549901024555,87.00042114634128,0.05707805621746331,0.02305110269773536,0.04226795186301757,0.006838671379671586
2026-05-05T11:55:44.100Z,1,-79.57755783172615,33.995459418065366,-9.528019528261211,87.05780911347343,0.04389025103890276,-0.007708510647130851,0.04301930990679992,0.0016588211378649172
2026-05-05T11:56:44.100Z,1,-76.09438879740082,33.80820276356644,-7.850631436667754,83.63601493678915,0.03855104104388829,-0.05517786815101289,-0.14534839304980451,0.0010167324823708971
2026-05-05T11:57:44.100Z,1,-73.94735621528525,33.386006993282535,-16.56368275052955,82.8081671119823,0.026610687966943658,-0.004487503681094296,-0.05638564279042413,0.0009559094602919883
2026-05-05T11:58:44.100Z,1,-71.84792130374262,34.48748707910454,-22.242897211071977,82.74211163030895,0.037189213142774236,-0.008204724303517708,-0.02733222799067292,0.00021243892575354353
2026-05-05T11:59:44.100Z,1,-71.09220585698495,33.29147776506147,-27.05874164985289,83.03372643129411,0.03910247724547844,0.014743970871311518,-0.09449675098371912,0.007395939741555155
